[13:58:24] [main/INFO] (FabricLoader/GameProvider) Loading Minecraft 1.20.1 with Fabric Loader 0.16.11
[13:58:25] [main/INFO] (FabricLoader) Loading 94 mods:
	- create 0.5.1-f-build.1417+mc1.20.1
	- dripstone_fluid_lib 3.0.2
	- emi 1.1.21+1.20.1+fabric
	- fabric-api 0.92.5+1.20.1
	- fabric-api-base 0.4.32+1802ada577
	- fabric-api-lookup-api-v1 1.6.37+1802ada577
	- fabric-biome-api-v1 13.0.14+1802ada577
	- fabric-block-api-v1 1.0.12+1802ada577
	- fabric-block-view-api-v2 1.0.3+924f046a77
	- fabric-blockrenderlayer-v1 1.1.42+1802ada577
	- fabric-client-tags-api-v1 1.1.3+1802ada577
	- fabric-command-api-v1 1.2.35+f71b366f77
	- fabric-command-api-v2 2.2.14+1802ada577
	- fabric-commands-v0 0.2.52+df3654b377
	- fabric-containers-v0 0.1.66+df3654b377
	- fabric-content-registries-v0 4.0.13+1802ada577
	- fabric-convention-tags-v1 1.5.6+1802ada577
	- fabric-crash-report-info-v1 0.2.20+1802ada577
	- fabric-data-attachment-api-v1 1.0.2+de0fd6d177
	- fabric-data-generation-api-v1 12.3.6+1802ada577
	- fabric-dimensions-v1 2.1.55+1802ada577
	- fabric-entity-events-v1 1.6.1+1c78457f77
	- fabric-events-interaction-v0 0.6.4+13a40c6677
	- fabric-events-lifecycle-v0 0.2.64+df3654b377
	- fabric-game-rule-api-v1 1.0.41+1802ada577
	- fabric-gametest-api-v1 1.2.15+1802ada577
	- fabric-item-api-v1 2.1.29+1802ada577
	- fabric-item-group-api-v1 4.0.14+1802ada577
	- fabric-key-binding-api-v1 1.0.38+1802ada577
	- fabric-keybindings-v0 0.2.36+df3654b377
	- fabric-lifecycle-events-v1 2.2.23+1802ada577
	- fabric-loot-api-v2 1.2.3+1802ada577
	- fabric-loot-tables-v1 1.1.47+9e7660c677
	- fabric-message-api-v1 5.1.10+1802ada577
	- fabric-mining-level-api-v1 2.1.52+1802ada577
	- fabric-model-loading-api-v1 1.0.4+1802ada577
	- fabric-models-v0 0.4.3+9386d8a777
	- fabric-networking-api-v1 1.3.13+13a40c6677
	- fabric-networking-v0 0.3.53+df3654b377
	- fabric-object-builder-api-v1 11.1.5+e35120df77
	- fabric-particles-v1 1.1.3+1802ada577
	- fabric-recipe-api-v1 1.0.23+1802ada577
	- fabric-registry-sync-v0 2.3.5+1802ada577
	- fabric-renderer-api-v1 3.2.2+1802ada577
	- fabric-renderer-indigo 1.5.3+85287f9f77
	- fabric-renderer-registries-v1 3.2.47+df3654b377
	- fabric-rendering-data-attachment-v1 0.3.39+92a0d36777
	- fabric-rendering-fluids-v1 3.0.29+1802ada577
	- fabric-rendering-v0 1.1.50+df3654b377
	- fabric-rendering-v1 3.0.9+1802ada577
	- fabric-resource-conditions-api-v1 2.3.9+1802ada577
	- fabric-resource-loader-v0 0.11.12+fb82e9d777
	- fabric-screen-api-v1 2.0.9+1802ada577
	- fabric-screen-handler-api-v1 1.3.32+1802ada577
	- fabric-sound-api-v1 1.0.14+1802ada577
	- fabric-transfer-api-v1 3.3.6+8dd72ea377
	- fabric-transitive-access-wideners-v1 4.3.2+1802ada577
	- fabricloader 0.16.11
	- flywheel 0.6.10-2
	- forgeconfigapiport 8.0.0
	- java 21
	- lazydfu 0.1.3
	- milk 1.2.60
	- minecraft 1.20.1
	- mixinextras 0.4.1
	- modmenu 7.2.2
	- plre 0.0.6
	- porting_lib_accessors 2.3.2+1.20.1
	- porting_lib_attributes 2.3.2+1.20.1
	- porting_lib_base 2.3.2+1.20.1
	- porting_lib_brewing 2.3.2+1.20.1
	- porting_lib_client_events 2.3.2+1.20.1
	- porting_lib_common 2.3.2+1.20.1
	- porting_lib_config 2.3.2+1.20.1
	- porting_lib_core 2.3.2+1.20.1
	- porting_lib_data 2.1.1090+1.20
	- porting_lib_entity 2.3.2+1.20.1
	- porting_lib_extensions 2.3.2+1.20.1
	- porting_lib_fluids 2.3.2+1.20.1
	- porting_lib_lazy_registration 2.3.2+1.20.1
	- porting_lib_mixin_extensions 2.3.2+1.20.1
	- porting_lib_model_generators 2.1.1090+1.20
	- porting_lib_model_loader 2.3.2+1.20.1
	- porting_lib_model_materials 2.1.1090+1.20
	- porting_lib_models 2.3.2+1.20.1
	- porting_lib_networking 2.3.2+1.20.1
	- porting_lib_obj_loader 2.3.2+1.20.1
	- porting_lib_tags 3.0
	- porting_lib_tool_actions 2.3.2+1.20.1
	- porting_lib_transfer 2.3.2+1.20.1
	- porting_lib_utility 2.3.2+1.20.1
	- reach-entity-attributes 2.4.0
	- registrate-fabric 1.3.62-MC1.20.1
	- smorestuff 0.0.2+1.20.1
[13:58:25] [main/INFO] (FabricLoader/Mixin) SpongePowered MIXIN Subsystem Version=0.8.7 Source=file:/home/PlayerXess/.gradle/caches/modules-2/files-2.1/net.fabricmc/sponge-mixin/0.15.4+mixin.0.8.7/6a12aacc794f1078458433116e9ed42c1cc98096/sponge-mixin-0.15.4+mixin.0.8.7.jar Service=Knot/Fabric Env=CLIENT
[13:58:25] [main/INFO] (FabricLoader/Mixin) Loaded Fabric development mappings for mixin remapper!
[13:58:25] [main/INFO] (FabricLoader/Mixin) Compatibility level set to JAVA_17
[13:58:25] [main/WARN] (FabricLoader/Mixin) Error loading class: io/vram/frex/base/renderer/context/render/EntityBlockRenderContext (java.lang.ClassNotFoundException: io/vram/frex/base/renderer/context/render/EntityBlockRenderContext)
[13:58:25] [main/WARN] (FabricLoader/Mixin) @Mixin target io.vram.frex.base.renderer.context.render.EntityBlockRenderContext was not found porting_lib_base.mixins.json:client.frex.EntityBlockRenderContextMixin from mod porting_lib_base
[13:58:25] [main/WARN] (FabricLoader/Mixin) Error loading class: mezz/jei/library/load/PluginCaller (java.lang.ClassNotFoundException: mezz/jei/library/load/PluginCaller)
[13:58:26] [main/INFO] (FabricLoader/MixinExtras|Service) Initializing MixinExtras via com.llamalad7.mixinextras.service.MixinExtrasServiceImpl(version=0.4.1).
[13:58:27] [main/WARN] (FabricLoader/Mixin) @Inject(@At("INVOKE")) Shift.BY=2 on porting_lib_entity.mixins.json:common.LivingEntityMixin from mod porting_lib_entity::handler$bhl000$porting_lib_entity$port_lib$onFinishUsing exceeds the maximum allowed value: 0. Increase the value of maxShiftBy to suppress this warning.
[13:58:32] [Render thread/INFO] (Minecraft) Environment: authHost='https://authserver.mojang.com', accountsHost='https://api.mojang.com', sessionHost='https://sessionserver.mojang.com', servicesHost='https://api.minecraftservices.com', name='PROD'
[13:58:33] [Render thread/ERROR] (Minecraft) Failed to verify authentication
com.mojang.authlib.exceptions.InvalidCredentialsException: Status: 401
	at com.mojang.authlib.exceptions.MinecraftClientHttpException.toAuthenticationException(MinecraftClientHttpException.java:56) ~[authlib-4.0.43.jar:?]
	at com.mojang.authlib.yggdrasil.YggdrasilUserApiService.fetchProperties(YggdrasilUserApiService.java:156) ~[authlib-4.0.43.jar:?]
	at com.mojang.authlib.yggdrasil.YggdrasilUserApiService.<init>(YggdrasilUserApiService.java:55) ~[authlib-4.0.43.jar:?]
	at com.mojang.authlib.yggdrasil.YggdrasilAuthenticationService.createUserApiService(YggdrasilAuthenticationService.java:124) ~[authlib-4.0.43.jar:?]
	at net.minecraft.client.MinecraftClient.createUserApiService(MinecraftClient.java:733) ~[minecraft-merged-61dab2ec5c-1.20.1-loom.mappings.1_20_1.layered+hash.221144983-v2.jar:?]
	at net.minecraft.client.MinecraftClient.<init>(MinecraftClient.java:442) ~[minecraft-merged-61dab2ec5c-1.20.1-loom.mappings.1_20_1.layered+hash.221144983-v2.jar:?]
	at net.minecraft.client.main.Main.main(Main.java:211) ~[minecraft-merged-61dab2ec5c-1.20.1-loom.mappings.1_20_1.layered+hash.221144983-v2.jar:?]
	at net.fabricmc.loader.impl.game.minecraft.MinecraftGameProvider.launch(MinecraftGameProvider.java:480) ~[fabric-loader-0.16.11.jar:?]
	at net.fabricmc.loader.impl.launch.knot.Knot.launch(Knot.java:74) ~[fabric-loader-0.16.11.jar:?]
	at net.fabricmc.loader.impl.launch.knot.KnotClient.main(KnotClient.java:23) ~[fabric-loader-0.16.11.jar:?]
	at net.fabricmc.devlaunchinjector.Main.main(Main.java:86) ~[dev-launch-injector-0.2.1+build.8.jar:?]
Caused by: com.mojang.authlib.exceptions.MinecraftClientHttpException: Status: 401
	at com.mojang.authlib.minecraft.client.MinecraftClient.readInputStream(MinecraftClient.java:85) ~[authlib-4.0.43.jar:?]
	at com.mojang.authlib.minecraft.client.MinecraftClient.get(MinecraftClient.java:48) ~[authlib-4.0.43.jar:?]
	at com.mojang.authlib.yggdrasil.YggdrasilUserApiService.fetchProperties(YggdrasilUserApiService.java:129) ~[authlib-4.0.43.jar:?]
	... 9 more
[13:58:33] [Render thread/INFO] (Minecraft) Setting user: Player906
[13:58:33] [Render thread/INFO] (plre) Hello From PlayerXess' Layered Rendering Engine!
[13:58:33] [Render thread/INFO] (plre) Initializing PLRE
[13:58:33] [Render thread/INFO] (plre) Creating Directory For Texture Storage
[13:58:35] [Render thread/INFO] (Smorestuff) Hello From Smorestuff! Thank You For Downloading And Enjoy!
[13:58:35] [Render thread/INFO] (Smorestuff) Registering Item Groups For Mod Create: Smorestuff
[13:58:35] [Render thread/INFO] (Smorestuff) Registering Items For Mod Create: Smorestuff
[13:58:35] [Render thread/INFO] (Smorestuff) Initializing Item Rendering For Create: Smorestuff Using PLRE
[13:58:35] [Render thread/INFO] (Minecraft) [STDERR]: javax.imageio.IIOException: Can't read input file!
[13:58:35] [Render thread/INFO] (Minecraft) [STDERR]: 	at java.desktop/javax.imageio.ImageIO.read(ImageIO.java:1308)
[13:58:35] [Render thread/INFO] (Minecraft) [STDERR]: 	at knot//net.playerxess.plre.rendering.TextureGenerator.generateCombinedTexture(TextureGenerator.java:36)
[13:58:35] [Render thread/INFO] (Minecraft) [STDERR]: 	at knot//net.playerxess.smorestuff.item.SmorestuffItemRenderer.registerItemRenderers(SmorestuffItemRenderer.java:23)
[13:58:35] [Render thread/INFO] (Minecraft) [STDERR]: 	at knot//net.playerxess.smorestuff.Smorestuff.onInitialize(Smorestuff.java:28)
[13:58:35] [Render thread/INFO] (Minecraft) [STDERR]: 	at net.fabricmc.loader.impl.FabricLoaderImpl.invokeEntrypoints(FabricLoaderImpl.java:399)
[13:58:35] [Render thread/INFO] (Minecraft) [STDERR]: 	at net.fabricmc.loader.impl.game.minecraft.Hooks.startClient(Hooks.java:52)
[13:58:35] [Render thread/INFO] (Minecraft) [STDERR]: 	at knot//net.minecraft.client.MinecraftClient.<init>(MinecraftClient.java:458)
[13:58:35] [Render thread/INFO] (Minecraft) [STDERR]: 	at knot//net.minecraft.client.main.Main.main(Main.java:211)
[13:58:35] [Render thread/INFO] (Minecraft) [STDERR]: 	at net.fabricmc.loader.impl.game.minecraft.MinecraftGameProvider.launch(MinecraftGameProvider.java:480)
[13:58:35] [Render thread/INFO] (Minecraft) [STDERR]: 	at net.fabricmc.loader.impl.launch.knot.Knot.launch(Knot.java:74)
[13:58:35] [Render thread/INFO] (Minecraft) [STDERR]: 	at net.fabricmc.loader.impl.launch.knot.KnotClient.main(KnotClient.java:23)
[13:58:35] [Render thread/INFO] (Minecraft) [STDERR]: 	at net.fabricmc.devlaunchinjector.Main.main(Main.java:86)
[13:58:35] [Render thread/INFO] (Smorestuff) Registering Blocks For Mod Create: Smorestuff
[13:58:35] [Render thread/INFO] (Backend) No shaders mod detected.
[13:58:36] [Render thread/INFO] (Indigo) [Indigo] Registering Indigo renderer!
[13:58:36] [Render thread/INFO] (Smorestuff) Grabbing Still Texture from: smorestuff:block/marshmallow_still
[13:58:36] [Render thread/INFO] (Smorestuff) Grabbing Flowing Texture from: smorestuff:block/marshmallow_flow
[13:58:36] [Worker-Main-1/INFO] (Mod Menu/Update Checker) Checking mod updates...
[13:58:36] [Render thread/INFO] (Minecraft) Backend library: LWJGL version 3.3.2-snapshot
[13:58:36] [Render thread/INFO] (Minecraft) [STDERR]: [LWJGL] [ThreadLocalUtil] Unsupported JNI version detected, this may result in a crash. Please inform LWJGL developers.
[13:58:37] [Render thread/ERROR] (Minecraft) Error while loading the narrator
com.mojang.text2speech.Narrator$InitializeException: Failed to load library flite
	at com.mojang.text2speech.NarratorLinux$FliteLibrary.loadNative(NarratorLinux.java:69) ~[text2speech-1.17.9.jar:?]
	at com.mojang.text2speech.NarratorLinux.<init>(NarratorLinux.java:18) ~[text2speech-1.17.9.jar:?]
	at com.mojang.text2speech.Narrator.getNarrator(Narrator.java:41) ~[text2speech-1.17.9.jar:?]
	at net.minecraft.client.util.NarratorManager.<init>(NarratorManager.java:19) ~[minecraft-merged-61dab2ec5c-1.20.1-loom.mappings.1_20_1.layered+hash.221144983-v2.jar:?]
	at net.minecraft.client.MinecraftClient.<init>(MinecraftClient.java:640) ~[minecraft-merged-61dab2ec5c-1.20.1-loom.mappings.1_20_1.layered+hash.221144983-v2.jar:?]
	at net.minecraft.client.main.Main.main(Main.java:211) ~[minecraft-merged-61dab2ec5c-1.20.1-loom.mappings.1_20_1.layered+hash.221144983-v2.jar:?]
	at net.fabricmc.loader.impl.game.minecraft.MinecraftGameProvider.launch(MinecraftGameProvider.java:480) ~[fabric-loader-0.16.11.jar:?]
	at net.fabricmc.loader.impl.launch.knot.Knot.launch(Knot.java:74) ~[fabric-loader-0.16.11.jar:?]
	at net.fabricmc.loader.impl.launch.knot.KnotClient.main(KnotClient.java:23) ~[fabric-loader-0.16.11.jar:?]
	at net.fabricmc.devlaunchinjector.Main.main(Main.java:86) ~[dev-launch-injector-0.2.1+build.8.jar:?]
Caused by: java.lang.UnsatisfiedLinkError: Unable to load library 'flite':
libflite.so: cannot open shared object file: No such file or directory
libflite.so: cannot open shared object file: No such file or directory
Native library (linux-x86-64/libflite.so) not found in resource path (/home/PlayerXess/Projects/Create-Smorestuff/build/classes/java/main:/home/PlayerXess/Projects/Create-Smorestuff/build/resources/main:/home/PlayerXess/.gradle/caches/fabric-loom/1.20.1/loom.mappings.1_20_1.layered+hash.221144983-v2/mappings.jar:/home/PlayerXess/.gradle/caches/modules-2/files-2.1/org.ow2.asm/asm/9.7.1/f0ed132a49244b042cd0e15702ab9f2ce3cc8436/asm-9.7.1.jar:/home/PlayerXess/.gradle/caches/modules-2/files-2.1/org.ow2.asm/asm-analysis/9.7.1/f97a3b319f0ed6a8cd944dc79060d3912a28985f/asm-analysis-9.7.1.jar:/home/PlayerXess/.gradle/caches/modules-2/files-2.1/org.ow2.asm/asm-commons/9.7.1/406c6a2225cfe1819f102a161e54cc16a5c24f75/asm-commons-9.7.1.jar:/home/PlayerXess/.gradle/caches/modules-2/files-2.1/org.ow2.asm/asm-tree/9.7.1/3a53139787663b139de76b627fca0084ab60d32c/asm-tree-9.7.1.jar:/home/PlayerXess/.gradle/caches/modules-2/files-2.1/org.ow2.asm/asm-util/9.7.1/9e23359b598ec6b74b23e53110dd5c577adf2243/asm-util-9.7.1.jar:/home/PlayerXess/.gradle/caches/modules-2/files-2.1/net.fabricmc/sponge-mixin/0.15.4+mixin.0.8.7/6a12aacc794f1078458433116e9ed42c1cc98096/sponge-mixin-0.15.4+mixin.0.8.7.jar:/home/PlayerXess/.gradle/caches/modules-2/files-2.1/io.github.llamalad7/mixinextras-fabric/0.4.1/8d1a9e96afb990367fa1f904d17580d164da72e3/mixinextras-fabric-0.4.1.jar:/home/PlayerXess/.gradle/caches/modules-2/files-2.1/net.fabricmc/dev-launch-injector/0.2.1+build.8/da8bef7e6e2f952da707f282bdb46882a0fce5e3/dev-launch-injector-0.2.1+build.8.jar:/home/PlayerXess/.gradle/caches/modules-2/files-2.1/net.minecrell/terminalconsoleappender/1.3.0/b562e9bb61235c9520e26282cdee71f8f802d1fc/terminalconsoleappender-1.3.0.jar:/home/PlayerXess/.gradle/caches/modules-2/files-2.1/com.github.oshi/oshi-core/6.2.2/54f5efc19bca95d709d9a37d19ffcbba3d21c1a6/oshi-core-6.2.2.jar:/home/PlayerXess/.gradle/caches/modules-2/files-2.1/com.google.code.gson/gson/2.10/dd9b193aef96e973d5a11ab13cd17430c2e4306b/gson-2.10.jar:/home/PlayerXess/.gradle/caches/modules-2/files-2.1/com.google.guava/failureaccess/1.0.1/1dcf1de382a0bf95a3d8b0849546c88bac1292c9/failureaccess-1.0.1.jar:/home/PlayerXess/.gradle/caches/modules-2/files-2.1/com.google.guava/guava/31.1-jre/60458f877d055d0c9114d9e1a2efb737b4bc282c/guava-31.1-jre.jar:/home/PlayerXess/.gradle/caches/modules-2/files-2.1/com.ibm.icu/icu4j/71.1/9e7d3304c23f9ba5cb71915f7cce23231a57a445/icu4j-71.1.jar:/home/PlayerXess/.gradle/caches/modules-2/files-2.1/com.mojang/authlib/4.0.43/2ff9d747a77570a07a60d32ac77eb6162ad2a2d9/authlib-4.0.43.jar:/home/PlayerXess/.gradle/caches/modules-2/files-2.1/com.mojang/blocklist/1.0.10/5c685c5ffa94c4cd39496c7184c1d122e515ecef/blocklist-1.0.10.jar:/home/PlayerXess/.gradle/caches/modules-2/files-2.1/com.mojang/brigadier/1.1.8/5244ce82c3337bba4a196a3ce858bfaecc74404a/brigadier-1.1.8.jar:/home/PlayerXess/.gradle/caches/modules-2/files-2.1/com.mojang/datafixerupper/6.0.8/3ba4a30557a9b057760af4011f909ba619fc5125/datafixerupper-6.0.8.jar:/home/PlayerXess/.gradle/caches/modules-2/files-2.1/com.mojang/logging/1.1.1/832b8e6674a9b325a5175a3a6267dfaf34c85139/logging-1.1.1.jar:/home/PlayerXess/.gradle/caches/modules-2/files-2.1/com.mojang/patchy/2.2.10/da05971b07cbb379d002cf7eaec6a2048211fefc/patchy-2.2.10.jar:/home/PlayerXess/.gradle/caches/modules-2/files-2.1/com.mojang/text2speech/1.17.9/3cad216e3a7f0c19b4b394388bc9ffc446f13b14/text2speech-1.17.9.jar:/home/PlayerXess/.gradle/caches/modules-2/files-2.1/commons-codec/commons-codec/1.15/49d94806b6e3dc933dacbd8acb0fdbab8ebd1e5d/commons-codec-1.15.jar:/home/PlayerXess/.gradle/caches/modules-2/files-2.1/commons-io/commons-io/2.11.0/a2503f302b11ebde7ebc3df41daebe0e4eea3689/commons-io-2.11.0.jar:/home/PlayerXess/.gradle/caches/modules-2/files-2.1/commons-logging/commons-logging/1.2/4bfc12adfe4842bf07b657f0369c4cb522955686/commons-logging-1.2.jar:/home/PlayerXess/.gradle/caches/modules-2/files-2.1/io.netty/netty-buffer/4.1.82.Final/a544270cf1ae8b8077082f5036436a9a9971ea71/netty-buffer-4.1.82.Final.jar:/home/PlayerXess/.gradle/caches/modules-2/files-2.1/io.netty/netty-codec/4.1.82.Final/b77200379acb345a9ffdece1c605e591ac3e4e0a/netty-codec-4.1.82.Final.jar:/home/PlayerXess/.gradle/caches/modules-2/files-2.1/io.netty/netty-common/4.1.82.Final/22d148e85c3f5ebdacc0ce1f5aabb1d420f73f3/netty-common-4.1.82.Final.jar:/home/PlayerXess/.gradle/caches/modules-2/files-2.1/io.netty/netty-handler/4.1.82.Final/644041d1fa96a5d3130a29e8978630d716d76e38/netty-handler-4.1.82.Final.jar:/home/PlayerXess/.gradle/caches/modules-2/files-2.1/io.netty/netty-resolver/4.1.82.Final/38f665ae8dcd29032eea31245ba7806bed2e0fa8/netty-resolver-4.1.82.Final.jar:/home/PlayerXess/.gradle/caches/modules-2/files-2.1/io.netty/netty-transport-classes-epoll/4.1.82.Final/e7c7dd18deac93105797f30057c912651ea76521/netty-transport-classes-epoll-4.1.82.Final.jar:/home/PlayerXess/.gradle/caches/modules-2/files-2.1/io.netty/netty-transport-native-epoll/4.1.82.Final/476409d6255001ca53a55f65b01c13822f8dc93a/netty-transport-native-epoll-4.1.82.Final-linux-aarch_64.jar:/home/PlayerXess/.gradle/caches/modules-2/files-2.1/io.netty/netty-transport-native-epoll/4.1.82.Final/c7350a71920f3ae9142945e25fed4846cce53374/netty-transport-native-epoll-4.1.82.Final-linux-x86_64.jar:/home/PlayerXess/.gradle/caches/modules-2/files-2.1/io.netty/netty-transport-native-unix-common/4.1.82.Final/3e895b35ca1b8a0eca56cacff4c2dde5d2c6abce/netty-transport-native-unix-common-4.1.82.Final.jar:/home/PlayerXess/.gradle/caches/modules-2/files-2.1/io.netty/netty-transport/4.1.82.Final/e431a218d91acb6476ccad5f5aafde50aa3945ca/netty-transport-4.1.82.Final.jar:/home/PlayerXess/.gradle/caches/modules-2/files-2.1/it.unimi.dsi/fastutil/8.5.9/bb7ea75ecdb216654237830b3a96d87ad91f8cc5/fastutil-8.5.9.jar:/home/PlayerXess/.gradle/caches/modules-2/files-2.1/net.java.dev.jna/jna-platform/5.12.1/97406a297c852f4a41e688a176ec675f72e8329/jna-platform-5.12.1.jar:/home/PlayerXess/.gradle/caches/modules-2/files-2.1/net.java.dev.jna/jna/5.12.1/b1e93a735caea94f503e95e6fe79bf9cdc1e985d/jna-5.12.1.jar:/home/PlayerXess/.gradle/caches/modules-2/files-2.1/net.sf.jopt-simple/jopt-simple/5.0.4/4fdac2fbe92dfad86aa6e9301736f6b4342a3f5c/jopt-simple-5.0.4.jar:/home/PlayerXess/.gradle/caches/modules-2/files-2.1/org.apache.commons/commons-compress/1.21/4ec95b60d4e86b5c95a0e919cb172a0af98011ef/commons-compress-1.21.jar:/home/PlayerXess/.gradle/caches/modules-2/files-2.1/org.apache.commons/commons-lang3/3.12.0/c6842c86792ff03b9f1d1fe2aab8dc23aa6c6f0e/commons-lang3-3.12.0.jar:/home/PlayerXess/.gradle/caches/modules-2/files-2.1/org.apache.httpcomponents/httpclient/4.5.13/e5f6cae5ca7ecaac1ec2827a9e2d65ae2869cada/httpclient-4.5.13.jar:/home/PlayerXess/.gradle/caches/modules-2/files-2.1/org.apache.httpcomponents/httpcore/4.4.15/7f2e0c573eaa7a74bac2e89b359e1f73d92a0a1d/httpcore-4.4.15.jar:/home/PlayerXess/.gradle/caches/modules-2/files-2.1/org.apache.logging.log4j/log4j-core/2.19.0/3b6eeb4de4c49c0fe38a4ee27188ff5fee44d0bb/log4j-core-2.19.0.jar:/home/PlayerXess/.gradle/caches/modules-2/files-2.1/org.apache.logging.log4j/log4j-api/2.19.0/ea1b37f38c327596b216542bc636cfdc0b8036fa/log4j-api-2.19.0.jar:/home/PlayerXess/.gradle/caches/modules-2/files-2.1/org.apache.logging.log4j/log4j-slf4j2-impl/2.19.0/5c04bfdd63ce9dceb2e284b81e96b6a70010ee10/log4j-slf4j2-impl-2.19.0.jar:/home/PlayerXess/.gradle/caches/modules-2/files-2.1/org.joml/joml/1.10.5/22566d58af70ad3d72308bab63b8339906deb649/joml-1.10.5.jar:/home/PlayerXess/.gradle/caches/modules-2/files-2.1/org.lwjgl/lwjgl-glfw/3.3.2/757920418805fb90bfebb3d46b1d9e7669fca2eb/lwjgl-glfw-3.3.2.jar:/home/PlayerXess/.gradle/caches/modules-2/files-2.1/org.lwjgl/lwjgl-glfw/3.3.2/766bb0e8e829598b1c8052fd8173c62af741c52/lwjgl-glfw-3.3.2-natives-linux.jar:/home/PlayerXess/.gradle/caches/modules-2/files-2.1/org.lwjgl/lwjgl-jemalloc/3.3.2/877e17e39ebcd58a9c956dc3b5b777813de0873a/lwjgl-jemalloc-3.3.2.jar:/home/PlayerXess/.gradle/caches/modules-2/files-2.1/org.lwjgl/lwjgl-jemalloc/3.3.2/2bc33176cdfabf34a63df154b80914e8f433316b/lwjgl-jemalloc-3.3.2-natives-linux.jar:/home/PlayerXess/.gradle/caches/modules-2/files-2.1/org.lwjgl/lwjgl-openal/3.3.2/ae5357ed6d934546d3533993ea84c0cfb75eed95/lwjgl-openal-3.3.2.jar:/home/PlayerXess/.gradle/caches/modules-2/files-2.1/org.lwjgl/lwjgl-openal/3.3.2/650981780b8bbfb3ce43657b22ec8e77bfb1f37a/lwjgl-openal-3.3.2-natives-linux.jar:/home/PlayerXess/.gradle/caches/modules-2/files-2.1/org.lwjgl/lwjgl-opengl/3.3.2/ee8e95be0b438602038bc1f02dc5e3d011b1b216/lwjgl-opengl-3.3.2.jar:/home/PlayerXess/.gradle/caches/modules-2/files-2.1/org.lwjgl/lwjgl-opengl/3.3.2/b8368430ef0d91a5acbc6fbfa47b20c3ec083aec/lwjgl-opengl-3.3.2-natives-linux.jar:/home/PlayerXess/.gradle/caches/modules-2/files-2.1/org.lwjgl/lwjgl-stb/3.3.2/a2550795014d622b686e9caac50b14baa87d2c70/lwjgl-stb-3.3.2.jar:/home/PlayerXess/.gradle/caches/modules-2/files-2.1/org.lwjgl/lwjgl-stb/3.3.2/5c987f43b342d722b54970159040af76f1c87403/lwjgl-stb-3.3.2-natives-linux.jar:/home/PlayerXess/.gradle/caches/modules-2/files-2.1/org.lwjgl/lwjgl-tinyfd/3.3.2/9f65c248dd77934105274fcf8351abb75b34327c/lwjgl-tinyfd-3.3.2.jar:/home/PlayerXess/.gradle/caches/modules-2/files-2.1/org.lwjgl/lwjgl-tinyfd/3.3.2/5d27fc67172b3fcd8400d61a7cfb75da881f609/lwjgl-tinyfd-3.3.2-natives-linux.jar:/home/PlayerXess/.gradle/caches/modules-2/files-2.1/org.lwjgl/lwjgl/3.3.2/4421d94af68e35dcaa31737a6fc59136a1e61b94/lwjgl-3.3.2.jar:/home/PlayerXess/.gradle/caches/modules-2/files-2.1/org.lwjgl/lwjgl/3.3.2/767684973f259d97e7dc66a125eb153986f177e7/lwjgl-3.3.2-natives-linux.jar:/home/PlayerXess/.gradle/caches/modules-2/files-2.1/org.slf4j/slf4j-api/2.0.1/f48d81adce2abf5ad3cfe463df517952749e03bc/slf4j-api-2.0.1.jar:/home/PlayerXess/Projects/Create-Smorestuff/.gradle/loom-cache/minecraftMaven/net/minecraft/minecraft-merged-61dab2ec5c/1.20.1-loom.mappings.1_20_1.layered+hash.221144983-v2/minecraft-merged-61dab2ec5c-1.20.1-loom.mappings.1_20_1.layered+hash.221144983-v2.jar:/home/PlayerXess/.gradle/caches/modules-2/files-2.1/net.fabricmc/fabric-loader/0.16.11/eb5ed64a38b1d76e0febc1902b27f2c4bd0abe40/fabric-loader-0.16.11.jar:/home/PlayerXess/.gradle/caches/modules-2/files-2.1/com.google.code.findbugs/jsr305/3.0.2/25ea2e8b0c338a877313bd4672d3fe056ea78f0d/jsr305-3.0.2.jar:/home/PlayerXess/.gradle/caches/modules-2/files-2.1/com.electronwill.night-config/toml/3.6.6/f300021dfeece6a2907a0e7545574598220e4ef0/toml-3.6.6.jar:/home/PlayerXess/.gradle/caches/modules-2/files-2.1/com.electronwill.night-config/core/3.6.6/1dccdc2c372ad0846561a2bd40c9db0543e55863/core-3.6.6.jar:/home/PlayerXess/.gradle/caches/modules-2/files-2.1/javax.annotation/javax.annotation-api/1.3.2/934c04d3cfef185a8008e7bf34331b79730a9d43/javax.annotation-api-1.3.2.jar:/home/PlayerXess/Projects/Create-Smorestuff/.gradle/loom-cache/remapped_mods/loom_mappings_1_20_1_layered_hash_221144983_v2/net/playerxess/plre/plre/0.0.6/plre-0.0.6.jar:/home/PlayerXess/Projects/Create-Smorestuff/.gradle/loom-cache/remapped_mods/loom_mappings_1_20_1_layered_hash_221144983_v2/com/simibubi/create/create-fabric-1.20.1/0.5.1-f-build.1417+mc1.20.1/create-fabric-1.20.1-0.5.1-f-build.1417+mc1.20.1.jar:/home/PlayerXess/Projects/Create-Smorestuff/.gradle/loom-cache/remapped_mods/loom_mappings_1_20_1_layered_hash_221144983_v2/io/github/fabricators_of_create/Porting-Lib/base/2.3.2+1.20.1/base-2.3.2+1.20.1.jar:/home/PlayerXess/Projects/Create-Smorestuff/.gradle/loom-cache/remapped_mods/loom_mappings_1_20_1_layered_hash_221144983_v2/io/github/fabricators_of_create/Porting-Lib/extensions/2.3.2+1.20.1/extensions-2.3.2+1.20.1.jar:/home/PlayerXess/Projects/Create-Smorestuff/.gradle/loom-cache/remapped_mods/loom_mappings_1_20_1_layered_hash_221144983_v2/io/github/fabricators_of_create/Porting-Lib/accessors/2.3.2+1.20.1/accessors-2.3.2+1.20.1.jar:/home/PlayerXess/Projects/Create-Smorestuff/.gradle/loom-cache/remapped_mods/loom_mappings_1_20_1_layered_hash_221144983_v2/io/github/fabricators_of_create/Porting-Lib/entity/2.3.2+1.20.1/entity-2.3.2+1.20.1.jar:/home/PlayerXess/Projects/Create-Smorestuff/.gradle/loom-cache/remapped_mods/loom_mappings_1_20_1_layered_hash_221144983_v2/io/github/fabricators_of_create/Porting-Lib/networking/2.3.2+1.20.1/networking-2.3.2+1.20.1.jar:/home/PlayerXess/Projects/Create-Smorestuff/.gradle/loom-cache/remapped_mods/loom_mappings_1_20_1_layered_hash_221144983_v2/io/github/fabricators_of_create/Porting-Lib/obj_loader/2.3.2+1.20.1/obj_loader-2.3.2+1.20.1.jar:/home/PlayerXess/Projects/Create-Smorestuff/.gradle/loom-cache/remapped_mods/loom_mappings_1_20_1_layered_hash_221144983_v2/com/tterrag/registrate_fabric/Registrate/1.3.62-MC1.20.1/Registrate-1.3.62-MC1.20.1.jar:/home/PlayerXess/Projects/Create-Smorestuff/.gradle/loom-cache/remapped_mods/loom_mappings_1_20_1_layered_hash_221144983_v2/io/github/fabricators_of_create/Porting-Lib/tags/2.3.2+1.20.1/tags-2.3.2+1.20.1.jar:/home/PlayerXess/Projects/Create-Smorestuff/.gradle/loom-cache/remapped_mods/loom_mappings_1_20_1_layered_hash_221144983_v2/io/github/fabricators_of_create/Porting-Lib/models/2.3.2+1.20.1/models-2.3.2+1.20.1.jar:/home/PlayerXess/Projects/Create-Smorestuff/.gradle/loom-cache/remapped_mods/loom_mappings_1_20_1_layered_hash_221144983_v2/io/github/fabricators_of_create/Porting-Lib/transfer/2.3.2+1.20.1/transfer-2.3.2+1.20.1.jar:/home/PlayerXess/Projects/Create-Smorestuff/.gradle/loom-cache/remapped_mods/loom_mappings_1_20_1_layered_hash_221144983_v2/io/github/fabricators_of_create/Porting-Lib/tool_actions/2.3.2+1.20.1/tool_actions-2.3.2+1.20.1.jar:/home/PlayerXess/Projects/Create-Smorestuff/.gradle/loom-cache/remapped_mods/loom_mappings_1_20_1_layered_hash_221144983_v2/io/github/fabricators_of_create/Porting-Lib/client_events/2.3.2+1.20.1/client_events-2.3.2+1.20.1.jar:/home/PlayerXess/Projects/Create-Smorestuff/.gradle/loom-cache/remapped_mods/loom_mappings_1_20_1_layered_hash_221144983_v2/io/github/fabricators_of_create/Porting-Lib/brewing/2.3.2+1.20.1/brewing-2.3.2+1.20.1.jar:/home/PlayerXess/Projects/Create-Smorestuff/.gradle/loom-cache/remapped_mods/loom_mappings_1_20_1_layered_hash_221144983_v2/fuzs/forgeconfigapiport/forgeconfigapiport-fabric/8.0.0/forgeconfigapiport-fabric-8.0.0.jar:/home/PlayerXess/Projects/Create-Smorestuff/.gradle/loom-cache/remapped_mods/loom_mappings_1_20_1_layered_hash_221144983_v2/com/jozufozu/flywheel/flywheel-fabric-1.20.1/0.6.10-2/flywheel-fabric-1.20.1-0.6.10-2.jar:/home/PlayerXess/Projects/Create-Smorestuff/.gradle/loom-cache/remapped_mods/loom_mappings_1_20_1_layered_hash_221144983_v2/io/github/fabricators_of_create/Porting-Lib/attributes/2.3.2+1.20.1/attributes-2.3.2+1.20.1.jar:/home/PlayerXess/Projects/Create-Smorestuff/.gradle/loom-cache/remapped_mods/loom_mappings_1_20_1_layered_hash_221144983_v2/com/jamieswhiteshirt/reach-entity-attributes/2.4.0/reach-entity-attributes-2.4.0.jar:/home/PlayerXess/Projects/Create-Smorestuff/.gradle/loom-cache/remapped_mods/loom_mappings_1_20_1_layered_hash_221144983_v2/io/github/tropheusj/milk-lib/1.2.60/milk-lib-1.2.60.jar:/home/PlayerXess/Projects/Create-Smorestuff/.gradle/loom-cache/remapped_mods/loom_mappings_1_20_1_layered_hash_221144983_v2/io/github/fabricators_of_create/Porting-Lib/lazy_registration/2.3.2+1.20.1/lazy_registration-2.3.2+1.20.1.jar:/home/PlayerXess/Projects/Create-Smorestuff/.gradle/loom-cache/remapped_mods/loom_mappings_1_20_1_layered_hash_221144983_v2/io/github/fabricators_of_create/Porting-Lib/model_generators/2.1.1090+1.20/model_generators-2.1.1090+1.20.jar:/home/PlayerXess/Projects/Create-Smorestuff/.gradle/loom-cache/remapped_mods/loom_mappings_1_20_1_layered_hash_221144983_v2/io/github/fabricators_of_create/Porting-Lib/data/2.1.1090+1.20/data-2.1.1090+1.20.jar:/home/PlayerXess/Projects/Create-Smorestuff/.gradle/loom-cache/remapped_mods/loom_mappings_1_20_1_layered_hash_221144983_v2/io/github/fabricators_of_create/Porting-Lib/utility/2.3.2+1.20.1/utility-2.3.2+1.20.1.jar:/home/PlayerXess/Projects/Create-Smorestuff/.gradle/loom-cache/remapped_mods/loom_mappings_1_20_1_layered_hash_221144983_v2/io/github/fabricators_of_create/Porting-Lib/common/2.3.2+1.20.1/common-2.3.2+1.20.1.jar:/home/PlayerXess/Projects/Create-Smorestuff/.gradle/loom-cache/remapped_mods/loom_mappings_1_20_1_layered_hash_221144983_v2/io/github/fabricators_of_create/Porting-Lib/config/2.3.2+1.20.1/config-2.3.2+1.20.1.jar:/home/PlayerXess/Projects/Create-Smorestuff/.gradle/loom-cache/remapped_mods/loom_mappings_1_20_1_layered_hash_221144983_v2/io/github/fabricators_of_create/Porting-Lib/mixin_extensions/2.3.2+1.20.1/mixin_extensions-2.3.2+1.20.1.jar:/home/PlayerXess/Projects/Create-Smorestuff/.gradle/loom-cache/remapped_mods/loom_mappings_1_20_1_layered_hash_221144983_v2/io/github/fabricators_of_create/Porting-Lib/model_loader/2.3.2+1.20.1/model_loader-2.3.2+1.20.1.jar:/home/PlayerXess/Projects/Create-Smorestuff/.gradle/loom-cache/remapped_mods/loom_mappings_1_20_1_layered_hash_221144983_v2/io/github/fabricators_of_create/Porting-Lib/fluids/2.3.2+1.20.1/fluids-2.3.2+1.20.1.jar:/home/PlayerXess/Projects/Create-Smorestuff/.gradle/loom-cache/remapped_mods/loom_mappings_1_20_1_layered_hash_221144983_v2/io/github/fabricators_of_create/Porting-Lib/model_materials/2.1.1090+1.20/model_materials-2.1.1090+1.20.jar:/home/PlayerXess/Projects/Create-Smorestuff/.gradle/loom-cache/remapped_mods/loom_mappings_1_20_1_layered_hash_221144983_v2/io/github/fabricators_of_create/Porting-Lib/core/2.3.2+1.20.1/core-2.3.2+1.20.1.jar:/home/PlayerXess/Projects/Create-Smorestuff/.gradle/loom-cache/remapped_mods/loom_mappings_1_20_1_layered_hash_221144983_v2/io/github/tropheusj/dripstone-fluid-lib/3.0.2/dripstone-fluid-lib-3.0.2.jar:/home/PlayerXess/Projects/Create-Smorestuff/.gradle/loom-cache/remapped_mods/loom_mappings_1_20_1_layered_hash_221144983_v2/net/fabricmc/fabric-api/fabric-api/0.92.5+1.20.1/fabric-api-0.92.5+1.20.1.jar:/home/PlayerXess/Projects/Create-Smorestuff/.gradle/loom-cache/remapped_mods/loom_mappings_1_20_1_layered_hash_221144983_v2/net/fabricmc/fabric-api/fabric-transfer-api-v1/3.3.6+8dd72ea377/fabric-transfer-api-v1-3.3.6+8dd72ea377.jar:/home/PlayerXess/Projects/Create-Smorestuff/.gradle/loom-cache/remapped_mods/loom_mappings_1_20_1_layered_hash_221144983_v2/net/fabricmc/fabric-api/fabric-api-lookup-api-v1/1.6.37+1802ada577/fabric-api-lookup-api-v1-1.6.37+1802ada577.jar:/home/PlayerXess/Projects/Create-Smorestuff/.gradle/loom-cache/remapped_mods/loom_mappings_1_20_1_layered_hash_221144983_v2/net/fabricmc/fabric-api/fabric-blockrenderlayer-v1/1.1.42+1802ada577/fabric-blockrenderlayer-v1-1.1.42+1802ada577.jar:/home/PlayerXess/Projects/Create-Smorestuff/.gradle/loom-cache/remapped_mods/loom_mappings_1_20_1_layered_hash_221144983_v2/net/fabricmc/fabric-api/fabric-client-tags-api-v1/1.1.3+1802ada577/fabric-client-tags-api-v1-1.1.3+1802ada577.jar:/home/PlayerXess/Projects/Create-Smorestuff/.gradle/loom-cache/remapped_mods/loom_mappings_1_20_1_layered_hash_221144983_v2/net/fabricmc/fabric-api/fabric-command-api-v1/1.2.35+f71b366f77/fabric-command-api-v1-1.2.35+f71b366f77.jar:/home/PlayerXess/Projects/Create-Smorestuff/.gradle/loom-cache/remapped_mods/loom_mappings_1_20_1_layered_hash_221144983_v2/net/fabricmc/fabric-api/fabric-commands-v0/0.2.52+df3654b377/fabric-commands-v0-0.2.52+df3654b377.jar:/home/PlayerXess/Projects/Create-Smorestuff/.gradle/loom-cache/remapped_mods/loom_mappings_1_20_1_layered_hash_221144983_v2/net/fabricmc/fabric-api/fabric-command-api-v2/2.2.14+1802ada577/fabric-command-api-v2-2.2.14+1802ada577.jar:/home/PlayerXess/Projects/Create-Smorestuff/.gradle/loom-cache/remapped_mods/loom_mappings_1_20_1_layered_hash_221144983_v2/net/fabricmc/fabric-api/fabric-content-registries-v0/4.0.13+1802ada577/fabric-content-registries-v0-4.0.13+1802ada577.jar:/home/PlayerXess/Projects/Create-Smorestuff/.gradle/loom-cache/remapped_mods/loom_mappings_1_20_1_layered_hash_221144983_v2/net/fabricmc/fabric-api/fabric-convention-tags-v1/1.5.6+1802ada577/fabric-convention-tags-v1-1.5.6+1802ada577.jar:/home/PlayerXess/Projects/Create-Smorestuff/.gradle/loom-cache/remapped_mods/loom_mappings_1_20_1_layered_hash_221144983_v2/net/fabricmc/fabric-api/fabric-data-attachment-api-v1/1.0.2+de0fd6d177/fabric-data-attachment-api-v1-1.0.2+de0fd6d177.jar:/home/PlayerXess/Projects/Create-Smorestuff/.gradle/loom-cache/remapped_mods/loom_mappings_1_20_1_layered_hash_221144983_v2/net/fabricmc/fabric-api/fabric-data-generation-api-v1/12.3.6+1802ada577/fabric-data-generation-api-v1-12.3.6+1802ada577.jar:/home/PlayerXess/Projects/Create-Smorestuff/.gradle/loom-cache/remapped_mods/loom_mappings_1_20_1_layered_hash_221144983_v2/net/fabricmc/fabric-api/fabric-dimensions-v1/2.1.55+1802ada577/fabric-dimensions-v1-2.1.55+1802ada577.jar:/home/PlayerXess/Projects/Create-Smorestuff/.gradle/loom-cache/remapped_mods/loom_mappings_1_20_1_layered_hash_221144983_v2/net/fabricmc/fabric-api/fabric-entity-events-v1/1.6.1+1c78457f77/fabric-entity-events-v1-1.6.1+1c78457f77.jar:/home/PlayerXess/Projects/Create-Smorestuff/.gradle/loom-cache/remapped_mods/loom_mappings_1_20_1_layered_hash_221144983_v2/net/fabricmc/fabric-api/fabric-events-interaction-v0/0.6.4+13a40c6677/fabric-events-interaction-v0-0.6.4+13a40c6677.jar:/home/PlayerXess/Projects/Create-Smorestuff/.gradle/loom-cache/remapped_mods/loom_mappings_1_20_1_layered_hash_221144983_v2/net/fabricmc/fabric-api/fabric-gametest-api-v1/1.2.15+1802ada577/fabric-gametest-api-v1-1.2.15+1802ada577.jar:/home/PlayerXess/Projects/Create-Smorestuff/.gradle/loom-cache/remapped_mods/loom_mappings_1_20_1_layered_hash_221144983_v2/net/fabricmc/fabric-api/fabric-events-lifecycle-v0/0.2.64+df3654b377/fabric-events-lifecycle-v0-0.2.64+df3654b377.jar:/home/PlayerXess/Projects/Create-Smorestuff/.gradle/loom-cache/remapped_mods/loom_mappings_1_20_1_layered_hash_221144983_v2/net/fabricmc/fabric-api/fabric-item-api-v1/2.1.29+1802ada577/fabric-item-api-v1-2.1.29+1802ada577.jar:/home/PlayerXess/Projects/Create-Smorestuff/.gradle/loom-cache/remapped_mods/loom_mappings_1_20_1_layered_hash_221144983_v2/net/fabricmc/fabric-api/fabric-item-group-api-v1/4.0.14+1802ada577/fabric-item-group-api-v1-4.0.14+1802ada577.jar:/home/PlayerXess/Projects/Create-Smorestuff/.gradle/loom-cache/remapped_mods/loom_mappings_1_20_1_layered_hash_221144983_v2/net/fabricmc/fabric-api/fabric-mining-level-api-v1/2.1.52+1802ada577/fabric-mining-level-api-v1-2.1.52+1802ada577.jar:/home/PlayerXess/Projects/Create-Smorestuff/.gradle/loom-cache/remapped_mods/loom_mappings_1_20_1_layered_hash_221144983_v2/net/fabricmc/fabric-api/fabric-lifecycle-events-v1/2.2.23+1802ada577/fabric-lifecycle-events-v1-2.2.23+1802ada577.jar:/home/PlayerXess/Projects/Create-Smorestuff/.gradle/loom-cache/remapped_mods/loom_mappings_1_20_1_layered_hash_221144983_v2/net/fabricmc/fabric-api/fabric-loot-tables-v1/1.1.47+9e7660c677/fabric-loot-tables-v1-1.1.47+9e7660c677.jar:/home/PlayerXess/Projects/Create-Smorestuff/.gradle/loom-cache/remapped_mods/loom_mappings_1_20_1_layered_hash_221144983_v2/net/fabricmc/fabric-api/fabric-loot-api-v2/1.2.3+1802ada577/fabric-loot-api-v2-1.2.3+1802ada577.jar:/home/PlayerXess/Projects/Create-Smorestuff/.gradle/loom-cache/remapped_mods/loom_mappings_1_20_1_layered_hash_221144983_v2/net/fabricmc/fabric-api/fabric-message-api-v1/5.1.10+1802ada577/fabric-message-api-v1-5.1.10+1802ada577.jar:/home/PlayerXess/Projects/Create-Smorestuff/.gradle/loom-cache/remapped_mods/loom_mappings_1_20_1_layered_hash_221144983_v2/net/fabricmc/fabric-api/fabric-models-v0/0.4.3+9386d8a777/fabric-models-v0-0.4.3+9386d8a777.jar:/home/PlayerXess/Projects/Create-Smorestuff/.gradle/loom-cache/remapped_mods/loom_mappings_1_20_1_layered_hash_221144983_v2/net/fabricmc/fabric-api/fabric-model-loading-api-v1/1.0.4+1802ada577/fabric-model-loading-api-v1-1.0.4+1802ada577.jar:/home/PlayerXess/Projects/Create-Smorestuff/.gradle/loom-cache/remapped_mods/loom_mappings_1_20_1_layered_hash_221144983_v2/net/fabricmc/fabric-api/fabric-recipe-api-v1/1.0.23+1802ada577/fabric-recipe-api-v1-1.0.23+1802ada577.jar:/home/PlayerXess/Projects/Create-Smorestuff/.gradle/loom-cache/remapped_mods/loom_mappings_1_20_1_layered_hash_221144983_v2/net/fabricmc/fabric-api/fabric-registry-sync-v0/2.3.5+1802ada577/fabric-registry-sync-v0-2.3.5+1802ada577.jar:/home/PlayerXess/Projects/Create-Smorestuff/.gradle/loom-cache/remapped_mods/loom_mappings_1_20_1_layered_hash_221144983_v2/net/fabricmc/fabric-api/fabric-screen-handler-api-v1/1.3.32+1802ada577/fabric-screen-handler-api-v1-1.3.32+1802ada577.jar:/home/PlayerXess/Projects/Create-Smorestuff/.gradle/loom-cache/remapped_mods/loom_mappings_1_20_1_layered_hash_221144983_v2/net/fabricmc/fabric-api/fabric-containers-v0/0.1.66+df3654b377/fabric-containers-v0-0.1.66+df3654b377.jar:/home/PlayerXess/Projects/Create-Smorestuff/.gradle/loom-cache/remapped_mods/loom_mappings_1_20_1_layered_hash_221144983_v2/net/fabricmc/fabric-api/fabric-networking-v0/0.3.53+df3654b377/fabric-networking-v0-0.3.53+df3654b377.jar:/home/PlayerXess/Projects/Create-Smorestuff/.gradle/loom-cache/remapped_mods/loom_mappings_1_20_1_layered_hash_221144983_v2/net/fabricmc/fabric-api/fabric-networking-api-v1/1.3.13+13a40c6677/fabric-networking-api-v1-1.3.13+13a40c6677.jar:/home/PlayerXess/Projects/Create-Smorestuff/.gradle/loom-cache/remapped_mods/loom_mappings_1_20_1_layered_hash_221144983_v2/net/fabricmc/fabric-api/fabric-object-builder-api-v1/11.1.5+e35120df77/fabric-object-builder-api-v1-11.1.5+e35120df77.jar:/home/PlayerXess/Projects/Create-Smorestuff/.gradle/loom-cache/remapped_mods/loom_mappings_1_20_1_layered_hash_221144983_v2/net/fabricmc/fabric-api/fabric-particles-v1/1.1.3+1802ada577/fabric-particles-v1-1.1.3+1802ada577.jar:/home/PlayerXess/Projects/Create-Smorestuff/.gradle/loom-cache/remapped_mods/loom_mappings_1_20_1_layered_hash_221144983_v2/net/fabricmc/fabric-api/fabric-renderer-indigo/1.5.3+85287f9f77/fabric-renderer-indigo-1.5.3+85287f9f77.jar:/home/PlayerXess/Projects/Create-Smorestuff/.gradle/loom-cache/remapped_mods/loom_mappings_1_20_1_layered_hash_221144983_v2/net/fabricmc/fabric-api/fabric-renderer-api-v1/3.2.2+1802ada577/fabric-renderer-api-v1-3.2.2+1802ada577.jar:/home/PlayerXess/Projects/Create-Smorestuff/.gradle/loom-cache/remapped_mods/loom_mappings_1_20_1_layered_hash_221144983_v2/net/fabricmc/fabric-api/fabric-rendering-fluids-v1/3.0.29+1802ada577/fabric-rendering-fluids-v1-3.0.29+1802ada577.jar:/home/PlayerXess/Projects/Create-Smorestuff/.gradle/loom-cache/remapped_mods/loom_mappings_1_20_1_layered_hash_221144983_v2/net/fabricmc/fabric-api/fabric-renderer-registries-v1/3.2.47+df3654b377/fabric-renderer-registries-v1-3.2.47+df3654b377.jar:/home/PlayerXess/Projects/Create-Smorestuff/.gradle/loom-cache/remapped_mods/loom_mappings_1_20_1_layered_hash_221144983_v2/net/fabricmc/fabric-api/fabric-rendering-v0/1.1.50+df3654b377/fabric-rendering-v0-1.1.50+df3654b377.jar:/home/PlayerXess/Projects/Create-Smorestuff/.gradle/loom-cache/remapped_mods/loom_mappings_1_20_1_layered_hash_221144983_v2/net/fabricmc/fabric-api/fabric-rendering-v1/3.0.9+1802ada577/fabric-rendering-v1-3.0.9+1802ada577.jar:/home/PlayerXess/Projects/Create-Smorestuff/.gradle/loom-cache/remapped_mods/loom_mappings_1_20_1_layered_hash_221144983_v2/net/fabricmc/fabric-api/fabric-screen-api-v1/2.0.9+1802ada577/fabric-screen-api-v1-2.0.9+1802ada577.jar:/home/PlayerXess/Projects/Create-Smorestuff/.gradle/loom-cache/remapped_mods/loom_mappings_1_20_1_layered_hash_221144983_v2/net/fabricmc/fabric-api/fabric-api-base/0.4.32+1802ada577/fabric-api-base-0.4.32+1802ada577.jar:/home/PlayerXess/Projects/Create-Smorestuff/.gradle/loom-cache/remapped_mods/loom_mappings_1_20_1_layered_hash_221144983_v2/net/fabricmc/fabric-api/fabric-biome-api-v1/13.0.14+1802ada577/fabric-biome-api-v1-13.0.14+1802ada577.jar:/home/PlayerXess/Projects/Create-Smorestuff/.gradle/loom-cache/remapped_mods/loom_mappings_1_20_1_layered_hash_221144983_v2/net/fabricmc/fabric-api/fabric-block-api-v1/1.0.12+1802ada577/fabric-block-api-v1-1.0.12+1802ada577.jar:/home/PlayerXess/Projects/Create-Smorestuff/.gradle/loom-cache/remapped_mods/loom_mappings_1_20_1_layered_hash_221144983_v2/net/fabricmc/fabric-api/fabric-rendering-data-attachment-v1/0.3.39+92a0d36777/fabric-rendering-data-attachment-v1-0.3.39+92a0d36777.jar:/home/PlayerXess/Projects/Create-Smorestuff/.gradle/loom-cache/remapped_mods/loom_mappings_1_20_1_layered_hash_221144983_v2/net/fabricmc/fabric-api/fabric-block-view-api-v2/1.0.3+924f046a77/fabric-block-view-api-v2-1.0.3+924f046a77.jar:/home/PlayerXess/Projects/Create-Smorestuff/.gradle/loom-cache/remapped_mods/loom_mappings_1_20_1_layered_hash_221144983_v2/net/fabricmc/fabric-api/fabric-crash-report-info-v1/0.2.20+1802ada577/fabric-crash-report-info-v1-0.2.20+1802ada577.jar:/home/PlayerXess/Projects/Create-Smorestuff/.gradle/loom-cache/remapped_mods/loom_mappings_1_20_1_layered_hash_221144983_v2/net/fabricmc/fabric-api/fabric-game-rule-api-v1/1.0.41+1802ada577/fabric-game-rule-api-v1-1.0.41+1802ada577.jar:/home/PlayerXess/Projects/Create-Smorestuff/.gradle/loom-cache/remapped_mods/loom_mappings_1_20_1_layered_hash_221144983_v2/net/fabricmc/fabric-api/fabric-keybindings-v0/0.2.36+df3654b377/fabric-keybindings-v0-0.2.36+df3654b377.jar:/home/PlayerXess/Projects/Create-Smorestuff/.gradle/loom-cache/remapped_mods/loom_mappings_1_20_1_layered_hash_221144983_v2/net/fabricmc/fabric-api/fabric-key-binding-api-v1/1.0.38+1802ada577/fabric-key-binding-api-v1-1.0.38+1802ada577.jar:/home/PlayerXess/Projects/Create-Smorestuff/.gradle/loom-cache/remapped_mods/loom_mappings_1_20_1_layered_hash_221144983_v2/net/fabricmc/fabric-api/fabric-resource-conditions-api-v1/2.3.9+1802ada577/fabric-resource-conditions-api-v1-2.3.9+1802ada577.jar:/home/PlayerXess/Projects/Create-Smorestuff/.gradle/loom-cache/remapped_mods/loom_mappings_1_20_1_layered_hash_221144983_v2/net/fabricmc/fabric-api/fabric-resource-loader-v0/0.11.12+fb82e9d777/fabric-resource-loader-v0-0.11.12+fb82e9d777.jar:/home/PlayerXess/Projects/Create-Smorestuff/.gradle/loom-cache/remapped_mods/loom_mappings_1_20_1_layered_hash_221144983_v2/net/fabricmc/fabric-api/fabric-sound-api-v1/1.0.14+1802ada577/fabric-sound-api-v1-1.0.14+1802ada577.jar:/home/PlayerXess/Projects/Create-Smorestuff/.gradle/loom-cache/remapped_mods/loom_mappings_1_20_1_layered_hash_221144983_v2/net/fabricmc/fabric-api/fabric-transitive-access-wideners-v1/4.3.2+1802ada577/fabric-transitive-access-wideners-v1-4.3.2+1802ada577.jar:/home/PlayerXess/Projects/Create-Smorestuff/.gradle/loom-cache/remapped_mods/loom_mappings_1_20_1_layered_hash_221144983_v2/com/github/llamalad7/mixinextras/mixinextras-fabric/0.2.0-beta.6/mixinextras-fabric-0.2.0-beta.6.jar:/home/PlayerXess/Projects/Create-Smorestuff/.gradle/loom-cache/remapped_mods/loom_mappings_1_20_1_layered_hash_221144983_v2/maven/modrinth/lazydfu/0.1.3/lazydfu-0.1.3.jar:/home/PlayerXess/Projects/Create-Smorestuff/.gradle/loom-cache/remapped_mods/loom_mappings_1_20_1_layered_hash_221144983_v2/com/terraformersmc/modmenu/7.2.2/modmenu-7.2.2.jar:/home/PlayerXess/Projects/Create-Smorestuff/.gradle/loom-cache/remapped_mods/loom_mappings_1_20_1_layered_hash_221144983_v2/dev/emi/emi-fabric/1.1.21+1.20.1/emi-fabric-1.1.21+1.20.1.jar:/home/PlayerXess/.gradle/caches/modules-2/files-2.1/org.jline/jline-reader/3.20.0/8f15415b022a25b473e8e16c28ae913186ffb9c4/jline-reader-3.20.0.jar:/home/PlayerXess/.gradle/caches/modules-2/files-2.1/org.jline/jline-terminal/3.20.0/d0ddcc708ddf527a3454c941b7b9225cc83a15ff/jline-terminal-3.20.0.jar)
	at com.sun.jna.NativeLibrary.loadLibrary(NativeLibrary.java:307) ~[jna-5.12.1.jar:5.12.1 (b0)]
	at com.sun.jna.NativeLibrary.getInstance(NativeLibrary.java:467) ~[jna-5.12.1.jar:5.12.1 (b0)]
	at com.sun.jna.NativeLibrary.getInstance(NativeLibrary.java:409) ~[jna-5.12.1.jar:5.12.1 (b0)]
	at com.mojang.text2speech.NarratorLinux$FliteLibrary.loadNative(NarratorLinux.java:67) ~[text2speech-1.17.9.jar:?]
	... 9 more
	Suppressed: java.lang.UnsatisfiedLinkError: libflite.so: cannot open shared object file: No such file or directory
		at com.sun.jna.Native.open(Native Method) ~[jna-5.12.1.jar:5.12.1 (b0)]
		at com.sun.jna.NativeLibrary.loadLibrary(NativeLibrary.java:197) ~[jna-5.12.1.jar:5.12.1 (b0)]
		at com.sun.jna.NativeLibrary.getInstance(NativeLibrary.java:467) ~[jna-5.12.1.jar:5.12.1 (b0)]
		at com.sun.jna.NativeLibrary.getInstance(NativeLibrary.java:409) ~[jna-5.12.1.jar:5.12.1 (b0)]
		at com.mojang.text2speech.NarratorLinux$FliteLibrary.loadNative(NarratorLinux.java:67) ~[text2speech-1.17.9.jar:?]
		at com.mojang.text2speech.NarratorLinux.<init>(NarratorLinux.java:18) ~[text2speech-1.17.9.jar:?]
		at com.mojang.text2speech.Narrator.getNarrator(Narrator.java:41) ~[text2speech-1.17.9.jar:?]
		at net.minecraft.client.util.NarratorManager.<init>(NarratorManager.java:19) ~[minecraft-merged-61dab2ec5c-1.20.1-loom.mappings.1_20_1.layered+hash.221144983-v2.jar:?]
		at net.minecraft.client.MinecraftClient.<init>(MinecraftClient.java:640) ~[minecraft-merged-61dab2ec5c-1.20.1-loom.mappings.1_20_1.layered+hash.221144983-v2.jar:?]
		at net.minecraft.client.main.Main.main(Main.java:211) ~[minecraft-merged-61dab2ec5c-1.20.1-loom.mappings.1_20_1.layered+hash.221144983-v2.jar:?]
		at net.fabricmc.loader.impl.game.minecraft.MinecraftGameProvider.launch(MinecraftGameProvider.java:480) ~[fabric-loader-0.16.11.jar:?]
		at net.fabricmc.loader.impl.launch.knot.Knot.launch(Knot.java:74) ~[fabric-loader-0.16.11.jar:?]
		at net.fabricmc.loader.impl.launch.knot.KnotClient.main(KnotClient.java:23) ~[fabric-loader-0.16.11.jar:?]
		at net.fabricmc.devlaunchinjector.Main.main(Main.java:86) ~[dev-launch-injector-0.2.1+build.8.jar:?]
	Suppressed: java.lang.UnsatisfiedLinkError: libflite.so: cannot open shared object file: No such file or directory
		at com.sun.jna.Native.open(Native Method) ~[jna-5.12.1.jar:5.12.1 (b0)]
		at com.sun.jna.NativeLibrary.loadLibrary(NativeLibrary.java:210) ~[jna-5.12.1.jar:5.12.1 (b0)]
		at com.sun.jna.NativeLibrary.getInstance(NativeLibrary.java:467) ~[jna-5.12.1.jar:5.12.1 (b0)]
		at com.sun.jna.NativeLibrary.getInstance(NativeLibrary.java:409) ~[jna-5.12.1.jar:5.12.1 (b0)]
		at com.mojang.text2speech.NarratorLinux$FliteLibrary.loadNative(NarratorLinux.java:67) ~[text2speech-1.17.9.jar:?]
		at com.mojang.text2speech.NarratorLinux.<init>(NarratorLinux.java:18) ~[text2speech-1.17.9.jar:?]
		at com.mojang.text2speech.Narrator.getNarrator(Narrator.java:41) ~[text2speech-1.17.9.jar:?]
		at net.minecraft.client.util.NarratorManager.<init>(NarratorManager.java:19) ~[minecraft-merged-61dab2ec5c-1.20.1-loom.mappings.1_20_1.layered+hash.221144983-v2.jar:?]
		at net.minecraft.client.MinecraftClient.<init>(MinecraftClient.java:640) ~[minecraft-merged-61dab2ec5c-1.20.1-loom.mappings.1_20_1.layered+hash.221144983-v2.jar:?]
		at net.minecraft.client.main.Main.main(Main.java:211) ~[minecraft-merged-61dab2ec5c-1.20.1-loom.mappings.1_20_1.layered+hash.221144983-v2.jar:?]
		at net.fabricmc.loader.impl.game.minecraft.MinecraftGameProvider.launch(MinecraftGameProvider.java:480) ~[fabric-loader-0.16.11.jar:?]
		at net.fabricmc.loader.impl.launch.knot.Knot.launch(Knot.java:74) ~[fabric-loader-0.16.11.jar:?]
		at net.fabricmc.loader.impl.launch.knot.KnotClient.main(KnotClient.java:23) ~[fabric-loader-0.16.11.jar:?]
		at net.fabricmc.devlaunchinjector.Main.main(Main.java:86) ~[dev-launch-injector-0.2.1+build.8.jar:?]
	Suppressed: java.io.IOException: Native library (linux-x86-64/libflite.so) not found in resource path (/home/PlayerXess/Projects/Create-Smorestuff/build/classes/java/main:/home/PlayerXess/Projects/Create-Smorestuff/build/resources/main:/home/PlayerXess/.gradle/caches/fabric-loom/1.20.1/loom.mappings.1_20_1.layered+hash.221144983-v2/mappings.jar:/home/PlayerXess/.gradle/caches/modules-2/files-2.1/org.ow2.asm/asm/9.7.1/f0ed132a49244b042cd0e15702ab9f2ce3cc8436/asm-9.7.1.jar:/home/PlayerXess/.gradle/caches/modules-2/files-2.1/org.ow2.asm/asm-analysis/9.7.1/f97a3b319f0ed6a8cd944dc79060d3912a28985f/asm-analysis-9.7.1.jar:/home/PlayerXess/.gradle/caches/modules-2/files-2.1/org.ow2.asm/asm-commons/9.7.1/406c6a2225cfe1819f102a161e54cc16a5c24f75/asm-commons-9.7.1.jar:/home/PlayerXess/.gradle/caches/modules-2/files-2.1/org.ow2.asm/asm-tree/9.7.1/3a53139787663b139de76b627fca0084ab60d32c/asm-tree-9.7.1.jar:/home/PlayerXess/.gradle/caches/modules-2/files-2.1/org.ow2.asm/asm-util/9.7.1/9e23359b598ec6b74b23e53110dd5c577adf2243/asm-util-9.7.1.jar:/home/PlayerXess/.gradle/caches/modules-2/files-2.1/net.fabricmc/sponge-mixin/0.15.4+mixin.0.8.7/6a12aacc794f1078458433116e9ed42c1cc98096/sponge-mixin-0.15.4+mixin.0.8.7.jar:/home/PlayerXess/.gradle/caches/modules-2/files-2.1/io.github.llamalad7/mixinextras-fabric/0.4.1/8d1a9e96afb990367fa1f904d17580d164da72e3/mixinextras-fabric-0.4.1.jar:/home/PlayerXess/.gradle/caches/modules-2/files-2.1/net.fabricmc/dev-launch-injector/0.2.1+build.8/da8bef7e6e2f952da707f282bdb46882a0fce5e3/dev-launch-injector-0.2.1+build.8.jar:/home/PlayerXess/.gradle/caches/modules-2/files-2.1/net.minecrell/terminalconsoleappender/1.3.0/b562e9bb61235c9520e26282cdee71f8f802d1fc/terminalconsoleappender-1.3.0.jar:/home/PlayerXess/.gradle/caches/modules-2/files-2.1/com.github.oshi/oshi-core/6.2.2/54f5efc19bca95d709d9a37d19ffcbba3d21c1a6/oshi-core-6.2.2.jar:/home/PlayerXess/.gradle/caches/modules-2/files-2.1/com.google.code.gson/gson/2.10/dd9b193aef96e973d5a11ab13cd17430c2e4306b/gson-2.10.jar:/home/PlayerXess/.gradle/caches/modules-2/files-2.1/com.google.guava/failureaccess/1.0.1/1dcf1de382a0bf95a3d8b0849546c88bac1292c9/failureaccess-1.0.1.jar:/home/PlayerXess/.gradle/caches/modules-2/files-2.1/com.google.guava/guava/31.1-jre/60458f877d055d0c9114d9e1a2efb737b4bc282c/guava-31.1-jre.jar:/home/PlayerXess/.gradle/caches/modules-2/files-2.1/com.ibm.icu/icu4j/71.1/9e7d3304c23f9ba5cb71915f7cce23231a57a445/icu4j-71.1.jar:/home/PlayerXess/.gradle/caches/modules-2/files-2.1/com.mojang/authlib/4.0.43/2ff9d747a77570a07a60d32ac77eb6162ad2a2d9/authlib-4.0.43.jar:/home/PlayerXess/.gradle/caches/modules-2/files-2.1/com.mojang/blocklist/1.0.10/5c685c5ffa94c4cd39496c7184c1d122e515ecef/blocklist-1.0.10.jar:/home/PlayerXess/.gradle/caches/modules-2/files-2.1/com.mojang/brigadier/1.1.8/5244ce82c3337bba4a196a3ce858bfaecc74404a/brigadier-1.1.8.jar:/home/PlayerXess/.gradle/caches/modules-2/files-2.1/com.mojang/datafixerupper/6.0.8/3ba4a30557a9b057760af4011f909ba619fc5125/datafixerupper-6.0.8.jar:/home/PlayerXess/.gradle/caches/modules-2/files-2.1/com.mojang/logging/1.1.1/832b8e6674a9b325a5175a3a6267dfaf34c85139/logging-1.1.1.jar:/home/PlayerXess/.gradle/caches/modules-2/files-2.1/com.mojang/patchy/2.2.10/da05971b07cbb379d002cf7eaec6a2048211fefc/patchy-2.2.10.jar:/home/PlayerXess/.gradle/caches/modules-2/files-2.1/com.mojang/text2speech/1.17.9/3cad216e3a7f0c19b4b394388bc9ffc446f13b14/text2speech-1.17.9.jar:/home/PlayerXess/.gradle/caches/modules-2/files-2.1/commons-codec/commons-codec/1.15/49d94806b6e3dc933dacbd8acb0fdbab8ebd1e5d/commons-codec-1.15.jar:/home/PlayerXess/.gradle/caches/modules-2/files-2.1/commons-io/commons-io/2.11.0/a2503f302b11ebde7ebc3df41daebe0e4eea3689/commons-io-2.11.0.jar:/home/PlayerXess/.gradle/caches/modules-2/files-2.1/commons-logging/commons-logging/1.2/4bfc12adfe4842bf07b657f0369c4cb522955686/commons-logging-1.2.jar:/home/PlayerXess/.gradle/caches/modules-2/files-2.1/io.netty/netty-buffer/4.1.82.Final/a544270cf1ae8b8077082f5036436a9a9971ea71/netty-buffer-4.1.82.Final.jar:/home/PlayerXess/.gradle/caches/modules-2/files-2.1/io.netty/netty-codec/4.1.82.Final/b77200379acb345a9ffdece1c605e591ac3e4e0a/netty-codec-4.1.82.Final.jar:/home/PlayerXess/.gradle/caches/modules-2/files-2.1/io.netty/netty-common/4.1.82.Final/22d148e85c3f5ebdacc0ce1f5aabb1d420f73f3/netty-common-4.1.82.Final.jar:/home/PlayerXess/.gradle/caches/modules-2/files-2.1/io.netty/netty-handler/4.1.82.Final/644041d1fa96a5d3130a29e8978630d716d76e38/netty-handler-4.1.82.Final.jar:/home/PlayerXess/.gradle/caches/modules-2/files-2.1/io.netty/netty-resolver/4.1.82.Final/38f665ae8dcd29032eea31245ba7806bed2e0fa8/netty-resolver-4.1.82.Final.jar:/home/PlayerXess/.gradle/caches/modules-2/files-2.1/io.netty/netty-transport-classes-epoll/4.1.82.Final/e7c7dd18deac93105797f30057c912651ea76521/netty-transport-classes-epoll-4.1.82.Final.jar:/home/PlayerXess/.gradle/caches/modules-2/files-2.1/io.netty/netty-transport-native-epoll/4.1.82.Final/476409d6255001ca53a55f65b01c13822f8dc93a/netty-transport-native-epoll-4.1.82.Final-linux-aarch_64.jar:/home/PlayerXess/.gradle/caches/modules-2/files-2.1/io.netty/netty-transport-native-epoll/4.1.82.Final/c7350a71920f3ae9142945e25fed4846cce53374/netty-transport-native-epoll-4.1.82.Final-linux-x86_64.jar:/home/PlayerXess/.gradle/caches/modules-2/files-2.1/io.netty/netty-transport-native-unix-common/4.1.82.Final/3e895b35ca1b8a0eca56cacff4c2dde5d2c6abce/netty-transport-native-unix-common-4.1.82.Final.jar:/home/PlayerXess/.gradle/caches/modules-2/files-2.1/io.netty/netty-transport/4.1.82.Final/e431a218d91acb6476ccad5f5aafde50aa3945ca/netty-transport-4.1.82.Final.jar:/home/PlayerXess/.gradle/caches/modules-2/files-2.1/it.unimi.dsi/fastutil/8.5.9/bb7ea75ecdb216654237830b3a96d87ad91f8cc5/fastutil-8.5.9.jar:/home/PlayerXess/.gradle/caches/modules-2/files-2.1/net.java.dev.jna/jna-platform/5.12.1/97406a297c852f4a41e688a176ec675f72e8329/jna-platform-5.12.1.jar:/home/PlayerXess/.gradle/caches/modules-2/files-2.1/net.java.dev.jna/jna/5.12.1/b1e93a735caea94f503e95e6fe79bf9cdc1e985d/jna-5.12.1.jar:/home/PlayerXess/.gradle/caches/modules-2/files-2.1/net.sf.jopt-simple/jopt-simple/5.0.4/4fdac2fbe92dfad86aa6e9301736f6b4342a3f5c/jopt-simple-5.0.4.jar:/home/PlayerXess/.gradle/caches/modules-2/files-2.1/org.apache.commons/commons-compress/1.21/4ec95b60d4e86b5c95a0e919cb172a0af98011ef/commons-compress-1.21.jar:/home/PlayerXess/.gradle/caches/modules-2/files-2.1/org.apache.commons/commons-lang3/3.12.0/c6842c86792ff03b9f1d1fe2aab8dc23aa6c6f0e/commons-lang3-3.12.0.jar:/home/PlayerXess/.gradle/caches/modules-2/files-2.1/org.apache.httpcomponents/httpclient/4.5.13/e5f6cae5ca7ecaac1ec2827a9e2d65ae2869cada/httpclient-4.5.13.jar:/home/PlayerXess/.gradle/caches/modules-2/files-2.1/org.apache.httpcomponents/httpcore/4.4.15/7f2e0c573eaa7a74bac2e89b359e1f73d92a0a1d/httpcore-4.4.15.jar:/home/PlayerXess/.gradle/caches/modules-2/files-2.1/org.apache.logging.log4j/log4j-core/2.19.0/3b6eeb4de4c49c0fe38a4ee27188ff5fee44d0bb/log4j-core-2.19.0.jar:/home/PlayerXess/.gradle/caches/modules-2/files-2.1/org.apache.logging.log4j/log4j-api/2.19.0/ea1b37f38c327596b216542bc636cfdc0b8036fa/log4j-api-2.19.0.jar:/home/PlayerXess/.gradle/caches/modules-2/files-2.1/org.apache.logging.log4j/log4j-slf4j2-impl/2.19.0/5c04bfdd63ce9dceb2e284b81e96b6a70010ee10/log4j-slf4j2-impl-2.19.0.jar:/home/PlayerXess/.gradle/caches/modules-2/files-2.1/org.joml/joml/1.10.5/22566d58af70ad3d72308bab63b8339906deb649/joml-1.10.5.jar:/home/PlayerXess/.gradle/caches/modules-2/files-2.1/org.lwjgl/lwjgl-glfw/3.3.2/757920418805fb90bfebb3d46b1d9e7669fca2eb/lwjgl-glfw-3.3.2.jar:/home/PlayerXess/.gradle/caches/modules-2/files-2.1/org.lwjgl/lwjgl-glfw/3.3.2/766bb0e8e829598b1c8052fd8173c62af741c52/lwjgl-glfw-3.3.2-natives-linux.jar:/home/PlayerXess/.gradle/caches/modules-2/files-2.1/org.lwjgl/lwjgl-jemalloc/3.3.2/877e17e39ebcd58a9c956dc3b5b777813de0873a/lwjgl-jemalloc-3.3.2.jar:/home/PlayerXess/.gradle/caches/modules-2/files-2.1/org.lwjgl/lwjgl-jemalloc/3.3.2/2bc33176cdfabf34a63df154b80914e8f433316b/lwjgl-jemalloc-3.3.2-natives-linux.jar:/home/PlayerXess/.gradle/caches/modules-2/files-2.1/org.lwjgl/lwjgl-openal/3.3.2/ae5357ed6d934546d3533993ea84c0cfb75eed95/lwjgl-openal-3.3.2.jar:/home/PlayerXess/.gradle/caches/modules-2/files-2.1/org.lwjgl/lwjgl-openal/3.3.2/650981780b8bbfb3ce43657b22ec8e77bfb1f37a/lwjgl-openal-3.3.2-natives-linux.jar:/home/PlayerXess/.gradle/caches/modules-2/files-2.1/org.lwjgl/lwjgl-opengl/3.3.2/ee8e95be0b438602038bc1f02dc5e3d011b1b216/lwjgl-opengl-3.3.2.jar:/home/PlayerXess/.gradle/caches/modules-2/files-2.1/org.lwjgl/lwjgl-opengl/3.3.2/b8368430ef0d91a5acbc6fbfa47b20c3ec083aec/lwjgl-opengl-3.3.2-natives-linux.jar:/home/PlayerXess/.gradle/caches/modules-2/files-2.1/org.lwjgl/lwjgl-stb/3.3.2/a2550795014d622b686e9caac50b14baa87d2c70/lwjgl-stb-3.3.2.jar:/home/PlayerXess/.gradle/caches/modules-2/files-2.1/org.lwjgl/lwjgl-stb/3.3.2/5c987f43b342d722b54970159040af76f1c87403/lwjgl-stb-3.3.2-natives-linux.jar:/home/PlayerXess/.gradle/caches/modules-2/files-2.1/org.lwjgl/lwjgl-tinyfd/3.3.2/9f65c248dd77934105274fcf8351abb75b34327c/lwjgl-tinyfd-3.3.2.jar:/home/PlayerXess/.gradle/caches/modules-2/files-2.1/org.lwjgl/lwjgl-tinyfd/3.3.2/5d27fc67172b3fcd8400d61a7cfb75da881f609/lwjgl-tinyfd-3.3.2-natives-linux.jar:/home/PlayerXess/.gradle/caches/modules-2/files-2.1/org.lwjgl/lwjgl/3.3.2/4421d94af68e35dcaa31737a6fc59136a1e61b94/lwjgl-3.3.2.jar:/home/PlayerXess/.gradle/caches/modules-2/files-2.1/org.lwjgl/lwjgl/3.3.2/767684973f259d97e7dc66a125eb153986f177e7/lwjgl-3.3.2-natives-linux.jar:/home/PlayerXess/.gradle/caches/modules-2/files-2.1/org.slf4j/slf4j-api/2.0.1/f48d81adce2abf5ad3cfe463df517952749e03bc/slf4j-api-2.0.1.jar:/home/PlayerXess/Projects/Create-Smorestuff/.gradle/loom-cache/minecraftMaven/net/minecraft/minecraft-merged-61dab2ec5c/1.20.1-loom.mappings.1_20_1.layered+hash.221144983-v2/minecraft-merged-61dab2ec5c-1.20.1-loom.mappings.1_20_1.layered+hash.221144983-v2.jar:/home/PlayerXess/.gradle/caches/modules-2/files-2.1/net.fabricmc/fabric-loader/0.16.11/eb5ed64a38b1d76e0febc1902b27f2c4bd0abe40/fabric-loader-0.16.11.jar:/home/PlayerXess/.gradle/caches/modules-2/files-2.1/com.google.code.findbugs/jsr305/3.0.2/25ea2e8b0c338a877313bd4672d3fe056ea78f0d/jsr305-3.0.2.jar:/home/PlayerXess/.gradle/caches/modules-2/files-2.1/com.electronwill.night-config/toml/3.6.6/f300021dfeece6a2907a0e7545574598220e4ef0/toml-3.6.6.jar:/home/PlayerXess/.gradle/caches/modules-2/files-2.1/com.electronwill.night-config/core/3.6.6/1dccdc2c372ad0846561a2bd40c9db0543e55863/core-3.6.6.jar:/home/PlayerXess/.gradle/caches/modules-2/files-2.1/javax.annotation/javax.annotation-api/1.3.2/934c04d3cfef185a8008e7bf34331b79730a9d43/javax.annotation-api-1.3.2.jar:/home/PlayerXess/Projects/Create-Smorestuff/.gradle/loom-cache/remapped_mods/loom_mappings_1_20_1_layered_hash_221144983_v2/net/playerxess/plre/plre/0.0.6/plre-0.0.6.jar:/home/PlayerXess/Projects/Create-Smorestuff/.gradle/loom-cache/remapped_mods/loom_mappings_1_20_1_layered_hash_221144983_v2/com/simibubi/create/create-fabric-1.20.1/0.5.1-f-build.1417+mc1.20.1/create-fabric-1.20.1-0.5.1-f-build.1417+mc1.20.1.jar:/home/PlayerXess/Projects/Create-Smorestuff/.gradle/loom-cache/remapped_mods/loom_mappings_1_20_1_layered_hash_221144983_v2/io/github/fabricators_of_create/Porting-Lib/base/2.3.2+1.20.1/base-2.3.2+1.20.1.jar:/home/PlayerXess/Projects/Create-Smorestuff/.gradle/loom-cache/remapped_mods/loom_mappings_1_20_1_layered_hash_221144983_v2/io/github/fabricators_of_create/Porting-Lib/extensions/2.3.2+1.20.1/extensions-2.3.2+1.20.1.jar:/home/PlayerXess/Projects/Create-Smorestuff/.gradle/loom-cache/remapped_mods/loom_mappings_1_20_1_layered_hash_221144983_v2/io/github/fabricators_of_create/Porting-Lib/accessors/2.3.2+1.20.1/accessors-2.3.2+1.20.1.jar:/home/PlayerXess/Projects/Create-Smorestuff/.gradle/loom-cache/remapped_mods/loom_mappings_1_20_1_layered_hash_221144983_v2/io/github/fabricators_of_create/Porting-Lib/entity/2.3.2+1.20.1/entity-2.3.2+1.20.1.jar:/home/PlayerXess/Projects/Create-Smorestuff/.gradle/loom-cache/remapped_mods/loom_mappings_1_20_1_layered_hash_221144983_v2/io/github/fabricators_of_create/Porting-Lib/networking/2.3.2+1.20.1/networking-2.3.2+1.20.1.jar:/home/PlayerXess/Projects/Create-Smorestuff/.gradle/loom-cache/remapped_mods/loom_mappings_1_20_1_layered_hash_221144983_v2/io/github/fabricators_of_create/Porting-Lib/obj_loader/2.3.2+1.20.1/obj_loader-2.3.2+1.20.1.jar:/home/PlayerXess/Projects/Create-Smorestuff/.gradle/loom-cache/remapped_mods/loom_mappings_1_20_1_layered_hash_221144983_v2/com/tterrag/registrate_fabric/Registrate/1.3.62-MC1.20.1/Registrate-1.3.62-MC1.20.1.jar:/home/PlayerXess/Projects/Create-Smorestuff/.gradle/loom-cache/remapped_mods/loom_mappings_1_20_1_layered_hash_221144983_v2/io/github/fabricators_of_create/Porting-Lib/tags/2.3.2+1.20.1/tags-2.3.2+1.20.1.jar:/home/PlayerXess/Projects/Create-Smorestuff/.gradle/loom-cache/remapped_mods/loom_mappings_1_20_1_layered_hash_221144983_v2/io/github/fabricators_of_create/Porting-Lib/models/2.3.2+1.20.1/models-2.3.2+1.20.1.jar:/home/PlayerXess/Projects/Create-Smorestuff/.gradle/loom-cache/remapped_mods/loom_mappings_1_20_1_layered_hash_221144983_v2/io/github/fabricators_of_create/Porting-Lib/transfer/2.3.2+1.20.1/transfer-2.3.2+1.20.1.jar:/home/PlayerXess/Projects/Create-Smorestuff/.gradle/loom-cache/remapped_mods/loom_mappings_1_20_1_layered_hash_221144983_v2/io/github/fabricators_of_create/Porting-Lib/tool_actions/2.3.2+1.20.1/tool_actions-2.3.2+1.20.1.jar:/home/PlayerXess/Projects/Create-Smorestuff/.gradle/loom-cache/remapped_mods/loom_mappings_1_20_1_layered_hash_221144983_v2/io/github/fabricators_of_create/Porting-Lib/client_events/2.3.2+1.20.1/client_events-2.3.2+1.20.1.jar:/home/PlayerXess/Projects/Create-Smorestuff/.gradle/loom-cache/remapped_mods/loom_mappings_1_20_1_layered_hash_221144983_v2/io/github/fabricators_of_create/Porting-Lib/brewing/2.3.2+1.20.1/brewing-2.3.2+1.20.1.jar:/home/PlayerXess/Projects/Create-Smorestuff/.gradle/loom-cache/remapped_mods/loom_mappings_1_20_1_layered_hash_221144983_v2/fuzs/forgeconfigapiport/forgeconfigapiport-fabric/8.0.0/forgeconfigapiport-fabric-8.0.0.jar:/home/PlayerXess/Projects/Create-Smorestuff/.gradle/loom-cache/remapped_mods/loom_mappings_1_20_1_layered_hash_221144983_v2/com/jozufozu/flywheel/flywheel-fabric-1.20.1/0.6.10-2/flywheel-fabric-1.20.1-0.6.10-2.jar:/home/PlayerXess/Projects/Create-Smorestuff/.gradle/loom-cache/remapped_mods/loom_mappings_1_20_1_layered_hash_221144983_v2/io/github/fabricators_of_create/Porting-Lib/attributes/2.3.2+1.20.1/attributes-2.3.2+1.20.1.jar:/home/PlayerXess/Projects/Create-Smorestuff/.gradle/loom-cache/remapped_mods/loom_mappings_1_20_1_layered_hash_221144983_v2/com/jamieswhiteshirt/reach-entity-attributes/2.4.0/reach-entity-attributes-2.4.0.jar:/home/PlayerXess/Projects/Create-Smorestuff/.gradle/loom-cache/remapped_mods/loom_mappings_1_20_1_layered_hash_221144983_v2/io/github/tropheusj/milk-lib/1.2.60/milk-lib-1.2.60.jar:/home/PlayerXess/Projects/Create-Smorestuff/.gradle/loom-cache/remapped_mods/loom_mappings_1_20_1_layered_hash_221144983_v2/io/github/fabricators_of_create/Porting-Lib/lazy_registration/2.3.2+1.20.1/lazy_registration-2.3.2+1.20.1.jar:/home/PlayerXess/Projects/Create-Smorestuff/.gradle/loom-cache/remapped_mods/loom_mappings_1_20_1_layered_hash_221144983_v2/io/github/fabricators_of_create/Porting-Lib/model_generators/2.1.1090+1.20/model_generators-2.1.1090+1.20.jar:/home/PlayerXess/Projects/Create-Smorestuff/.gradle/loom-cache/remapped_mods/loom_mappings_1_20_1_layered_hash_221144983_v2/io/github/fabricators_of_create/Porting-Lib/data/2.1.1090+1.20/data-2.1.1090+1.20.jar:/home/PlayerXess/Projects/Create-Smorestuff/.gradle/loom-cache/remapped_mods/loom_mappings_1_20_1_layered_hash_221144983_v2/io/github/fabricators_of_create/Porting-Lib/utility/2.3.2+1.20.1/utility-2.3.2+1.20.1.jar:/home/PlayerXess/Projects/Create-Smorestuff/.gradle/loom-cache/remapped_mods/loom_mappings_1_20_1_layered_hash_221144983_v2/io/github/fabricators_of_create/Porting-Lib/common/2.3.2+1.20.1/common-2.3.2+1.20.1.jar:/home/PlayerXess/Projects/Create-Smorestuff/.gradle/loom-cache/remapped_mods/loom_mappings_1_20_1_layered_hash_221144983_v2/io/github/fabricators_of_create/Porting-Lib/config/2.3.2+1.20.1/config-2.3.2+1.20.1.jar:/home/PlayerXess/Projects/Create-Smorestuff/.gradle/loom-cache/remapped_mods/loom_mappings_1_20_1_layered_hash_221144983_v2/io/github/fabricators_of_create/Porting-Lib/mixin_extensions/2.3.2+1.20.1/mixin_extensions-2.3.2+1.20.1.jar:/home/PlayerXess/Projects/Create-Smorestuff/.gradle/loom-cache/remapped_mods/loom_mappings_1_20_1_layered_hash_221144983_v2/io/github/fabricators_of_create/Porting-Lib/model_loader/2.3.2+1.20.1/model_loader-2.3.2+1.20.1.jar:/home/PlayerXess/Projects/Create-Smorestuff/.gradle/loom-cache/remapped_mods/loom_mappings_1_20_1_layered_hash_221144983_v2/io/github/fabricators_of_create/Porting-Lib/fluids/2.3.2+1.20.1/fluids-2.3.2+1.20.1.jar:/home/PlayerXess/Projects/Create-Smorestuff/.gradle/loom-cache/remapped_mods/loom_mappings_1_20_1_layered_hash_221144983_v2/io/github/fabricators_of_create/Porting-Lib/model_materials/2.1.1090+1.20/model_materials-2.1.1090+1.20.jar:/home/PlayerXess/Projects/Create-Smorestuff/.gradle/loom-cache/remapped_mods/loom_mappings_1_20_1_layered_hash_221144983_v2/io/github/fabricators_of_create/Porting-Lib/core/2.3.2+1.20.1/core-2.3.2+1.20.1.jar:/home/PlayerXess/Projects/Create-Smorestuff/.gradle/loom-cache/remapped_mods/loom_mappings_1_20_1_layered_hash_221144983_v2/io/github/tropheusj/dripstone-fluid-lib/3.0.2/dripstone-fluid-lib-3.0.2.jar:/home/PlayerXess/Projects/Create-Smorestuff/.gradle/loom-cache/remapped_mods/loom_mappings_1_20_1_layered_hash_221144983_v2/net/fabricmc/fabric-api/fabric-api/0.92.5+1.20.1/fabric-api-0.92.5+1.20.1.jar:/home/PlayerXess/Projects/Create-Smorestuff/.gradle/loom-cache/remapped_mods/loom_mappings_1_20_1_layered_hash_221144983_v2/net/fabricmc/fabric-api/fabric-transfer-api-v1/3.3.6+8dd72ea377/fabric-transfer-api-v1-3.3.6+8dd72ea377.jar:/home/PlayerXess/Projects/Create-Smorestuff/.gradle/loom-cache/remapped_mods/loom_mappings_1_20_1_layered_hash_221144983_v2/net/fabricmc/fabric-api/fabric-api-lookup-api-v1/1.6.37+1802ada577/fabric-api-lookup-api-v1-1.6.37+1802ada577.jar:/home/PlayerXess/Projects/Create-Smorestuff/.gradle/loom-cache/remapped_mods/loom_mappings_1_20_1_layered_hash_221144983_v2/net/fabricmc/fabric-api/fabric-blockrenderlayer-v1/1.1.42+1802ada577/fabric-blockrenderlayer-v1-1.1.42+1802ada577.jar:/home/PlayerXess/Projects/Create-Smorestuff/.gradle/loom-cache/remapped_mods/loom_mappings_1_20_1_layered_hash_221144983_v2/net/fabricmc/fabric-api/fabric-client-tags-api-v1/1.1.3+1802ada577/fabric-client-tags-api-v1-1.1.3+1802ada577.jar:/home/PlayerXess/Projects/Create-Smorestuff/.gradle/loom-cache/remapped_mods/loom_mappings_1_20_1_layered_hash_221144983_v2/net/fabricmc/fabric-api/fabric-command-api-v1/1.2.35+f71b366f77/fabric-command-api-v1-1.2.35+f71b366f77.jar:/home/PlayerXess/Projects/Create-Smorestuff/.gradle/loom-cache/remapped_mods/loom_mappings_1_20_1_layered_hash_221144983_v2/net/fabricmc/fabric-api/fabric-commands-v0/0.2.52+df3654b377/fabric-commands-v0-0.2.52+df3654b377.jar:/home/PlayerXess/Projects/Create-Smorestuff/.gradle/loom-cache/remapped_mods/loom_mappings_1_20_1_layered_hash_221144983_v2/net/fabricmc/fabric-api/fabric-command-api-v2/2.2.14+1802ada577/fabric-command-api-v2-2.2.14+1802ada577.jar:/home/PlayerXess/Projects/Create-Smorestuff/.gradle/loom-cache/remapped_mods/loom_mappings_1_20_1_layered_hash_221144983_v2/net/fabricmc/fabric-api/fabric-content-registries-v0/4.0.13+1802ada577/fabric-content-registries-v0-4.0.13+1802ada577.jar:/home/PlayerXess/Projects/Create-Smorestuff/.gradle/loom-cache/remapped_mods/loom_mappings_1_20_1_layered_hash_221144983_v2/net/fabricmc/fabric-api/fabric-convention-tags-v1/1.5.6+1802ada577/fabric-convention-tags-v1-1.5.6+1802ada577.jar:/home/PlayerXess/Projects/Create-Smorestuff/.gradle/loom-cache/remapped_mods/loom_mappings_1_20_1_layered_hash_221144983_v2/net/fabricmc/fabric-api/fabric-data-attachment-api-v1/1.0.2+de0fd6d177/fabric-data-attachment-api-v1-1.0.2+de0fd6d177.jar:/home/PlayerXess/Projects/Create-Smorestuff/.gradle/loom-cache/remapped_mods/loom_mappings_1_20_1_layered_hash_221144983_v2/net/fabricmc/fabric-api/fabric-data-generation-api-v1/12.3.6+1802ada577/fabric-data-generation-api-v1-12.3.6+1802ada577.jar:/home/PlayerXess/Projects/Create-Smorestuff/.gradle/loom-cache/remapped_mods/loom_mappings_1_20_1_layered_hash_221144983_v2/net/fabricmc/fabric-api/fabric-dimensions-v1/2.1.55+1802ada577/fabric-dimensions-v1-2.1.55+1802ada577.jar:/home/PlayerXess/Projects/Create-Smorestuff/.gradle/loom-cache/remapped_mods/loom_mappings_1_20_1_layered_hash_221144983_v2/net/fabricmc/fabric-api/fabric-entity-events-v1/1.6.1+1c78457f77/fabric-entity-events-v1-1.6.1+1c78457f77.jar:/home/PlayerXess/Projects/Create-Smorestuff/.gradle/loom-cache/remapped_mods/loom_mappings_1_20_1_layered_hash_221144983_v2/net/fabricmc/fabric-api/fabric-events-interaction-v0/0.6.4+13a40c6677/fabric-events-interaction-v0-0.6.4+13a40c6677.jar:/home/PlayerXess/Projects/Create-Smorestuff/.gradle/loom-cache/remapped_mods/loom_mappings_1_20_1_layered_hash_221144983_v2/net/fabricmc/fabric-api/fabric-gametest-api-v1/1.2.15+1802ada577/fabric-gametest-api-v1-1.2.15+1802ada577.jar:/home/PlayerXess/Projects/Create-Smorestuff/.gradle/loom-cache/remapped_mods/loom_mappings_1_20_1_layered_hash_221144983_v2/net/fabricmc/fabric-api/fabric-events-lifecycle-v0/0.2.64+df3654b377/fabric-events-lifecycle-v0-0.2.64+df3654b377.jar:/home/PlayerXess/Projects/Create-Smorestuff/.gradle/loom-cache/remapped_mods/loom_mappings_1_20_1_layered_hash_221144983_v2/net/fabricmc/fabric-api/fabric-item-api-v1/2.1.29+1802ada577/fabric-item-api-v1-2.1.29+1802ada577.jar:/home/PlayerXess/Projects/Create-Smorestuff/.gradle/loom-cache/remapped_mods/loom_mappings_1_20_1_layered_hash_221144983_v2/net/fabricmc/fabric-api/fabric-item-group-api-v1/4.0.14+1802ada577/fabric-item-group-api-v1-4.0.14+1802ada577.jar:/home/PlayerXess/Projects/Create-Smorestuff/.gradle/loom-cache/remapped_mods/loom_mappings_1_20_1_layered_hash_221144983_v2/net/fabricmc/fabric-api/fabric-mining-level-api-v1/2.1.52+1802ada577/fabric-mining-level-api-v1-2.1.52+1802ada577.jar:/home/PlayerXess/Projects/Create-Smorestuff/.gradle/loom-cache/remapped_mods/loom_mappings_1_20_1_layered_hash_221144983_v2/net/fabricmc/fabric-api/fabric-lifecycle-events-v1/2.2.23+1802ada577/fabric-lifecycle-events-v1-2.2.23+1802ada577.jar:/home/PlayerXess/Projects/Create-Smorestuff/.gradle/loom-cache/remapped_mods/loom_mappings_1_20_1_layered_hash_221144983_v2/net/fabricmc/fabric-api/fabric-loot-tables-v1/1.1.47+9e7660c677/fabric-loot-tables-v1-1.1.47+9e7660c677.jar:/home/PlayerXess/Projects/Create-Smorestuff/.gradle/loom-cache/remapped_mods/loom_mappings_1_20_1_layered_hash_221144983_v2/net/fabricmc/fabric-api/fabric-loot-api-v2/1.2.3+1802ada577/fabric-loot-api-v2-1.2.3+1802ada577.jar:/home/PlayerXess/Projects/Create-Smorestuff/.gradle/loom-cache/remapped_mods/loom_mappings_1_20_1_layered_hash_221144983_v2/net/fabricmc/fabric-api/fabric-message-api-v1/5.1.10+1802ada577/fabric-message-api-v1-5.1.10+1802ada577.jar:/home/PlayerXess/Projects/Create-Smorestuff/.gradle/loom-cache/remapped_mods/loom_mappings_1_20_1_layered_hash_221144983_v2/net/fabricmc/fabric-api/fabric-models-v0/0.4.3+9386d8a777/fabric-models-v0-0.4.3+9386d8a777.jar:/home/PlayerXess/Projects/Create-Smorestuff/.gradle/loom-cache/remapped_mods/loom_mappings_1_20_1_layered_hash_221144983_v2/net/fabricmc/fabric-api/fabric-model-loading-api-v1/1.0.4+1802ada577/fabric-model-loading-api-v1-1.0.4+1802ada577.jar:/home/PlayerXess/Projects/Create-Smorestuff/.gradle/loom-cache/remapped_mods/loom_mappings_1_20_1_layered_hash_221144983_v2/net/fabricmc/fabric-api/fabric-recipe-api-v1/1.0.23+1802ada577/fabric-recipe-api-v1-1.0.23+1802ada577.jar:/home/PlayerXess/Projects/Create-Smorestuff/.gradle/loom-cache/remapped_mods/loom_mappings_1_20_1_layered_hash_221144983_v2/net/fabricmc/fabric-api/fabric-registry-sync-v0/2.3.5+1802ada577/fabric-registry-sync-v0-2.3.5+1802ada577.jar:/home/PlayerXess/Projects/Create-Smorestuff/.gradle/loom-cache/remapped_mods/loom_mappings_1_20_1_layered_hash_221144983_v2/net/fabricmc/fabric-api/fabric-screen-handler-api-v1/1.3.32+1802ada577/fabric-screen-handler-api-v1-1.3.32+1802ada577.jar:/home/PlayerXess/Projects/Create-Smorestuff/.gradle/loom-cache/remapped_mods/loom_mappings_1_20_1_layered_hash_221144983_v2/net/fabricmc/fabric-api/fabric-containers-v0/0.1.66+df3654b377/fabric-containers-v0-0.1.66+df3654b377.jar:/home/PlayerXess/Projects/Create-Smorestuff/.gradle/loom-cache/remapped_mods/loom_mappings_1_20_1_layered_hash_221144983_v2/net/fabricmc/fabric-api/fabric-networking-v0/0.3.53+df3654b377/fabric-networking-v0-0.3.53+df3654b377.jar:/home/PlayerXess/Projects/Create-Smorestuff/.gradle/loom-cache/remapped_mods/loom_mappings_1_20_1_layered_hash_221144983_v2/net/fabricmc/fabric-api/fabric-networking-api-v1/1.3.13+13a40c6677/fabric-networking-api-v1-1.3.13+13a40c6677.jar:/home/PlayerXess/Projects/Create-Smorestuff/.gradle/loom-cache/remapped_mods/loom_mappings_1_20_1_layered_hash_221144983_v2/net/fabricmc/fabric-api/fabric-object-builder-api-v1/11.1.5+e35120df77/fabric-object-builder-api-v1-11.1.5+e35120df77.jar:/home/PlayerXess/Projects/Create-Smorestuff/.gradle/loom-cache/remapped_mods/loom_mappings_1_20_1_layered_hash_221144983_v2/net/fabricmc/fabric-api/fabric-particles-v1/1.1.3+1802ada577/fabric-particles-v1-1.1.3+1802ada577.jar:/home/PlayerXess/Projects/Create-Smorestuff/.gradle/loom-cache/remapped_mods/loom_mappings_1_20_1_layered_hash_221144983_v2/net/fabricmc/fabric-api/fabric-renderer-indigo/1.5.3+85287f9f77/fabric-renderer-indigo-1.5.3+85287f9f77.jar:/home/PlayerXess/Projects/Create-Smorestuff/.gradle/loom-cache/remapped_mods/loom_mappings_1_20_1_layered_hash_221144983_v2/net/fabricmc/fabric-api/fabric-renderer-api-v1/3.2.2+1802ada577/fabric-renderer-api-v1-3.2.2+1802ada577.jar:/home/PlayerXess/Projects/Create-Smorestuff/.gradle/loom-cache/remapped_mods/loom_mappings_1_20_1_layered_hash_221144983_v2/net/fabricmc/fabric-api/fabric-rendering-fluids-v1/3.0.29+1802ada577/fabric-rendering-fluids-v1-3.0.29+1802ada577.jar:/home/PlayerXess/Projects/Create-Smorestuff/.gradle/loom-cache/remapped_mods/loom_mappings_1_20_1_layered_hash_221144983_v2/net/fabricmc/fabric-api/fabric-renderer-registries-v1/3.2.47+df3654b377/fabric-renderer-registries-v1-3.2.47+df3654b377.jar:/home/PlayerXess/Projects/Create-Smorestuff/.gradle/loom-cache/remapped_mods/loom_mappings_1_20_1_layered_hash_221144983_v2/net/fabricmc/fabric-api/fabric-rendering-v0/1.1.50+df3654b377/fabric-rendering-v0-1.1.50+df3654b377.jar:/home/PlayerXess/Projects/Create-Smorestuff/.gradle/loom-cache/remapped_mods/loom_mappings_1_20_1_layered_hash_221144983_v2/net/fabricmc/fabric-api/fabric-rendering-v1/3.0.9+1802ada577/fabric-rendering-v1-3.0.9+1802ada577.jar:/home/PlayerXess/Projects/Create-Smorestuff/.gradle/loom-cache/remapped_mods/loom_mappings_1_20_1_layered_hash_221144983_v2/net/fabricmc/fabric-api/fabric-screen-api-v1/2.0.9+1802ada577/fabric-screen-api-v1-2.0.9+1802ada577.jar:/home/PlayerXess/Projects/Create-Smorestuff/.gradle/loom-cache/remapped_mods/loom_mappings_1_20_1_layered_hash_221144983_v2/net/fabricmc/fabric-api/fabric-api-base/0.4.32+1802ada577/fabric-api-base-0.4.32+1802ada577.jar:/home/PlayerXess/Projects/Create-Smorestuff/.gradle/loom-cache/remapped_mods/loom_mappings_1_20_1_layered_hash_221144983_v2/net/fabricmc/fabric-api/fabric-biome-api-v1/13.0.14+1802ada577/fabric-biome-api-v1-13.0.14+1802ada577.jar:/home/PlayerXess/Projects/Create-Smorestuff/.gradle/loom-cache/remapped_mods/loom_mappings_1_20_1_layered_hash_221144983_v2/net/fabricmc/fabric-api/fabric-block-api-v1/1.0.12+1802ada577/fabric-block-api-v1-1.0.12+1802ada577.jar:/home/PlayerXess/Projects/Create-Smorestuff/.gradle/loom-cache/remapped_mods/loom_mappings_1_20_1_layered_hash_221144983_v2/net/fabricmc/fabric-api/fabric-rendering-data-attachment-v1/0.3.39+92a0d36777/fabric-rendering-data-attachment-v1-0.3.39+92a0d36777.jar:/home/PlayerXess/Projects/Create-Smorestuff/.gradle/loom-cache/remapped_mods/loom_mappings_1_20_1_layered_hash_221144983_v2/net/fabricmc/fabric-api/fabric-block-view-api-v2/1.0.3+924f046a77/fabric-block-view-api-v2-1.0.3+924f046a77.jar:/home/PlayerXess/Projects/Create-Smorestuff/.gradle/loom-cache/remapped_mods/loom_mappings_1_20_1_layered_hash_221144983_v2/net/fabricmc/fabric-api/fabric-crash-report-info-v1/0.2.20+1802ada577/fabric-crash-report-info-v1-0.2.20+1802ada577.jar:/home/PlayerXess/Projects/Create-Smorestuff/.gradle/loom-cache/remapped_mods/loom_mappings_1_20_1_layered_hash_221144983_v2/net/fabricmc/fabric-api/fabric-game-rule-api-v1/1.0.41+1802ada577/fabric-game-rule-api-v1-1.0.41+1802ada577.jar:/home/PlayerXess/Projects/Create-Smorestuff/.gradle/loom-cache/remapped_mods/loom_mappings_1_20_1_layered_hash_221144983_v2/net/fabricmc/fabric-api/fabric-keybindings-v0/0.2.36+df3654b377/fabric-keybindings-v0-0.2.36+df3654b377.jar:/home/PlayerXess/Projects/Create-Smorestuff/.gradle/loom-cache/remapped_mods/loom_mappings_1_20_1_layered_hash_221144983_v2/net/fabricmc/fabric-api/fabric-key-binding-api-v1/1.0.38+1802ada577/fabric-key-binding-api-v1-1.0.38+1802ada577.jar:/home/PlayerXess/Projects/Create-Smorestuff/.gradle/loom-cache/remapped_mods/loom_mappings_1_20_1_layered_hash_221144983_v2/net/fabricmc/fabric-api/fabric-resource-conditions-api-v1/2.3.9+1802ada577/fabric-resource-conditions-api-v1-2.3.9+1802ada577.jar:/home/PlayerXess/Projects/Create-Smorestuff/.gradle/loom-cache/remapped_mods/loom_mappings_1_20_1_layered_hash_221144983_v2/net/fabricmc/fabric-api/fabric-resource-loader-v0/0.11.12+fb82e9d777/fabric-resource-loader-v0-0.11.12+fb82e9d777.jar:/home/PlayerXess/Projects/Create-Smorestuff/.gradle/loom-cache/remapped_mods/loom_mappings_1_20_1_layered_hash_221144983_v2/net/fabricmc/fabric-api/fabric-sound-api-v1/1.0.14+1802ada577/fabric-sound-api-v1-1.0.14+1802ada577.jar:/home/PlayerXess/Projects/Create-Smorestuff/.gradle/loom-cache/remapped_mods/loom_mappings_1_20_1_layered_hash_221144983_v2/net/fabricmc/fabric-api/fabric-transitive-access-wideners-v1/4.3.2+1802ada577/fabric-transitive-access-wideners-v1-4.3.2+1802ada577.jar:/home/PlayerXess/Projects/Create-Smorestuff/.gradle/loom-cache/remapped_mods/loom_mappings_1_20_1_layered_hash_221144983_v2/com/github/llamalad7/mixinextras/mixinextras-fabric/0.2.0-beta.6/mixinextras-fabric-0.2.0-beta.6.jar:/home/PlayerXess/Projects/Create-Smorestuff/.gradle/loom-cache/remapped_mods/loom_mappings_1_20_1_layered_hash_221144983_v2/maven/modrinth/lazydfu/0.1.3/lazydfu-0.1.3.jar:/home/PlayerXess/Projects/Create-Smorestuff/.gradle/loom-cache/remapped_mods/loom_mappings_1_20_1_layered_hash_221144983_v2/com/terraformersmc/modmenu/7.2.2/modmenu-7.2.2.jar:/home/PlayerXess/Projects/Create-Smorestuff/.gradle/loom-cache/remapped_mods/loom_mappings_1_20_1_layered_hash_221144983_v2/dev/emi/emi-fabric/1.1.21+1.20.1/emi-fabric-1.1.21+1.20.1.jar:/home/PlayerXess/.gradle/caches/modules-2/files-2.1/org.jline/jline-reader/3.20.0/8f15415b022a25b473e8e16c28ae913186ffb9c4/jline-reader-3.20.0.jar:/home/PlayerXess/.gradle/caches/modules-2/files-2.1/org.jline/jline-terminal/3.20.0/d0ddcc708ddf527a3454c941b7b9225cc83a15ff/jline-terminal-3.20.0.jar)
		at com.sun.jna.Native.extractFromResourcePath(Native.java:1145) ~[jna-5.12.1.jar:5.12.1 (b0)]
		at com.sun.jna.NativeLibrary.loadLibrary(NativeLibrary.java:281) ~[jna-5.12.1.jar:5.12.1 (b0)]
		at com.sun.jna.NativeLibrary.getInstance(NativeLibrary.java:467) ~[jna-5.12.1.jar:5.12.1 (b0)]
		at com.sun.jna.NativeLibrary.getInstance(NativeLibrary.java:409) ~[jna-5.12.1.jar:5.12.1 (b0)]
		at com.mojang.text2speech.NarratorLinux$FliteLibrary.loadNative(NarratorLinux.java:67) ~[text2speech-1.17.9.jar:?]
		at com.mojang.text2speech.NarratorLinux.<init>(NarratorLinux.java:18) ~[text2speech-1.17.9.jar:?]
		at com.mojang.text2speech.Narrator.getNarrator(Narrator.java:41) ~[text2speech-1.17.9.jar:?]
		at net.minecraft.client.util.NarratorManager.<init>(NarratorManager.java:19) ~[minecraft-merged-61dab2ec5c-1.20.1-loom.mappings.1_20_1.layered+hash.221144983-v2.jar:?]
		at net.minecraft.client.MinecraftClient.<init>(MinecraftClient.java:640) ~[minecraft-merged-61dab2ec5c-1.20.1-loom.mappings.1_20_1.layered+hash.221144983-v2.jar:?]
		at net.minecraft.client.main.Main.main(Main.java:211) ~[minecraft-merged-61dab2ec5c-1.20.1-loom.mappings.1_20_1.layered+hash.221144983-v2.jar:?]
		at net.fabricmc.loader.impl.game.minecraft.MinecraftGameProvider.launch(MinecraftGameProvider.java:480) ~[fabric-loader-0.16.11.jar:?]
		at net.fabricmc.loader.impl.launch.knot.Knot.launch(Knot.java:74) ~[fabric-loader-0.16.11.jar:?]
		at net.fabricmc.loader.impl.launch.knot.KnotClient.main(KnotClient.java:23) ~[fabric-loader-0.16.11.jar:?]
		at net.fabricmc.devlaunchinjector.Main.main(Main.java:86) ~[dev-launch-injector-0.2.1+build.8.jar:?]
[13:58:37] [Render thread/INFO] (Minecraft) Reloading ResourceManager: vanilla, fabric (fabric-block-api-v1, fabric-api-lookup-api-v1, porting_lib_tags, fabric-gametest-api-v1, fabric-key-binding-api-v1, fabric-networking-api-v1, fabricloader, fabric-loot-tables-v1, fabric-transitive-access-wideners-v1, milk, reach-entity-attributes, plre, fabric-game-rule-api-v1, fabric-loot-api-v2, porting_lib_config, forgeconfigapiport, fabric-blockrenderlayer-v1, porting_lib_data, flywheel, porting_lib_model_generators, fabric-client-tags-api-v1, lazydfu, fabric-recipe-api-v1, fabric-keybindings-v0, porting_lib_models, create, fabric-resource-conditions-api-v1, fabric-particles-v1, fabric-renderer-indigo, emi, fabric-convention-tags-v1, registrate-fabric, porting_lib_fluids, porting_lib_client_events, porting_lib_model_materials, dripstone_fluid_lib, fabric-data-attachment-api-v1, fabric-lifecycle-events-v1, porting_lib_tool_actions, fabric-models-v0, fabric-commands-v0, porting_lib_transfer, porting_lib_base, fabric-sound-api-v1, porting_lib_common, smorestuff, fabric-model-loading-api-v1, fabric-registry-sync-v0, fabric-api-base, fabric-command-api-v1, fabric-rendering-data-attachment-v1, fabric-screen-handler-api-v1, fabric-rendering-v1, fabric-entity-events-v1, modmenu, fabric-data-generation-api-v1, fabric-object-builder-api-v1, fabric-resource-loader-v0, fabric-renderer-registries-v1, fabric-api, fabric-item-api-v1, porting_lib_obj_loader, porting_lib_accessors, porting_lib_extensions, fabric-biome-api-v1, fabric-transfer-api-v1, fabric-rendering-v0, fabric-renderer-api-v1, porting_lib_brewing, fabric-mining-level-api-v1, porting_lib_model_loader, porting_lib_lazy_registration, fabric-containers-v0, fabric-item-group-api-v1, porting_lib_attributes, fabric-networking-v0, porting_lib_utility, porting_lib_entity, fabric-events-lifecycle-v0, porting_lib_mixin_extensions, fabric-message-api-v1, fabric-content-registries-v0, fabric-command-api-v2, fabric-rendering-fluids-v1, fabric-dimensions-v1, porting_lib_networking, porting_lib_core, fabric-block-view-api-v2, fabric-crash-report-info-v1, fabric-events-interaction-v0, fabric-screen-api-v1)
[13:58:37] [Worker-Main-13/INFO] (Minecraft) Found unifont_all_no_pua-15.0.06.hex, loading
[13:58:37] [Realms Notification Availability checker #1/INFO] (Minecraft) Could not authorize you against Realms server: Invalid session id
[13:58:37] [Worker-Main-14/WARN] (Minecraft) Unused frames in sprite smorestuff:block/marshmallow_still: [20, 21, 22, 23, 24, 25, 26, 27, 28, 29, 30, 31]
[13:58:38] [Worker-Main-1/WARN] (Minecraft) Exception loading blockstate definition: 'smorestuff:blockstates/fluid_marshmallow_block.json' missing model for variant: 'smorestuff:fluid_marshmallow_block#level=6'
[13:58:38] [Worker-Main-1/WARN] (Minecraft) Exception loading blockstate definition: 'smorestuff:blockstates/fluid_marshmallow_block.json' missing model for variant: 'smorestuff:fluid_marshmallow_block#level=5'
[13:58:38] [Worker-Main-1/WARN] (Minecraft) Exception loading blockstate definition: 'smorestuff:blockstates/fluid_marshmallow_block.json' missing model for variant: 'smorestuff:fluid_marshmallow_block#level=8'
[13:58:38] [Worker-Main-1/WARN] (Minecraft) Exception loading blockstate definition: 'smorestuff:blockstates/fluid_marshmallow_block.json' missing model for variant: 'smorestuff:fluid_marshmallow_block#level=7'
[13:58:38] [Worker-Main-1/WARN] (Minecraft) Exception loading blockstate definition: 'smorestuff:blockstates/fluid_marshmallow_block.json' missing model for variant: 'smorestuff:fluid_marshmallow_block#level=12'
[13:58:38] [Worker-Main-1/WARN] (Minecraft) Exception loading blockstate definition: 'smorestuff:blockstates/fluid_marshmallow_block.json' missing model for variant: 'smorestuff:fluid_marshmallow_block#level=9'
[13:58:38] [Worker-Main-1/WARN] (Minecraft) Exception loading blockstate definition: 'smorestuff:blockstates/fluid_marshmallow_block.json' missing model for variant: 'smorestuff:fluid_marshmallow_block#level=13'
[13:58:38] [Worker-Main-1/WARN] (Minecraft) Exception loading blockstate definition: 'smorestuff:blockstates/fluid_marshmallow_block.json' missing model for variant: 'smorestuff:fluid_marshmallow_block#level=10'
[13:58:38] [Worker-Main-1/WARN] (Minecraft) Exception loading blockstate definition: 'smorestuff:blockstates/fluid_marshmallow_block.json' missing model for variant: 'smorestuff:fluid_marshmallow_block#level=11'
[13:58:38] [Worker-Main-1/WARN] (Minecraft) Exception loading blockstate definition: 'smorestuff:blockstates/fluid_marshmallow_block.json' missing model for variant: 'smorestuff:fluid_marshmallow_block#level=0'
[13:58:38] [Worker-Main-1/WARN] (Minecraft) Exception loading blockstate definition: 'smorestuff:blockstates/fluid_marshmallow_block.json' missing model for variant: 'smorestuff:fluid_marshmallow_block#level=14'
[13:58:38] [Worker-Main-1/WARN] (Minecraft) Exception loading blockstate definition: 'smorestuff:blockstates/fluid_marshmallow_block.json' missing model for variant: 'smorestuff:fluid_marshmallow_block#level=15'
[13:58:38] [Worker-Main-1/WARN] (Minecraft) Exception loading blockstate definition: 'smorestuff:blockstates/fluid_marshmallow_block.json' missing model for variant: 'smorestuff:fluid_marshmallow_block#level=2'
[13:58:38] [Worker-Main-1/WARN] (Minecraft) Exception loading blockstate definition: 'smorestuff:blockstates/fluid_marshmallow_block.json' missing model for variant: 'smorestuff:fluid_marshmallow_block#level=1'
[13:58:38] [Worker-Main-1/WARN] (Minecraft) Exception loading blockstate definition: 'smorestuff:blockstates/fluid_marshmallow_block.json' missing model for variant: 'smorestuff:fluid_marshmallow_block#level=4'
[13:58:38] [Worker-Main-1/WARN] (Minecraft) Exception loading blockstate definition: 'smorestuff:blockstates/fluid_marshmallow_block.json' missing model for variant: 'smorestuff:fluid_marshmallow_block#level=3'
[13:58:38] [Worker-Main-1/WARN] (Minecraft) Unable to load model: 'smorestuff:marshmallow_bucket#inventory' referenced from: smorestuff:marshmallow_bucket#inventory: java.io.FileNotFoundException: smorestuff:models/item/marshmallow_bucket.json
[13:58:38] [Worker-Main-1/WARN] (Minecraft) Unable to load model: 'smorestuff:traditional_smore#inventory' referenced from: smorestuff:traditional_smore#inventory: java.io.FileNotFoundException: smorestuff:models/item/traditional_smore.json
[13:58:39] [Worker-Main-1/WARN] (Minecraft) Missing textures in model smorestuff:chocolatey_smore#inventory:
    minecraft:textures/atlas/blocks.png:smorestuff:item/chocolatey_smore
[13:58:39] [Worker-Main-1/WARN] (Minecraft) Missing textures in model smorestuff:marshmallowey_smore#inventory:
    minecraft:textures/atlas/blocks.png:smorestuff:item/marshmallowey_smore
[13:58:39] [Render thread/WARN] (Minecraft) Missing sound for event: minecraft:item.goat_horn.play
[13:58:39] [Render thread/WARN] (Minecraft) Missing sound for event: minecraft:entity.goat.screaming.horn_break
[13:58:39] [Render thread/INFO] (Minecraft) OpenAL initialized on device Family 17h/19h/1ah HD Audio Controller Analog Stereo
[13:58:39] [Render thread/INFO] (Minecraft) Sound engine started
[13:58:39] [Render thread/INFO] (Minecraft) Created: 2048x1024x4 minecraft:textures/atlas/blocks.png-atlas
[13:58:40] [Render thread/INFO] (Minecraft) Created: 256x256x4 minecraft:textures/atlas/signs.png-atlas
[13:58:40] [Render thread/INFO] (Minecraft) Created: 512x512x4 minecraft:textures/atlas/banner_patterns.png-atlas
[13:58:40] [Render thread/INFO] (Minecraft) Created: 512x512x4 minecraft:textures/atlas/shield_patterns.png-atlas
[13:58:40] [Render thread/INFO] (Minecraft) Created: 1024x1024x4 minecraft:textures/atlas/armor_trims.png-atlas
[13:58:40] [Render thread/INFO] (Minecraft) Created: 256x256x4 minecraft:textures/atlas/chest.png-atlas
[13:58:40] [Render thread/INFO] (Minecraft) Created: 128x64x4 minecraft:textures/atlas/decorated_pot.png-atlas
[13:58:40] [Render thread/INFO] (Minecraft) Created: 512x256x4 minecraft:textures/atlas/shulker_boxes.png-atlas
[13:58:40] [Render thread/INFO] (Minecraft) Created: 512x256x4 minecraft:textures/atlas/beds.png-atlas
[13:58:40] [Render thread/WARN] (Minecraft) Shader rendertype_entity_translucent_emissive could not find sampler named Sampler2 in the specified shader program.
[13:58:40] [Render thread/INFO] (Minecraft) Created: 512x256x0 minecraft:textures/atlas/particles.png-atlas
[13:58:40] [Render thread/INFO] (Minecraft) Created: 256x256x0 minecraft:textures/atlas/paintings.png-atlas
[13:58:40] [Render thread/INFO] (Minecraft) Created: 128x128x0 minecraft:textures/atlas/mob_effects.png-atlas
[13:58:40] [Render thread/INFO] (Backend) Loaded all shader sources.
[13:58:46] [Render thread/INFO] (Minecraft) Loaded 22 recipes
[13:58:46] [Render thread/INFO] (Minecraft) Loaded 2260 advancements
[13:58:47] [Render thread/INFO] (EMI) [EMI] Disconnecting from server, EMI data cleared
[13:58:47] [Thread-5/INFO] (EMI) [EMI] Clearing data
[13:58:47] [Render thread/INFO] (BiomeModificationImpl) Applied 7 biome modifications to 6 of 64 new biomes in 5.117 ms
[13:58:47] [Server thread/INFO] (Minecraft) Starting integrated minecraft server version 1.20.1
[13:58:47] [Server thread/INFO] (Minecraft) Generating keypair
[13:58:47] [Server thread/INFO] (Minecraft) Preparing start region for dimension minecraft:overworld
[13:58:49] [Render thread/INFO] (Minecraft) Preparing spawn area: 0%
[13:58:49] [Render thread/INFO] (Minecraft) Preparing spawn area: 0%
[13:58:49] [Render thread/INFO] (Minecraft) Preparing spawn area: 0%
[13:58:49] [Render thread/INFO] (Minecraft) Preparing spawn area: 0%
[13:58:49] [Render thread/INFO] (Minecraft) Preparing spawn area: 15%
[13:58:50] [Render thread/INFO] (Minecraft) Time elapsed: 2422 ms
[13:58:50] [Server thread/INFO] (Minecraft) Changing view distance to 12, from 10
[13:58:50] [Server thread/INFO] (Minecraft) Changing simulation distance to 12, from 0
[13:58:50] [Server thread/INFO] (Minecraft) Player906[local:E:96b5889d] logged in with entity id 12 at (24.969898925606344, -60.0, -16.163443720073982)
[13:58:50] [Server thread/INFO] (Minecraft) Player906 joined the game
[13:58:51] [Render thread/INFO] (BatchExecutor) Started 10 worker threads
[13:58:51] [Render thread/INFO] (EMI) [EMI] Joining server, EMI waiting for data from server...
[13:58:51] [Render thread/INFO] (EMI) [EMI] Tags synchronized, waiting for recipes to reload EMI...
[13:58:51] [Render thread/INFO] (EMI) [EMI] Recipes synchronized, reloading EMI
[13:58:51] [Render thread/INFO] (EMI) [EMI] Starting Reload
[13:58:51] [Thread-11/INFO] (EMI) [EMI] Starting EMI reload...
[13:58:51] [Thread-11/INFO] (EMI) [EMI] Clearing data
[13:58:51] [Thread-11/INFO] (EMI) [EMI] Initializing plugin from emi
[13:58:51] [Thread-11/INFO] (EMI) [EMI] Initialized plugin from emi in 3ms
[13:58:51] [Thread-11/INFO] (EMI) [EMI] Initializing plugin from create
[13:58:51] [Thread-11/INFO] (EMI) [EMI] Initialized plugin from create in 0ms
[13:58:51] [Thread-11/INFO] (EMI) [EMI] Processing tags
[13:58:51] [Thread-11/ERROR] (EMI) [EMI] Untranslated tag #smorestuff:cooked_smore
[13:58:51] [Thread-11/ERROR] (EMI) [EMI] Untranslated tag #trinkets:head/face
[13:58:51] [Thread-11/INFO] (EMI) [EMI]  Tag warning can be disabled in the config, EMI docs describe how to add a translation or exclude tags.
[13:58:51] [Thread-11/ERROR] (EMI) [EMI] Untranslated tag #create:fan_processing_catalysts/blasting
[13:58:51] [Thread-11/ERROR] (EMI) [EMI] Untranslated tag #create:fan_processing_catalysts/splashing
[13:58:51] [Thread-11/ERROR] (EMI) [EMI] Untranslated tag #smorestuff:water
[13:58:51] [Thread-11/INFO] (EMI) [EMI]  Tag warning can be disabled in the config, EMI docs describe how to add a translation or exclude tags.
[13:58:51] [Thread-11/INFO] (EMI) [EMI] Constructing index
[13:58:51] [Thread-11/INFO] (EMI) [EMI] Reloading item groups on client thread...
[13:58:51] [Render thread/INFO] (Minecraft) Loaded 9 advancements
[13:58:52] [Thread-11/INFO] (EMI) [EMI] Reloading item groups on client thread took 191ms
[13:58:52] [Thread-11/INFO] (EMI) [EMI] Loading plugin from emi
[13:58:52] [Thread-11/INFO] (EMI) [EMI] Reloaded plugin from emi in 148ms
[13:58:52] [Thread-11/INFO] (EMI) [EMI] Loading plugin from create
[13:58:52] [Thread-11/INFO] (EMI) [EMI] Reloaded plugin from create in 87ms
[13:58:52] [Thread-11/INFO] (EMI) [EMI] Baking index
[13:58:52] [Thread-11/INFO] (EMI) [EMI] Registering late recipes
[13:58:52] [Thread-11/INFO] (EMI) [EMI] Baking recipes
[13:58:52] [Thread-11/ERROR] (EMI) [EMI] Recipe emi:create/toolboxes/create/brown_toolbox/minecraft/white_dye not present in recipe manager. Consider prefixing its path with '/' if it is synthetic.
[13:58:52] [Thread-11/ERROR] (EMI) [EMI] Recipe emi:create/toolboxes/create/brown_toolbox/minecraft/orange_dye not present in recipe manager. Consider prefixing its path with '/' if it is synthetic.
[13:58:52] [Thread-11/ERROR] (EMI) [EMI] Recipe emi:create/toolboxes/create/brown_toolbox/minecraft/magenta_dye not present in recipe manager. Consider prefixing its path with '/' if it is synthetic.
[13:58:52] [Thread-11/ERROR] (EMI) [EMI] Recipe emi:create/toolboxes/create/brown_toolbox/minecraft/light_blue_dye not present in recipe manager. Consider prefixing its path with '/' if it is synthetic.
[13:58:52] [Thread-11/ERROR] (EMI) [EMI] Recipe emi:create/toolboxes/create/brown_toolbox/minecraft/yellow_dye not present in recipe manager. Consider prefixing its path with '/' if it is synthetic.
[13:58:52] [Thread-11/ERROR] (EMI) [EMI] Recipe emi:create/toolboxes/create/brown_toolbox/minecraft/lime_dye not present in recipe manager. Consider prefixing its path with '/' if it is synthetic.
[13:58:52] [Thread-11/ERROR] (EMI) [EMI] Recipe emi:create/toolboxes/create/brown_toolbox/minecraft/pink_dye not present in recipe manager. Consider prefixing its path with '/' if it is synthetic.
[13:58:52] [Thread-11/ERROR] (EMI) [EMI] Recipe emi:create/toolboxes/create/brown_toolbox/minecraft/gray_dye not present in recipe manager. Consider prefixing its path with '/' if it is synthetic.
[13:58:52] [Thread-11/ERROR] (EMI) [EMI] Recipe emi:create/toolboxes/create/brown_toolbox/minecraft/light_gray_dye not present in recipe manager. Consider prefixing its path with '/' if it is synthetic.
[13:58:52] [Thread-11/ERROR] (EMI) [EMI] Recipe emi:create/toolboxes/create/brown_toolbox/minecraft/cyan_dye not present in recipe manager. Consider prefixing its path with '/' if it is synthetic.
[13:58:52] [Thread-11/ERROR] (EMI) [EMI] Recipe emi:create/toolboxes/create/brown_toolbox/minecraft/purple_dye not present in recipe manager. Consider prefixing its path with '/' if it is synthetic.
[13:58:52] [Thread-11/ERROR] (EMI) [EMI] Recipe emi:create/toolboxes/create/brown_toolbox/minecraft/blue_dye not present in recipe manager. Consider prefixing its path with '/' if it is synthetic.
[13:58:52] [Thread-11/ERROR] (EMI) [EMI] Recipe emi:create/toolboxes/create/brown_toolbox/minecraft/green_dye not present in recipe manager. Consider prefixing its path with '/' if it is synthetic.
[13:58:52] [Thread-11/ERROR] (EMI) [EMI] Recipe emi:create/toolboxes/create/brown_toolbox/minecraft/red_dye not present in recipe manager. Consider prefixing its path with '/' if it is synthetic.
[13:58:52] [Thread-11/ERROR] (EMI) [EMI] Recipe emi:create/toolboxes/create/brown_toolbox/minecraft/black_dye not present in recipe manager. Consider prefixing its path with '/' if it is synthetic.
[13:58:52] [Thread-11/ERROR] (EMI) [EMI] Recipe emi:create/crushing/create/crushing/crimsite_recycling not present in recipe manager. Consider prefixing its path with '/' if it is synthetic.
[13:58:52] [Thread-11/ERROR] (EMI) [EMI] Recipe emi:create/crushing/create/crushing/redstone_ore not present in recipe manager. Consider prefixing its path with '/' if it is synthetic.
[13:58:52] [Thread-11/ERROR] (EMI) [EMI] Recipe emi:create/crushing/create/crushing/glowstone not present in recipe manager. Consider prefixing its path with '/' if it is synthetic.
[13:58:52] [Thread-11/ERROR] (EMI) [EMI] Recipe emi:create/crushing/create/crushing/deepslate_redstone_ore not present in recipe manager. Consider prefixing its path with '/' if it is synthetic.
[13:58:52] [Thread-11/ERROR] (EMI) [EMI] Recipe emi:create/crushing/create/crushing/ochrum_recycling not present in recipe manager. Consider prefixing its path with '/' if it is synthetic.
[13:58:52] [Thread-11/ERROR] (EMI) [EMI] Recipe emi:create/crushing/create/crushing/deepslate_lapis_ore not present in recipe manager. Consider prefixing its path with '/' if it is synthetic.
[13:58:52] [Thread-11/ERROR] (EMI) [EMI] Recipe emi:create/crushing/create/crushing/veridium_recycling not present in recipe manager. Consider prefixing its path with '/' if it is synthetic.
[13:58:52] [Thread-11/ERROR] (EMI) [EMI] Recipe emi:create/crushing/create/crushing/diamond_horse_armor not present in recipe manager. Consider prefixing its path with '/' if it is synthetic.
[13:58:52] [Thread-11/ERROR] (EMI) [EMI] Recipe emi:create/crushing/create/crushing/nether_gold_ore not present in recipe manager. Consider prefixing its path with '/' if it is synthetic.
[13:58:52] [Thread-11/ERROR] (EMI) [EMI] Recipe emi:create/crushing/create/crushing/deepslate_iron_ore not present in recipe manager. Consider prefixing its path with '/' if it is synthetic.
[13:58:52] [Thread-11/ERROR] (EMI) [EMI] Recipe emi:create/crushing/create/crushing/deepslate_copper_ore not present in recipe manager. Consider prefixing its path with '/' if it is synthetic.
[13:58:52] [Thread-11/ERROR] (EMI) [EMI] Recipe emi:create/crushing/create/crushing/blaze_rod not present in recipe manager. Consider prefixing its path with '/' if it is synthetic.
[13:58:52] [Thread-11/ERROR] (EMI) [EMI] Recipe emi:create/crushing/create/crushing/raw_iron not present in recipe manager. Consider prefixing its path with '/' if it is synthetic.
[13:58:52] [Thread-11/ERROR] (EMI) [EMI] Recipe emi:create/crushing/create/crushing/emerald_ore not present in recipe manager. Consider prefixing its path with '/' if it is synthetic.
[13:58:52] [Thread-11/ERROR] (EMI) [EMI] Recipe emi:create/crushing/create/crushing/leather_horse_armor not present in recipe manager. Consider prefixing its path with '/' if it is synthetic.
[13:58:52] [Thread-11/ERROR] (EMI) [EMI] Recipe emi:create/crushing/create/crushing/nether_quartz_ore not present in recipe manager. Consider prefixing its path with '/' if it is synthetic.
[13:58:52] [Thread-11/ERROR] (EMI) [EMI] Recipe emi:create/crushing/create/crushing/amethyst_block not present in recipe manager. Consider prefixing its path with '/' if it is synthetic.
[13:58:52] [Thread-11/ERROR] (EMI) [EMI] Recipe emi:create/crushing/create/crushing/diamond_ore not present in recipe manager. Consider prefixing its path with '/' if it is synthetic.
[13:58:52] [Thread-11/ERROR] (EMI) [EMI] Recipe emi:create/crushing/create/crushing/diorite_recycling not present in recipe manager. Consider prefixing its path with '/' if it is synthetic.
[13:58:52] [Thread-11/ERROR] (EMI) [EMI] Recipe emi:create/crushing/create/crushing/raw_copper_block not present in recipe manager. Consider prefixing its path with '/' if it is synthetic.
[13:58:52] [Thread-11/ERROR] (EMI) [EMI] Recipe emi:create/crushing/create/crushing/ochrum not present in recipe manager. Consider prefixing its path with '/' if it is synthetic.
[13:58:52] [Thread-11/ERROR] (EMI) [EMI] Recipe emi:create/crushing/create/crushing/tuff_recycling not present in recipe manager. Consider prefixing its path with '/' if it is synthetic.
[13:58:52] [Thread-11/ERROR] (EMI) [EMI] Recipe emi:create/crushing/create/crushing/crimsite not present in recipe manager. Consider prefixing its path with '/' if it is synthetic.
[13:58:52] [Thread-11/ERROR] (EMI) [EMI] Recipe emi:create/crushing/create/crushing/raw_gold not present in recipe manager. Consider prefixing its path with '/' if it is synthetic.
[13:58:52] [Thread-11/ERROR] (EMI) [EMI] Recipe emi:create/crushing/create/crushing/lapis_ore not present in recipe manager. Consider prefixing its path with '/' if it is synthetic.
[13:58:52] [Thread-11/ERROR] (EMI) [EMI] Recipe emi:create/crushing/create/crushing/veridium not present in recipe manager. Consider prefixing its path with '/' if it is synthetic.
[13:58:52] [Thread-11/ERROR] (EMI) [EMI] Recipe emi:create/crushing/create/crushing/deepslate_diamond_ore not present in recipe manager. Consider prefixing its path with '/' if it is synthetic.
[13:58:52] [Thread-11/ERROR] (EMI) [EMI] Recipe emi:create/crushing/create/crushing/asurine not present in recipe manager. Consider prefixing its path with '/' if it is synthetic.
[13:58:52] [Thread-11/ERROR] (EMI) [EMI] Recipe emi:create/crushing/create/crushing/wool not present in recipe manager. Consider prefixing its path with '/' if it is synthetic.
[13:58:52] [Thread-11/ERROR] (EMI) [EMI] Recipe emi:create/crushing/create/crushing/copper_ore not present in recipe manager. Consider prefixing its path with '/' if it is synthetic.
[13:58:52] [Thread-11/ERROR] (EMI) [EMI] Recipe emi:create/crushing/create/crushing/deepslate_zinc_ore not present in recipe manager. Consider prefixing its path with '/' if it is synthetic.
[13:58:52] [Thread-11/ERROR] (EMI) [EMI] Recipe emi:create/crushing/create/crushing/diorite not present in recipe manager. Consider prefixing its path with '/' if it is synthetic.
[13:58:52] [Thread-11/ERROR] (EMI) [EMI] Recipe emi:create/crushing/create/crushing/deepslate_gold_ore not present in recipe manager. Consider prefixing its path with '/' if it is synthetic.
[13:58:52] [Thread-11/ERROR] (EMI) [EMI] Recipe emi:create/crushing/create/crushing/netherrack not present in recipe manager. Consider prefixing its path with '/' if it is synthetic.
[13:58:52] [Thread-11/ERROR] (EMI) [EMI] Recipe emi:create/crushing/create/crushing/raw_zinc_block not present in recipe manager. Consider prefixing its path with '/' if it is synthetic.
[13:58:52] [Thread-11/ERROR] (EMI) [EMI] Recipe emi:create/crushing/create/crushing/coal_ore not present in recipe manager. Consider prefixing its path with '/' if it is synthetic.
[13:58:52] [Thread-11/ERROR] (EMI) [EMI] Recipe emi:create/crushing/create/crushing/iron_horse_armor not present in recipe manager. Consider prefixing its path with '/' if it is synthetic.
[13:58:52] [Thread-11/ERROR] (EMI) [EMI] Recipe emi:create/crushing/create/crushing/obsidian not present in recipe manager. Consider prefixing its path with '/' if it is synthetic.
[13:58:52] [Thread-11/ERROR] (EMI) [EMI] Recipe emi:create/crushing/create/crushing/deepslate_emerald_ore not present in recipe manager. Consider prefixing its path with '/' if it is synthetic.
[13:58:52] [Thread-11/ERROR] (EMI) [EMI] Recipe emi:create/crushing/create/crushing/iron_ore not present in recipe manager. Consider prefixing its path with '/' if it is synthetic.
[13:58:52] [Thread-11/ERROR] (EMI) [EMI] Recipe emi:create/crushing/create/crushing/raw_gold_block not present in recipe manager. Consider prefixing its path with '/' if it is synthetic.
[13:58:52] [Thread-11/ERROR] (EMI) [EMI] Recipe emi:create/crushing/create/crushing/raw_copper not present in recipe manager. Consider prefixing its path with '/' if it is synthetic.
[13:58:52] [Thread-11/ERROR] (EMI) [EMI] Recipe emi:create/crushing/create/crushing/tuff not present in recipe manager. Consider prefixing its path with '/' if it is synthetic.
[13:58:52] [Thread-11/ERROR] (EMI) [EMI] Recipe emi:create/crushing/create/crushing/gold_ore not present in recipe manager. Consider prefixing its path with '/' if it is synthetic.
[13:58:52] [Thread-11/ERROR] (EMI) [EMI] Recipe emi:create/crushing/create/crushing/gravel not present in recipe manager. Consider prefixing its path with '/' if it is synthetic.
[13:58:52] [Thread-11/ERROR] (EMI) [EMI] Recipe emi:create/crushing/create/crushing/amethyst_cluster not present in recipe manager. Consider prefixing its path with '/' if it is synthetic.
[13:58:52] [Thread-11/ERROR] (EMI) [EMI] Recipe emi:create/crushing/create/crushing/golden_horse_armor not present in recipe manager. Consider prefixing its path with '/' if it is synthetic.
[13:58:52] [Thread-11/ERROR] (EMI) [EMI] Recipe emi:create/crushing/create/crushing/raw_iron_block not present in recipe manager. Consider prefixing its path with '/' if it is synthetic.
[13:58:52] [Thread-11/ERROR] (EMI) [EMI] Recipe emi:create/crushing/create/crushing/nether_wart_block not present in recipe manager. Consider prefixing its path with '/' if it is synthetic.
[13:58:52] [Thread-11/ERROR] (EMI) [EMI] Recipe emi:create/crushing/create/crushing/raw_zinc not present in recipe manager. Consider prefixing its path with '/' if it is synthetic.
[13:58:52] [Thread-11/ERROR] (EMI) [EMI] Recipe emi:create/crushing/create/crushing/zinc_ore not present in recipe manager. Consider prefixing its path with '/' if it is synthetic.
[13:58:52] [Thread-11/ERROR] (EMI) [EMI] Recipe emi:create/crushing/create/crushing/deepslate_coal_ore not present in recipe manager. Consider prefixing its path with '/' if it is synthetic.
[13:58:52] [Thread-11/ERROR] (EMI) [EMI] Recipe emi:create/crushing/create/crushing/prismarine_crystals not present in recipe manager. Consider prefixing its path with '/' if it is synthetic.
[13:58:52] [Thread-11/ERROR] (EMI) [EMI] Recipe emi:create/crushing/create/crushing/asurine_recycling not present in recipe manager. Consider prefixing its path with '/' if it is synthetic.
[13:58:52] [Thread-11/ERROR] (EMI) [EMI] Recipe emi:create/crushing/create/milling/grass not present in recipe manager. Consider prefixing its path with '/' if it is synthetic.
[13:58:52] [Thread-11/ERROR] (EMI) [EMI] Recipe emi:create/crushing/create/milling/fern not present in recipe manager. Consider prefixing its path with '/' if it is synthetic.
[13:58:52] [Thread-11/ERROR] (EMI) [EMI] Recipe emi:create/crushing/create/milling/pink_tulip not present in recipe manager. Consider prefixing its path with '/' if it is synthetic.
[13:58:52] [Thread-11/ERROR] (EMI) [EMI] Recipe emi:create/crushing/create/milling/andesite not present in recipe manager. Consider prefixing its path with '/' if it is synthetic.
[13:58:52] [Thread-11/ERROR] (EMI) [EMI] Recipe emi:create/crushing/create/milling/sandstone not present in recipe manager. Consider prefixing its path with '/' if it is synthetic.
[13:58:52] [Thread-11/ERROR] (EMI) [EMI] Recipe emi:create/crushing/create/milling/charcoal not present in recipe manager. Consider prefixing its path with '/' if it is synthetic.
[13:58:52] [Thread-11/ERROR] (EMI) [EMI] Recipe emi:create/crushing/create/milling/peony not present in recipe manager. Consider prefixing its path with '/' if it is synthetic.
[13:58:52] [Thread-11/ERROR] (EMI) [EMI] Recipe emi:create/crushing/create/milling/sunflower not present in recipe manager. Consider prefixing its path with '/' if it is synthetic.
[13:58:52] [Thread-11/ERROR] (EMI) [EMI] Recipe emi:create/crushing/create/milling/sugar_cane not present in recipe manager. Consider prefixing its path with '/' if it is synthetic.
[13:58:52] [Thread-11/ERROR] (EMI) [EMI] Recipe emi:create/crushing/create/milling/blue_orchid not present in recipe manager. Consider prefixing its path with '/' if it is synthetic.
[13:58:52] [Thread-11/ERROR] (EMI) [EMI] Recipe emi:create/crushing/create/milling/cornflower not present in recipe manager. Consider prefixing its path with '/' if it is synthetic.
[13:58:52] [Thread-11/ERROR] (EMI) [EMI] Recipe emi:create/crushing/create/milling/cactus not present in recipe manager. Consider prefixing its path with '/' if it is synthetic.
[13:58:52] [Thread-11/ERROR] (EMI) [EMI] Recipe emi:create/crushing/create/milling/allium not present in recipe manager. Consider prefixing its path with '/' if it is synthetic.
[13:58:52] [Thread-11/ERROR] (EMI) [EMI] Recipe emi:create/crushing/create/milling/white_tulip not present in recipe manager. Consider prefixing its path with '/' if it is synthetic.
[13:58:52] [Thread-11/ERROR] (EMI) [EMI] Recipe emi:create/crushing/create/milling/lilac not present in recipe manager. Consider prefixing its path with '/' if it is synthetic.
[13:58:52] [Thread-11/ERROR] (EMI) [EMI] Recipe emi:create/crushing/create/milling/bone not present in recipe manager. Consider prefixing its path with '/' if it is synthetic.
[13:58:52] [Thread-11/ERROR] (EMI) [EMI] Recipe emi:create/crushing/create/milling/cocoa_beans not present in recipe manager. Consider prefixing its path with '/' if it is synthetic.
[13:58:52] [Thread-11/ERROR] (EMI) [EMI] Recipe emi:create/crushing/create/milling/red_tulip not present in recipe manager. Consider prefixing its path with '/' if it is synthetic.
[13:58:52] [Thread-11/ERROR] (EMI) [EMI] Recipe emi:create/crushing/create/milling/dandelion not present in recipe manager. Consider prefixing its path with '/' if it is synthetic.
[13:58:52] [Thread-11/ERROR] (EMI) [EMI] Recipe emi:create/crushing/create/milling/lily_of_the_valley not present in recipe manager. Consider prefixing its path with '/' if it is synthetic.
[13:58:52] [Thread-11/ERROR] (EMI) [EMI] Recipe emi:create/crushing/create/milling/azure_bluet not present in recipe manager. Consider prefixing its path with '/' if it is synthetic.
[13:58:52] [Thread-11/ERROR] (EMI) [EMI] Recipe emi:create/crushing/create/milling/clay not present in recipe manager. Consider prefixing its path with '/' if it is synthetic.
[13:58:52] [Thread-11/ERROR] (EMI) [EMI] Recipe emi:create/crushing/create/milling/saddle not present in recipe manager. Consider prefixing its path with '/' if it is synthetic.
[13:58:52] [Thread-11/ERROR] (EMI) [EMI] Recipe emi:create/crushing/create/milling/granite not present in recipe manager. Consider prefixing its path with '/' if it is synthetic.
[13:58:52] [Thread-11/ERROR] (EMI) [EMI] Recipe emi:create/crushing/create/milling/rose_bush not present in recipe manager. Consider prefixing its path with '/' if it is synthetic.
[13:58:52] [Thread-11/ERROR] (EMI) [EMI] Recipe emi:create/crushing/create/milling/poppy not present in recipe manager. Consider prefixing its path with '/' if it is synthetic.
[13:58:52] [Thread-11/ERROR] (EMI) [EMI] Recipe emi:create/crushing/create/milling/lapis_lazuli not present in recipe manager. Consider prefixing its path with '/' if it is synthetic.
[13:58:52] [Thread-11/ERROR] (EMI) [EMI] Recipe emi:create/crushing/create/milling/wither_rose not present in recipe manager. Consider prefixing its path with '/' if it is synthetic.
[13:58:52] [Thread-11/ERROR] (EMI) [EMI] Recipe emi:create/crushing/create/milling/bone_meal not present in recipe manager. Consider prefixing its path with '/' if it is synthetic.
[13:58:52] [Thread-11/ERROR] (EMI) [EMI] Recipe emi:create/crushing/create/milling/cobblestone not present in recipe manager. Consider prefixing its path with '/' if it is synthetic.
[13:58:52] [Thread-11/ERROR] (EMI) [EMI] Recipe emi:create/crushing/create/milling/ink_sac not present in recipe manager. Consider prefixing its path with '/' if it is synthetic.
[13:58:52] [Thread-11/ERROR] (EMI) [EMI] Recipe emi:create/crushing/create/milling/coal not present in recipe manager. Consider prefixing its path with '/' if it is synthetic.
[13:58:52] [Thread-11/ERROR] (EMI) [EMI] Recipe emi:create/crushing/create/milling/large_fern not present in recipe manager. Consider prefixing its path with '/' if it is synthetic.
[13:58:52] [Thread-11/ERROR] (EMI) [EMI] Recipe emi:create/crushing/create/milling/tall_grass not present in recipe manager. Consider prefixing its path with '/' if it is synthetic.
[13:58:52] [Thread-11/ERROR] (EMI) [EMI] Recipe emi:create/crushing/create/milling/wheat not present in recipe manager. Consider prefixing its path with '/' if it is synthetic.
[13:58:52] [Thread-11/ERROR] (EMI) [EMI] Recipe emi:create/crushing/create/milling/sea_pickle not present in recipe manager. Consider prefixing its path with '/' if it is synthetic.
[13:58:52] [Thread-11/ERROR] (EMI) [EMI] Recipe emi:create/crushing/create/milling/dripstone_block not present in recipe manager. Consider prefixing its path with '/' if it is synthetic.
[13:58:52] [Thread-11/ERROR] (EMI) [EMI] Recipe emi:create/crushing/create/milling/calcite not present in recipe manager. Consider prefixing its path with '/' if it is synthetic.
[13:58:52] [Thread-11/ERROR] (EMI) [EMI] Recipe emi:create/crushing/create/milling/beetroot not present in recipe manager. Consider prefixing its path with '/' if it is synthetic.
[13:58:52] [Thread-11/ERROR] (EMI) [EMI] Recipe emi:create/crushing/create/milling/orange_tulip not present in recipe manager. Consider prefixing its path with '/' if it is synthetic.
[13:58:52] [Thread-11/ERROR] (EMI) [EMI] Recipe emi:create/crushing/create/milling/oxeye_daisy not present in recipe manager. Consider prefixing its path with '/' if it is synthetic.
[13:58:52] [Thread-11/ERROR] (EMI) [EMI] Recipe emi:create/crushing/create/milling/terracotta not present in recipe manager. Consider prefixing its path with '/' if it is synthetic.
[13:58:52] [Thread-11/ERROR] (EMI) [EMI] Recipe emi:create/fan_smoking/minecraft/cooked_chicken_from_smoking not present in recipe manager. Consider prefixing its path with '/' if it is synthetic.
[13:58:52] [Thread-11/ERROR] (EMI) [EMI] Recipe emi:create/fan_smoking/smorestuff/cracker_smoking not present in recipe manager. Consider prefixing its path with '/' if it is synthetic.
[13:58:52] [Thread-11/ERROR] (EMI) [EMI] Recipe emi:create/fan_smoking/minecraft/cooked_salmon_from_smoking not present in recipe manager. Consider prefixing its path with '/' if it is synthetic.
[13:58:52] [Thread-11/ERROR] (EMI) [EMI] Recipe emi:create/fan_smoking/create/smoking/bread not present in recipe manager. Consider prefixing its path with '/' if it is synthetic.
[13:58:52] [Thread-11/ERROR] (EMI) [EMI] Recipe emi:create/fan_smoking/minecraft/dried_kelp_from_smoking not present in recipe manager. Consider prefixing its path with '/' if it is synthetic.
[13:58:52] [Thread-11/ERROR] (EMI) [EMI] Recipe emi:create/fan_smoking/minecraft/cooked_beef_from_smoking not present in recipe manager. Consider prefixing its path with '/' if it is synthetic.
[13:58:52] [Thread-11/ERROR] (EMI) [EMI] Recipe emi:create/fan_smoking/minecraft/cooked_rabbit_from_smoking not present in recipe manager. Consider prefixing its path with '/' if it is synthetic.
[13:58:52] [Thread-11/ERROR] (EMI) [EMI] Recipe emi:create/fan_smoking/minecraft/baked_potato_from_smoking not present in recipe manager. Consider prefixing its path with '/' if it is synthetic.
[13:58:52] [Thread-11/ERROR] (EMI) [EMI] Recipe emi:create/fan_smoking/minecraft/cooked_porkchop_from_smoking not present in recipe manager. Consider prefixing its path with '/' if it is synthetic.
[13:58:52] [Thread-11/ERROR] (EMI) [EMI] Recipe emi:create/fan_smoking/smorestuff/traditional_smore_smoking not present in recipe manager. Consider prefixing its path with '/' if it is synthetic.
[13:58:52] [Thread-11/ERROR] (EMI) [EMI] Recipe emi:create/fan_smoking/minecraft/cooked_cod_from_smoking not present in recipe manager. Consider prefixing its path with '/' if it is synthetic.
[13:58:52] [Thread-11/ERROR] (EMI) [EMI] Recipe emi:create/fan_smoking/minecraft/cooked_mutton_from_smoking not present in recipe manager. Consider prefixing its path with '/' if it is synthetic.
[13:58:52] [Thread-11/ERROR] (EMI) [EMI] Recipe emi:create/fan_blasting/minecraft/nether_brick not present in recipe manager. Consider prefixing its path with '/' if it is synthetic.
[13:58:52] [Thread-11/ERROR] (EMI) [EMI] Recipe emi:create/fan_blasting/minecraft/stone not present in recipe manager. Consider prefixing its path with '/' if it is synthetic.
[13:58:52] [Thread-11/ERROR] (EMI) [EMI] Recipe emi:create/fan_blasting/minecraft/light_gray_glazed_terracotta not present in recipe manager. Consider prefixing its path with '/' if it is synthetic.
[13:58:52] [Thread-11/ERROR] (EMI) [EMI] Recipe emi:create/fan_blasting/minecraft/charcoal not present in recipe manager. Consider prefixing its path with '/' if it is synthetic.
[13:58:52] [Thread-11/ERROR] (EMI) [EMI] Recipe emi:create/fan_blasting/minecraft/smooth_quartz not present in recipe manager. Consider prefixing its path with '/' if it is synthetic.
[13:58:52] [Thread-11/ERROR] (EMI) [EMI] Recipe emi:create/fan_blasting/minecraft/smooth_sandstone not present in recipe manager. Consider prefixing its path with '/' if it is synthetic.
[13:58:52] [Thread-11/ERROR] (EMI) [EMI] Recipe emi:create/fan_blasting/minecraft/cracked_deepslate_bricks not present in recipe manager. Consider prefixing its path with '/' if it is synthetic.
[13:58:52] [Thread-11/ERROR] (EMI) [EMI] Recipe emi:create/fan_blasting/minecraft/black_glazed_terracotta not present in recipe manager. Consider prefixing its path with '/' if it is synthetic.
[13:58:52] [Thread-11/ERROR] (EMI) [EMI] Recipe emi:create/fan_blasting/create/smelting/glass_pane_from_framed_glass_pane not present in recipe manager. Consider prefixing its path with '/' if it is synthetic.
[13:58:52] [Thread-11/ERROR] (EMI) [EMI] Recipe emi:create/fan_blasting/minecraft/magenta_glazed_terracotta not present in recipe manager. Consider prefixing its path with '/' if it is synthetic.
[13:58:52] [Thread-11/ERROR] (EMI) [EMI] Recipe emi:create/fan_blasting/minecraft/light_blue_glazed_terracotta not present in recipe manager. Consider prefixing its path with '/' if it is synthetic.
[13:58:52] [Thread-11/ERROR] (EMI) [EMI] Recipe emi:create/fan_blasting/minecraft/sponge not present in recipe manager. Consider prefixing its path with '/' if it is synthetic.
[13:58:52] [Thread-11/ERROR] (EMI) [EMI] Recipe emi:create/fan_blasting/create/smelting/glass_pane_from_vertical_framed_glass_pane not present in recipe manager. Consider prefixing its path with '/' if it is synthetic.
[13:58:52] [Thread-11/ERROR] (EMI) [EMI] Recipe emi:create/fan_blasting/minecraft/purple_glazed_terracotta not present in recipe manager. Consider prefixing its path with '/' if it is synthetic.
[13:58:52] [Thread-11/ERROR] (EMI) [EMI] Recipe emi:create/fan_blasting/create/smelting/glass_from_tiled_glass not present in recipe manager. Consider prefixing its path with '/' if it is synthetic.
[13:58:52] [Thread-11/ERROR] (EMI) [EMI] Recipe emi:create/fan_blasting/minecraft/cracked_deepslate_tiles not present in recipe manager. Consider prefixing its path with '/' if it is synthetic.
[13:58:52] [Thread-11/ERROR] (EMI) [EMI] Recipe emi:create/fan_blasting/minecraft/green_dye not present in recipe manager. Consider prefixing its path with '/' if it is synthetic.
[13:58:52] [Thread-11/ERROR] (EMI) [EMI] Recipe emi:create/fan_blasting/create/smelting/glass_from_vertical_framed_glass not present in recipe manager. Consider prefixing its path with '/' if it is synthetic.
[13:58:52] [Thread-11/ERROR] (EMI) [EMI] Recipe emi:create/fan_blasting/minecraft/pink_glazed_terracotta not present in recipe manager. Consider prefixing its path with '/' if it is synthetic.
[13:58:52] [Thread-11/ERROR] (EMI) [EMI] Recipe emi:create/fan_blasting/minecraft/cracked_stone_bricks not present in recipe manager. Consider prefixing its path with '/' if it is synthetic.
[13:58:52] [Thread-11/ERROR] (EMI) [EMI] Recipe emi:create/fan_blasting/create/smelting/glass_pane_from_tiled_glass_pane not present in recipe manager. Consider prefixing its path with '/' if it is synthetic.
[13:58:52] [Thread-11/ERROR] (EMI) [EMI] Recipe emi:create/fan_blasting/create/smelting/glass_from_horizontal_framed_glass not present in recipe manager. Consider prefixing its path with '/' if it is synthetic.
[13:58:52] [Thread-11/ERROR] (EMI) [EMI] Recipe emi:create/fan_blasting/minecraft/brown_glazed_terracotta not present in recipe manager. Consider prefixing its path with '/' if it is synthetic.
[13:58:52] [Thread-11/ERROR] (EMI) [EMI] Recipe emi:create/fan_blasting/create/smelting/glass_pane_from_horizontal_framed_glass_pane not present in recipe manager. Consider prefixing its path with '/' if it is synthetic.
[13:58:52] [Thread-11/ERROR] (EMI) [EMI] Recipe emi:create/fan_blasting/minecraft/smooth_stone not present in recipe manager. Consider prefixing its path with '/' if it is synthetic.
[13:58:52] [Thread-11/ERROR] (EMI) [EMI] Recipe emi:create/fan_blasting/minecraft/smooth_basalt not present in recipe manager. Consider prefixing its path with '/' if it is synthetic.
[13:58:52] [Thread-11/ERROR] (EMI) [EMI] Recipe emi:create/fan_blasting/minecraft/glass not present in recipe manager. Consider prefixing its path with '/' if it is synthetic.
[13:58:52] [Thread-11/ERROR] (EMI) [EMI] Recipe emi:create/fan_blasting/minecraft/red_glazed_terracotta not present in recipe manager. Consider prefixing its path with '/' if it is synthetic.
[13:58:52] [Thread-11/ERROR] (EMI) [EMI] Recipe emi:create/fan_blasting/minecraft/white_glazed_terracotta not present in recipe manager. Consider prefixing its path with '/' if it is synthetic.
[13:58:52] [Thread-11/ERROR] (EMI) [EMI] Recipe emi:create/fan_blasting/minecraft/terracotta not present in recipe manager. Consider prefixing its path with '/' if it is synthetic.
[13:58:52] [Thread-11/ERROR] (EMI) [EMI] Recipe emi:create/fan_blasting/minecraft/yellow_glazed_terracotta not present in recipe manager. Consider prefixing its path with '/' if it is synthetic.
[13:58:52] [Thread-11/ERROR] (EMI) [EMI] Recipe emi:create/fan_blasting/minecraft/cyan_glazed_terracotta not present in recipe manager. Consider prefixing its path with '/' if it is synthetic.
[13:58:52] [Thread-11/ERROR] (EMI) [EMI] Recipe emi:create/fan_blasting/minecraft/green_glazed_terracotta not present in recipe manager. Consider prefixing its path with '/' if it is synthetic.
[13:58:52] [Thread-11/ERROR] (EMI) [EMI] Recipe emi:create/fan_blasting/minecraft/orange_glazed_terracotta not present in recipe manager. Consider prefixing its path with '/' if it is synthetic.
[13:58:52] [Thread-11/ERROR] (EMI) [EMI] Recipe emi:create/fan_blasting/minecraft/gray_glazed_terracotta not present in recipe manager. Consider prefixing its path with '/' if it is synthetic.
[13:58:52] [Thread-11/ERROR] (EMI) [EMI] Recipe emi:create/fan_blasting/minecraft/lime_glazed_terracotta not present in recipe manager. Consider prefixing its path with '/' if it is synthetic.
[13:58:52] [Thread-11/ERROR] (EMI) [EMI] Recipe emi:create/fan_blasting/minecraft/brick not present in recipe manager. Consider prefixing its path with '/' if it is synthetic.
[13:58:52] [Thread-11/ERROR] (EMI) [EMI] Recipe emi:create/fan_blasting/minecraft/smooth_red_sandstone not present in recipe manager. Consider prefixing its path with '/' if it is synthetic.
[13:58:52] [Thread-11/ERROR] (EMI) [EMI] Recipe emi:create/fan_blasting/minecraft/cracked_polished_blackstone_bricks not present in recipe manager. Consider prefixing its path with '/' if it is synthetic.
[13:58:52] [Thread-11/ERROR] (EMI) [EMI] Recipe emi:create/fan_blasting/minecraft/lime_dye_from_smelting not present in recipe manager. Consider prefixing its path with '/' if it is synthetic.
[13:58:52] [Thread-11/ERROR] (EMI) [EMI] Recipe emi:create/fan_blasting/minecraft/popped_chorus_fruit not present in recipe manager. Consider prefixing its path with '/' if it is synthetic.
[13:58:52] [Thread-11/ERROR] (EMI) [EMI] Recipe emi:create/fan_blasting/minecraft/cracked_nether_bricks not present in recipe manager. Consider prefixing its path with '/' if it is synthetic.
[13:58:52] [Thread-11/ERROR] (EMI) [EMI] Recipe emi:create/fan_blasting/create/smelting/scoria not present in recipe manager. Consider prefixing its path with '/' if it is synthetic.
[13:58:52] [Thread-11/ERROR] (EMI) [EMI] Recipe emi:create/fan_blasting/create/smelting/glass_from_framed_glass not present in recipe manager. Consider prefixing its path with '/' if it is synthetic.
[13:58:52] [Thread-11/ERROR] (EMI) [EMI] Recipe emi:create/fan_blasting/minecraft/blue_glazed_terracotta not present in recipe manager. Consider prefixing its path with '/' if it is synthetic.
[13:58:52] [Thread-11/ERROR] (EMI) [EMI] Recipe emi:create/fan_blasting/minecraft/deepslate not present in recipe manager. Consider prefixing its path with '/' if it is synthetic.
[13:58:52] [Thread-11/ERROR] (EMI) [EMI] Recipe emi:create/fan_blasting/minecraft/copper_ingot_from_blasting_deepslate_copper_ore not present in recipe manager. Consider prefixing its path with '/' if it is synthetic.
[13:58:52] [Thread-11/ERROR] (EMI) [EMI] Recipe emi:create/fan_blasting/minecraft/redstone_from_blasting_deepslate_redstone_ore not present in recipe manager. Consider prefixing its path with '/' if it is synthetic.
[13:58:52] [Thread-11/ERROR] (EMI) [EMI] Recipe emi:create/fan_blasting/minecraft/iron_ingot_from_blasting_raw_iron not present in recipe manager. Consider prefixing its path with '/' if it is synthetic.
[13:58:52] [Thread-11/ERROR] (EMI) [EMI] Recipe emi:create/fan_blasting/create/blasting/zinc_ingot_from_ore not present in recipe manager. Consider prefixing its path with '/' if it is synthetic.
[13:58:52] [Thread-11/ERROR] (EMI) [EMI] Recipe emi:create/fan_blasting/minecraft/emerald_from_blasting_deepslate_emerald_ore not present in recipe manager. Consider prefixing its path with '/' if it is synthetic.
[13:58:52] [Thread-11/ERROR] (EMI) [EMI] Recipe emi:create/fan_blasting/minecraft/netherite_scrap_from_blasting not present in recipe manager. Consider prefixing its path with '/' if it is synthetic.
[13:58:52] [Thread-11/ERROR] (EMI) [EMI] Recipe emi:create/fan_blasting/create/blasting/copper_ingot_from_crushed not present in recipe manager. Consider prefixing its path with '/' if it is synthetic.
[13:58:52] [Thread-11/ERROR] (EMI) [EMI] Recipe emi:create/fan_blasting/minecraft/gold_ingot_from_blasting_raw_gold not present in recipe manager. Consider prefixing its path with '/' if it is synthetic.
[13:58:52] [Thread-11/ERROR] (EMI) [EMI] Recipe emi:create/fan_blasting/minecraft/iron_nugget_from_blasting not present in recipe manager. Consider prefixing its path with '/' if it is synthetic.
[13:58:52] [Thread-11/ERROR] (EMI) [EMI] Recipe emi:create/fan_blasting/create/blasting/zinc_ingot_from_raw_ore not present in recipe manager. Consider prefixing its path with '/' if it is synthetic.
[13:58:52] [Thread-11/ERROR] (EMI) [EMI] Recipe emi:create/fan_blasting/minecraft/gold_ingot_from_blasting_nether_gold_ore not present in recipe manager. Consider prefixing its path with '/' if it is synthetic.
[13:58:52] [Thread-11/ERROR] (EMI) [EMI] Recipe emi:create/fan_blasting/minecraft/lapis_lazuli_from_blasting_lapis_ore not present in recipe manager. Consider prefixing its path with '/' if it is synthetic.
[13:58:52] [Thread-11/ERROR] (EMI) [EMI] Recipe emi:create/fan_blasting/minecraft/gold_ingot_from_blasting_gold_ore not present in recipe manager. Consider prefixing its path with '/' if it is synthetic.
[13:58:52] [Thread-11/ERROR] (EMI) [EMI] Recipe emi:create/fan_blasting/create/blasting/zinc_ingot_from_crushed not present in recipe manager. Consider prefixing its path with '/' if it is synthetic.
[13:58:52] [Thread-11/ERROR] (EMI) [EMI] Recipe emi:create/fan_blasting/minecraft/iron_ingot_from_blasting_deepslate_iron_ore not present in recipe manager. Consider prefixing its path with '/' if it is synthetic.
[13:58:52] [Thread-11/ERROR] (EMI) [EMI] Recipe emi:create/fan_blasting/minecraft/coal_from_blasting_coal_ore not present in recipe manager. Consider prefixing its path with '/' if it is synthetic.
[13:58:52] [Thread-11/ERROR] (EMI) [EMI] Recipe emi:create/fan_blasting/minecraft/iron_ingot_from_blasting_iron_ore not present in recipe manager. Consider prefixing its path with '/' if it is synthetic.
[13:58:52] [Thread-11/ERROR] (EMI) [EMI] Recipe emi:create/fan_blasting/minecraft/diamond_from_blasting_deepslate_diamond_ore not present in recipe manager. Consider prefixing its path with '/' if it is synthetic.
[13:58:52] [Thread-11/ERROR] (EMI) [EMI] Recipe emi:create/fan_blasting/minecraft/quartz_from_blasting not present in recipe manager. Consider prefixing its path with '/' if it is synthetic.
[13:58:52] [Thread-11/ERROR] (EMI) [EMI] Recipe emi:create/fan_blasting/minecraft/redstone_from_blasting_redstone_ore not present in recipe manager. Consider prefixing its path with '/' if it is synthetic.
[13:58:52] [Thread-11/ERROR] (EMI) [EMI] Recipe emi:create/fan_blasting/minecraft/lapis_lazuli_from_blasting_deepslate_lapis_ore not present in recipe manager. Consider prefixing its path with '/' if it is synthetic.
[13:58:52] [Thread-11/ERROR] (EMI) [EMI] Recipe emi:create/fan_blasting/minecraft/diamond_from_blasting_diamond_ore not present in recipe manager. Consider prefixing its path with '/' if it is synthetic.
[13:58:52] [Thread-11/ERROR] (EMI) [EMI] Recipe emi:create/fan_blasting/minecraft/emerald_from_blasting_emerald_ore not present in recipe manager. Consider prefixing its path with '/' if it is synthetic.
[13:58:52] [Thread-11/ERROR] (EMI) [EMI] Recipe emi:create/fan_blasting/create/blasting/iron_ingot_from_crushed not present in recipe manager. Consider prefixing its path with '/' if it is synthetic.
[13:58:52] [Thread-11/ERROR] (EMI) [EMI] Recipe emi:create/fan_blasting/minecraft/gold_nugget_from_blasting not present in recipe manager. Consider prefixing its path with '/' if it is synthetic.
[13:58:52] [Thread-11/ERROR] (EMI) [EMI] Recipe emi:create/fan_blasting/create/blasting/gold_ingot_from_crushed not present in recipe manager. Consider prefixing its path with '/' if it is synthetic.
[13:58:52] [Thread-11/ERROR] (EMI) [EMI] Recipe emi:create/fan_blasting/minecraft/copper_ingot_from_blasting_raw_copper not present in recipe manager. Consider prefixing its path with '/' if it is synthetic.
[13:58:52] [Thread-11/ERROR] (EMI) [EMI] Recipe emi:create/fan_blasting/minecraft/coal_from_blasting_deepslate_coal_ore not present in recipe manager. Consider prefixing its path with '/' if it is synthetic.
[13:58:52] [Thread-11/ERROR] (EMI) [EMI] Recipe emi:create/fan_blasting/minecraft/gold_ingot_from_blasting_deepslate_gold_ore not present in recipe manager. Consider prefixing its path with '/' if it is synthetic.
[13:58:52] [Thread-11/ERROR] (EMI) [EMI] Recipe emi:create/fan_blasting/minecraft/copper_ingot_from_blasting_copper_ore not present in recipe manager. Consider prefixing its path with '/' if it is synthetic.
[13:58:52] [Thread-11/ERROR] (EMI) [EMI] Recipe emi:create/shapeless/create/crafting/kinetics/framed_glass_trapdoor not present in recipe manager. Consider prefixing its path with '/' if it is synthetic.
[13:58:52] [Thread-11/ERROR] (EMI) [EMI] Recipe emi:create/shapeless/create/cut_tuff_brick_slab_recycling not present in recipe manager. Consider prefixing its path with '/' if it is synthetic.
[13:58:52] [Thread-11/ERROR] (EMI) [EMI] Recipe emi:create/shapeless/minecraft/gray_candle not present in recipe manager. Consider prefixing its path with '/' if it is synthetic.
[13:58:52] [Thread-11/ERROR] (EMI) [EMI] Recipe emi:create/shapeless/minecraft/rabbit_stew_from_brown_mushroom not present in recipe manager. Consider prefixing its path with '/' if it is synthetic.
[13:58:52] [Thread-11/ERROR] (EMI) [EMI] Recipe emi:create/shapeless/create/crafting/kinetics/brass_door not present in recipe manager. Consider prefixing its path with '/' if it is synthetic.
[13:58:52] [Thread-11/ERROR] (EMI) [EMI] Recipe emi:create/shapeless/minecraft/waxed_oxidized_cut_copper_from_honeycomb not present in recipe manager. Consider prefixing its path with '/' if it is synthetic.
[13:58:52] [Thread-11/ERROR] (EMI) [EMI] Recipe emi:create/shapeless/create/crafting/appliances/crafting_blueprint not present in recipe manager. Consider prefixing its path with '/' if it is synthetic.
[13:58:52] [Thread-11/ERROR] (EMI) [EMI] Recipe emi:create/shapeless/create/cut_crimsite_slab_recycling not present in recipe manager. Consider prefixing its path with '/' if it is synthetic.
[13:58:52] [Thread-11/ERROR] (EMI) [EMI] Recipe emi:create/shapeless/create/crafting/kinetics/light_gray_seat not present in recipe manager. Consider prefixing its path with '/' if it is synthetic.
[13:58:52] [Thread-11/ERROR] (EMI) [EMI] Recipe emi:create/shapeless/minecraft/gray_dye not present in recipe manager. Consider prefixing its path with '/' if it is synthetic.
[13:58:52] [Thread-11/ERROR] (EMI) [EMI] Recipe emi:create/shapeless/create/crafting/kinetics/green_valve_handle_from_other_valve_handle not present in recipe manager. Consider prefixing its path with '/' if it is synthetic.
[13:58:52] [Thread-11/ERROR] (EMI) [EMI] Recipe emi:create/shapeless/create/crafting/kinetics/magenta_seat_from_other_seat not present in recipe manager. Consider prefixing its path with '/' if it is synthetic.
[13:58:52] [Thread-11/ERROR] (EMI) [EMI] Recipe emi:create/shapeless/create/cut_scorchia_slab_recycling not present in recipe manager. Consider prefixing its path with '/' if it is synthetic.
[13:58:52] [Thread-11/ERROR] (EMI) [EMI] Recipe emi:create/shapeless/create/crafting/kinetics/black_seat_from_other_seat not present in recipe manager. Consider prefixing its path with '/' if it is synthetic.
[13:58:52] [Thread-11/ERROR] (EMI) [EMI] Recipe emi:create/shapeless/minecraft/dye_light_gray_wool not present in recipe manager. Consider prefixing its path with '/' if it is synthetic.
[13:58:52] [Thread-11/ERROR] (EMI) [EMI] Recipe emi:create/shapeless/minecraft/writable_book not present in recipe manager. Consider prefixing its path with '/' if it is synthetic.
[13:58:52] [Thread-11/ERROR] (EMI) [EMI] Recipe emi:create/shapeless/minecraft/glow_item_frame not present in recipe manager. Consider prefixing its path with '/' if it is synthetic.
[13:58:52] [Thread-11/ERROR] (EMI) [EMI] Recipe emi:create/shapeless/create/crafting/materials/sand_paper not present in recipe manager. Consider prefixing its path with '/' if it is synthetic.
[13:58:52] [Thread-11/ERROR] (EMI) [EMI] Recipe emi:create/shapeless/create/crafting/schematics/empty_schematic not present in recipe manager. Consider prefixing its path with '/' if it is synthetic.
[13:58:52] [Thread-11/ERROR] (EMI) [EMI] Recipe emi:create/shapeless/create/polished_cut_dripstone_slab_recycling not present in recipe manager. Consider prefixing its path with '/' if it is synthetic.
[13:58:52] [Thread-11/ERROR] (EMI) [EMI] Recipe emi:create/shapeless/minecraft/purple_candle not present in recipe manager. Consider prefixing its path with '/' if it is synthetic.
[13:58:52] [Thread-11/ERROR] (EMI) [EMI] Recipe emi:create/shapeless/create/cut_limestone_brick_slab_recycling not present in recipe manager. Consider prefixing its path with '/' if it is synthetic.
[13:58:52] [Thread-11/ERROR] (EMI) [EMI] Recipe emi:create/shapeless/create/small_deepslate_brick_slab_recycling not present in recipe manager. Consider prefixing its path with '/' if it is synthetic.
[13:58:52] [Thread-11/ERROR] (EMI) [EMI] Recipe emi:create/shapeless/minecraft/magenta_dye_from_blue_red_white_dye not present in recipe manager. Consider prefixing its path with '/' if it is synthetic.
[13:58:52] [Thread-11/ERROR] (EMI) [EMI] Recipe emi:create/shapeless/minecraft/bamboo_chest_raft not present in recipe manager. Consider prefixing its path with '/' if it is synthetic.
[13:58:52] [Thread-11/ERROR] (EMI) [EMI] Recipe emi:create/shapeless/create/small_veridium_brick_slab_recycling not present in recipe manager. Consider prefixing its path with '/' if it is synthetic.
[13:58:52] [Thread-11/ERROR] (EMI) [EMI] Recipe emi:create/shapeless/create/cut_granite_brick_slab_recycling not present in recipe manager. Consider prefixing its path with '/' if it is synthetic.
[13:58:52] [Thread-11/ERROR] (EMI) [EMI] Recipe emi:create/shapeless/create/crafting/kinetics/large_cogwheel not present in recipe manager. Consider prefixing its path with '/' if it is synthetic.
[13:58:52] [Thread-11/ERROR] (EMI) [EMI] Recipe emi:create/shapeless/create/small_crimsite_brick_slab_recycling not present in recipe manager. Consider prefixing its path with '/' if it is synthetic.
[13:58:52] [Thread-11/ERROR] (EMI) [EMI] Recipe emi:create/shapeless/create/small_granite_brick_slab_recycling not present in recipe manager. Consider prefixing its path with '/' if it is synthetic.
[13:58:52] [Thread-11/ERROR] (EMI) [EMI] Recipe emi:create/shapeless/create/crafting/kinetics/black_valve_handle_from_other_valve_handle not present in recipe manager. Consider prefixing its path with '/' if it is synthetic.
[13:58:52] [Thread-11/ERROR] (EMI) [EMI] Recipe emi:create/shapeless/create/small_andesite_brick_slab_recycling not present in recipe manager. Consider prefixing its path with '/' if it is synthetic.
[13:58:52] [Thread-11/ERROR] (EMI) [EMI] Recipe emi:create/shapeless/create/crafting/materials/rose_quartz not present in recipe manager. Consider prefixing its path with '/' if it is synthetic.
[13:58:52] [Thread-11/ERROR] (EMI) [EMI] Recipe emi:create/shapeless/minecraft/waxed_weathered_copper_from_honeycomb not present in recipe manager. Consider prefixing its path with '/' if it is synthetic.
[13:58:52] [Thread-11/ERROR] (EMI) [EMI] Recipe emi:create/shapeless/create/crafting/kinetics/framed_glass_door not present in recipe manager. Consider prefixing its path with '/' if it is synthetic.
[13:58:52] [Thread-11/ERROR] (EMI) [EMI] Recipe emi:create/shapeless/minecraft/pink_dye_from_red_white_dye not present in recipe manager. Consider prefixing its path with '/' if it is synthetic.
[13:58:52] [Thread-11/ERROR] (EMI) [EMI] Recipe emi:create/shapeless/create/polished_cut_scoria_slab_recycling not present in recipe manager. Consider prefixing its path with '/' if it is synthetic.
[13:58:52] [Thread-11/ERROR] (EMI) [EMI] Recipe emi:create/shapeless/minecraft/cyan_concrete_powder not present in recipe manager. Consider prefixing its path with '/' if it is synthetic.
[13:58:52] [Thread-11/ERROR] (EMI) [EMI] Recipe emi:create/shapeless/minecraft/dye_green_carpet not present in recipe manager. Consider prefixing its path with '/' if it is synthetic.
[13:58:52] [Thread-11/ERROR] (EMI) [EMI] Recipe emi:create/shapeless/minecraft/mojang_banner_pattern not present in recipe manager. Consider prefixing its path with '/' if it is synthetic.
[13:58:52] [Thread-11/ERROR] (EMI) [EMI] Recipe emi:create/shapeless/create/crafting/copper/waxed_weathered_copper_tile_stairs_from_honeycomb not present in recipe manager. Consider prefixing its path with '/' if it is synthetic.
[13:58:52] [Thread-11/ERROR] (EMI) [EMI] Recipe emi:create/shapeless/minecraft/dye_pink_wool not present in recipe manager. Consider prefixing its path with '/' if it is synthetic.
[13:58:52] [Thread-11/ERROR] (EMI) [EMI] Recipe emi:create/shapeless/minecraft/fire_charge not present in recipe manager. Consider prefixing its path with '/' if it is synthetic.
[13:58:52] [Thread-11/ERROR] (EMI) [EMI] Recipe emi:create/shapeless/create/crafting/copper/waxed_exposed_copper_tiles_from_honeycomb not present in recipe manager. Consider prefixing its path with '/' if it is synthetic.
[13:58:52] [Thread-11/ERROR] (EMI) [EMI] Recipe emi:create/shapeless/create/cut_andesite_slab_recycling not present in recipe manager. Consider prefixing its path with '/' if it is synthetic.
[13:58:52] [Thread-11/ERROR] (EMI) [EMI] Recipe emi:create/shapeless/minecraft/dye_green_bed not present in recipe manager. Consider prefixing its path with '/' if it is synthetic.
[13:58:52] [Thread-11/ERROR] (EMI) [EMI] Recipe emi:create/shapeless/minecraft/green_concrete_powder not present in recipe manager. Consider prefixing its path with '/' if it is synthetic.
[13:58:52] [Thread-11/ERROR] (EMI) [EMI] Recipe emi:create/shapeless/create/crafting/kinetics/cyan_seat_from_other_seat not present in recipe manager. Consider prefixing its path with '/' if it is synthetic.
[13:58:52] [Thread-11/ERROR] (EMI) [EMI] Recipe emi:create/shapeless/minecraft/dye_white_bed not present in recipe manager. Consider prefixing its path with '/' if it is synthetic.
[13:58:52] [Thread-11/ERROR] (EMI) [EMI] Recipe emi:create/shapeless/minecraft/yellow_candle not present in recipe manager. Consider prefixing its path with '/' if it is synthetic.
[13:58:52] [Thread-11/ERROR] (EMI) [EMI] Recipe emi:create/shapeless/create/crafting/kinetics/track_signal not present in recipe manager. Consider prefixing its path with '/' if it is synthetic.
[13:58:52] [Thread-11/ERROR] (EMI) [EMI] Recipe emi:create/shapeless/create/crafting/kinetics/depot not present in recipe manager. Consider prefixing its path with '/' if it is synthetic.
[13:58:52] [Thread-11/ERROR] (EMI) [EMI] Recipe emi:create/shapeless/minecraft/yellow_concrete_powder not present in recipe manager. Consider prefixing its path with '/' if it is synthetic.
[13:58:52] [Thread-11/ERROR] (EMI) [EMI] Recipe emi:create/shapeless/create/crafting/kinetics/yellow_valve_handle_from_other_valve_handle not present in recipe manager. Consider prefixing its path with '/' if it is synthetic.
[13:58:52] [Thread-11/ERROR] (EMI) [EMI] Recipe emi:create/shapeless/minecraft/red_concrete_powder not present in recipe manager. Consider prefixing its path with '/' if it is synthetic.
[13:58:52] [Thread-11/ERROR] (EMI) [EMI] Recipe emi:create/shapeless/create/crafting/kinetics/yellow_seat_from_other_seat not present in recipe manager. Consider prefixing its path with '/' if it is synthetic.
[13:58:52] [Thread-11/ERROR] (EMI) [EMI] Recipe emi:create/shapeless/create/crafting/kinetics/nixie_tube not present in recipe manager. Consider prefixing its path with '/' if it is synthetic.
[13:58:52] [Thread-11/ERROR] (EMI) [EMI] Recipe emi:create/shapeless/minecraft/gray_concrete_powder not present in recipe manager. Consider prefixing its path with '/' if it is synthetic.
[13:58:52] [Thread-11/ERROR] (EMI) [EMI] Recipe emi:create/shapeless/minecraft/light_blue_concrete_powder not present in recipe manager. Consider prefixing its path with '/' if it is synthetic.
[13:58:52] [Thread-11/ERROR] (EMI) [EMI] Recipe emi:create/shapeless/minecraft/dye_light_blue_bed not present in recipe manager. Consider prefixing its path with '/' if it is synthetic.
[13:58:52] [Thread-11/ERROR] (EMI) [EMI] Recipe emi:create/shapeless/minecraft/mushroom_stew not present in recipe manager. Consider prefixing its path with '/' if it is synthetic.
[13:58:52] [Thread-11/ERROR] (EMI) [EMI] Recipe emi:create/shapeless/minecraft/lime_candle not present in recipe manager. Consider prefixing its path with '/' if it is synthetic.
[13:58:52] [Thread-11/ERROR] (EMI) [EMI] Recipe emi:create/shapeless/minecraft/mossy_stone_bricks_from_vine not present in recipe manager. Consider prefixing its path with '/' if it is synthetic.
[13:58:52] [Thread-11/ERROR] (EMI) [EMI] Recipe emi:create/shapeless/minecraft/dye_white_carpet not present in recipe manager. Consider prefixing its path with '/' if it is synthetic.
[13:58:52] [Thread-11/ERROR] (EMI) [EMI] Recipe emi:create/shapeless/minecraft/dye_yellow_bed not present in recipe manager. Consider prefixing its path with '/' if it is synthetic.
[13:58:52] [Thread-11/ERROR] (EMI) [EMI] Recipe emi:create/shapeless/minecraft/flint_and_steel not present in recipe manager. Consider prefixing its path with '/' if it is synthetic.
[13:58:52] [Thread-11/ERROR] (EMI) [EMI] Recipe emi:create/shapeless/minecraft/red_candle not present in recipe manager. Consider prefixing its path with '/' if it is synthetic.
[13:58:52] [Thread-11/ERROR] (EMI) [EMI] Recipe emi:create/shapeless/create/small_dripstone_brick_slab_recycling not present in recipe manager. Consider prefixing its path with '/' if it is synthetic.
[13:58:52] [Thread-11/ERROR] (EMI) [EMI] Recipe emi:create/shapeless/create/crafting/copper/waxed_exposed_copper_shingles_from_honeycomb not present in recipe manager. Consider prefixing its path with '/' if it is synthetic.
[13:58:52] [Thread-11/ERROR] (EMI) [EMI] Recipe emi:create/shapeless/create/crafting/kinetics/blue_seat not present in recipe manager. Consider prefixing its path with '/' if it is synthetic.
[13:58:52] [Thread-11/ERROR] (EMI) [EMI] Recipe emi:create/shapeless/minecraft/dye_orange_wool not present in recipe manager. Consider prefixing its path with '/' if it is synthetic.
[13:58:52] [Thread-11/ERROR] (EMI) [EMI] Recipe emi:create/shapeless/minecraft/spruce_chest_boat not present in recipe manager. Consider prefixing its path with '/' if it is synthetic.
[13:58:52] [Thread-11/ERROR] (EMI) [EMI] Recipe emi:create/shapeless/minecraft/dye_light_blue_wool not present in recipe manager. Consider prefixing its path with '/' if it is synthetic.
[13:58:52] [Thread-11/ERROR] (EMI) [EMI] Recipe emi:create/shapeless/create/cut_granite_slab_recycling not present in recipe manager. Consider prefixing its path with '/' if it is synthetic.
[13:58:52] [Thread-11/ERROR] (EMI) [EMI] Recipe emi:create/shapeless/create/crafting/copper/waxed_copper_tile_slab_from_honeycomb not present in recipe manager. Consider prefixing its path with '/' if it is synthetic.
[13:58:52] [Thread-11/ERROR] (EMI) [EMI] Recipe emi:create/shapeless/minecraft/brown_concrete_powder not present in recipe manager. Consider prefixing its path with '/' if it is synthetic.
[13:58:52] [Thread-11/ERROR] (EMI) [EMI] Recipe emi:create/shapeless/create/crafting/kinetics/gray_valve_handle_from_other_valve_handle not present in recipe manager. Consider prefixing its path with '/' if it is synthetic.
[13:58:52] [Thread-11/ERROR] (EMI) [EMI] Recipe emi:create/shapeless/create/crafting/kinetics/cyan_valve_handle_from_other_valve_handle not present in recipe manager. Consider prefixing its path with '/' if it is synthetic.
[13:58:52] [Thread-11/ERROR] (EMI) [EMI] Recipe emi:create/shapeless/create/crafting/kinetics/magenta_seat not present in recipe manager. Consider prefixing its path with '/' if it is synthetic.
[13:58:52] [Thread-11/ERROR] (EMI) [EMI] Recipe emi:create/shapeless/minecraft/mangrove_chest_boat not present in recipe manager. Consider prefixing its path with '/' if it is synthetic.
[13:58:52] [Thread-11/ERROR] (EMI) [EMI] Recipe emi:create/shapeless/create/crafting/kinetics/light_blue_seat not present in recipe manager. Consider prefixing its path with '/' if it is synthetic.
[13:58:52] [Thread-11/ERROR] (EMI) [EMI] Recipe emi:create/shapeless/create/crafting/kinetics/gray_seat not present in recipe manager. Consider prefixing its path with '/' if it is synthetic.
[13:58:52] [Thread-11/ERROR] (EMI) [EMI] Recipe emi:create/shapeless/create/crafting/kinetics/brown_seat not present in recipe manager. Consider prefixing its path with '/' if it is synthetic.
[13:58:52] [Thread-11/ERROR] (EMI) [EMI] Recipe emi:create/shapeless/create/cut_crimsite_brick_slab_recycling not present in recipe manager. Consider prefixing its path with '/' if it is synthetic.
[13:58:52] [Thread-11/ERROR] (EMI) [EMI] Recipe emi:create/shapeless/minecraft/dye_yellow_wool not present in recipe manager. Consider prefixing its path with '/' if it is synthetic.
[13:58:52] [Thread-11/ERROR] (EMI) [EMI] Recipe emi:create/shapeless/create/small_asurine_brick_slab_recycling not present in recipe manager. Consider prefixing its path with '/' if it is synthetic.
[13:58:52] [Thread-11/ERROR] (EMI) [EMI] Recipe emi:create/shapeless/minecraft/dye_brown_carpet not present in recipe manager. Consider prefixing its path with '/' if it is synthetic.
[13:58:52] [Thread-11/ERROR] (EMI) [EMI] Recipe emi:create/shapeless/minecraft/dye_lime_wool not present in recipe manager. Consider prefixing its path with '/' if it is synthetic.
[13:58:52] [Thread-11/ERROR] (EMI) [EMI] Recipe emi:create/shapeless/minecraft/dye_black_bed not present in recipe manager. Consider prefixing its path with '/' if it is synthetic.
[13:58:52] [Thread-11/ERROR] (EMI) [EMI] Recipe emi:create/shapeless/minecraft/furnace_minecart not present in recipe manager. Consider prefixing its path with '/' if it is synthetic.
[13:58:52] [Thread-11/ERROR] (EMI) [EMI] Recipe emi:create/shapeless/create/crafting/kinetics/cogwheel not present in recipe manager. Consider prefixing its path with '/' if it is synthetic.
[13:58:52] [Thread-11/ERROR] (EMI) [EMI] Recipe emi:create/shapeless/minecraft/mossy_cobblestone_from_vine not present in recipe manager. Consider prefixing its path with '/' if it is synthetic.
[13:58:52] [Thread-11/ERROR] (EMI) [EMI] Recipe emi:create/shapeless/minecraft/white_concrete_powder not present in recipe manager. Consider prefixing its path with '/' if it is synthetic.
[13:58:52] [Thread-11/ERROR] (EMI) [EMI] Recipe emi:create/shapeless/minecraft/mossy_stone_bricks_from_moss_block not present in recipe manager. Consider prefixing its path with '/' if it is synthetic.
[13:58:52] [Thread-11/ERROR] (EMI) [EMI] Recipe emi:create/shapeless/create/crafting/kinetics/blue_valve_handle_from_other_valve_handle not present in recipe manager. Consider prefixing its path with '/' if it is synthetic.
[13:58:52] [Thread-11/ERROR] (EMI) [EMI] Recipe emi:create/shapeless/create/crafting/kinetics/red_valve_handle_from_other_valve_handle not present in recipe manager. Consider prefixing its path with '/' if it is synthetic.
[13:58:52] [Thread-11/ERROR] (EMI) [EMI] Recipe emi:create/shapeless/create/crafting/kinetics/adjustable_chain_gearshift not present in recipe manager. Consider prefixing its path with '/' if it is synthetic.
[13:58:52] [Thread-11/ERROR] (EMI) [EMI] Recipe emi:create/shapeless/create/crafting/kinetics/schedule not present in recipe manager. Consider prefixing its path with '/' if it is synthetic.
[13:58:52] [Thread-11/ERROR] (EMI) [EMI] Recipe emi:create/shapeless/minecraft/lime_concrete_powder not present in recipe manager. Consider prefixing its path with '/' if it is synthetic.
[13:58:52] [Thread-11/ERROR] (EMI) [EMI] Recipe emi:create/shapeless/create/cut_scoria_slab_recycling not present in recipe manager. Consider prefixing its path with '/' if it is synthetic.
[13:58:52] [Thread-11/ERROR] (EMI) [EMI] Recipe emi:create/shapeless/create/cut_diorite_slab_recycling not present in recipe manager. Consider prefixing its path with '/' if it is synthetic.
[13:58:52] [Thread-11/ERROR] (EMI) [EMI] Recipe emi:create/shapeless/minecraft/jungle_chest_boat not present in recipe manager. Consider prefixing its path with '/' if it is synthetic.
[13:58:52] [Thread-11/ERROR] (EMI) [EMI] Recipe emi:create/shapeless/minecraft/dye_black_carpet not present in recipe manager. Consider prefixing its path with '/' if it is synthetic.
[13:58:52] [Thread-11/ERROR] (EMI) [EMI] Recipe emi:create/shapeless/minecraft/book not present in recipe manager. Consider prefixing its path with '/' if it is synthetic.
[13:58:52] [Thread-11/ERROR] (EMI) [EMI] Recipe emi:create/shapeless/minecraft/dye_gray_carpet not present in recipe manager. Consider prefixing its path with '/' if it is synthetic.
[13:58:52] [Thread-11/ERROR] (EMI) [EMI] Recipe emi:create/shapeless/create/cut_asurine_slab_recycling not present in recipe manager. Consider prefixing its path with '/' if it is synthetic.
[13:58:52] [Thread-11/ERROR] (EMI) [EMI] Recipe emi:create/shapeless/minecraft/pink_concrete_powder not present in recipe manager. Consider prefixing its path with '/' if it is synthetic.
[13:58:52] [Thread-11/ERROR] (EMI) [EMI] Recipe emi:create/shapeless/minecraft/waxed_copper_block_from_honeycomb not present in recipe manager. Consider prefixing its path with '/' if it is synthetic.
[13:58:52] [Thread-11/ERROR] (EMI) [EMI] Recipe emi:create/shapeless/minecraft/magenta_concrete_powder not present in recipe manager. Consider prefixing its path with '/' if it is synthetic.
[13:58:52] [Thread-11/ERROR] (EMI) [EMI] Recipe emi:create/shapeless/minecraft/waxed_weathered_cut_copper_slab_from_honeycomb not present in recipe manager. Consider prefixing its path with '/' if it is synthetic.
[13:58:52] [Thread-11/ERROR] (EMI) [EMI] Recipe emi:create/shapeless/minecraft/light_blue_candle not present in recipe manager. Consider prefixing its path with '/' if it is synthetic.
[13:58:52] [Thread-11/ERROR] (EMI) [EMI] Recipe emi:create/shapeless/create/small_tuff_brick_slab_recycling not present in recipe manager. Consider prefixing its path with '/' if it is synthetic.
[13:58:52] [Thread-11/ERROR] (EMI) [EMI] Recipe emi:create/shapeless/minecraft/pink_candle not present in recipe manager. Consider prefixing its path with '/' if it is synthetic.
[13:58:52] [Thread-11/ERROR] (EMI) [EMI] Recipe emi:create/shapeless/create/polished_cut_andesite_slab_recycling not present in recipe manager. Consider prefixing its path with '/' if it is synthetic.
[13:58:52] [Thread-11/ERROR] (EMI) [EMI] Recipe emi:create/shapeless/minecraft/creeper_banner_pattern not present in recipe manager. Consider prefixing its path with '/' if it is synthetic.
[13:58:52] [Thread-11/ERROR] (EMI) [EMI] Recipe emi:create/shapeless/create/crafting/kinetics/train_door not present in recipe manager. Consider prefixing its path with '/' if it is synthetic.
[13:58:52] [Thread-11/ERROR] (EMI) [EMI] Recipe emi:create/shapeless/minecraft/dye_gray_wool not present in recipe manager. Consider prefixing its path with '/' if it is synthetic.
[13:58:52] [Thread-11/ERROR] (EMI) [EMI] Recipe emi:create/shapeless/create/crafting/kinetics/encased_chain_drive not present in recipe manager. Consider prefixing its path with '/' if it is synthetic.
[13:58:52] [Thread-11/ERROR] (EMI) [EMI] Recipe emi:create/shapeless/minecraft/dye_gray_bed not present in recipe manager. Consider prefixing its path with '/' if it is synthetic.
[13:58:52] [Thread-11/ERROR] (EMI) [EMI] Recipe emi:create/shapeless/create/small_scoria_brick_slab_recycling not present in recipe manager. Consider prefixing its path with '/' if it is synthetic.
[13:58:52] [Thread-11/ERROR] (EMI) [EMI] Recipe emi:create/shapeless/minecraft/dye_light_gray_bed not present in recipe manager. Consider prefixing its path with '/' if it is synthetic.
[13:58:52] [Thread-11/ERROR] (EMI) [EMI] Recipe emi:create/shapeless/create/polished_cut_tuff_slab_recycling not present in recipe manager. Consider prefixing its path with '/' if it is synthetic.
[13:58:52] [Thread-11/ERROR] (EMI) [EMI] Recipe emi:create/shapeless/minecraft/blue_concrete_powder not present in recipe manager. Consider prefixing its path with '/' if it is synthetic.
[13:58:52] [Thread-11/ERROR] (EMI) [EMI] Recipe emi:create/shapeless/create/crafting/copper/waxed_copper_tiles_from_honeycomb not present in recipe manager. Consider prefixing its path with '/' if it is synthetic.
[13:58:52] [Thread-11/ERROR] (EMI) [EMI] Recipe emi:create/shapeless/create/crafting/copper/waxed_weathered_copper_tiles_from_honeycomb not present in recipe manager. Consider prefixing its path with '/' if it is synthetic.
[13:58:52] [Thread-11/ERROR] (EMI) [EMI] Recipe emi:create/shapeless/minecraft/rabbit_stew_from_red_mushroom not present in recipe manager. Consider prefixing its path with '/' if it is synthetic.
[13:58:52] [Thread-11/ERROR] (EMI) [EMI] Recipe emi:create/shapeless/minecraft/waxed_oxidized_cut_copper_stairs_from_honeycomb not present in recipe manager. Consider prefixing its path with '/' if it is synthetic.
[13:58:52] [Thread-11/ERROR] (EMI) [EMI] Recipe emi:create/shapeless/create/crafting/kinetics/lime_valve_handle_from_other_valve_handle not present in recipe manager. Consider prefixing its path with '/' if it is synthetic.
[13:58:52] [Thread-11/ERROR] (EMI) [EMI] Recipe emi:create/shapeless/create/crafting/kinetics/orange_valve_handle_from_other_valve_handle not present in recipe manager. Consider prefixing its path with '/' if it is synthetic.
[13:58:52] [Thread-11/ERROR] (EMI) [EMI] Recipe emi:create/shapeless/minecraft/netherite_ingot not present in recipe manager. Consider prefixing its path with '/' if it is synthetic.
[13:58:52] [Thread-11/ERROR] (EMI) [EMI] Recipe emi:create/shapeless/minecraft/blue_candle not present in recipe manager. Consider prefixing its path with '/' if it is synthetic.
[13:58:52] [Thread-11/ERROR] (EMI) [EMI] Recipe emi:create/shapeless/create/cut_andesite_brick_slab_recycling not present in recipe manager. Consider prefixing its path with '/' if it is synthetic.
[13:58:52] [Thread-11/ERROR] (EMI) [EMI] Recipe emi:create/shapeless/minecraft/flower_banner_pattern not present in recipe manager. Consider prefixing its path with '/' if it is synthetic.
[13:58:52] [Thread-11/ERROR] (EMI) [EMI] Recipe emi:create/shapeless/create/crafting/copper/waxed_exposed_copper_tile_stairs_from_honeycomb not present in recipe manager. Consider prefixing its path with '/' if it is synthetic.
[13:58:52] [Thread-11/ERROR] (EMI) [EMI] Recipe emi:create/shapeless/minecraft/orange_dye_from_red_yellow not present in recipe manager. Consider prefixing its path with '/' if it is synthetic.
[13:58:52] [Thread-11/ERROR] (EMI) [EMI] Recipe emi:create/shapeless/create/crafting/kinetics/track_station not present in recipe manager. Consider prefixing its path with '/' if it is synthetic.
[13:58:52] [Thread-11/ERROR] (EMI) [EMI] Recipe emi:create/shapeless/create/crafting/copper/waxed_weathered_copper_shingle_stairs_from_honeycomb not present in recipe manager. Consider prefixing its path with '/' if it is synthetic.
[13:58:52] [Thread-11/ERROR] (EMI) [EMI] Recipe emi:create/shapeless/minecraft/cyan_candle not present in recipe manager. Consider prefixing its path with '/' if it is synthetic.
[13:58:52] [Thread-11/ERROR] (EMI) [EMI] Recipe emi:create/shapeless/create/crafting/copper/waxed_oxidized_copper_shingle_stairs_from_honeycomb not present in recipe manager. Consider prefixing its path with '/' if it is synthetic.
[13:58:52] [Thread-11/ERROR] (EMI) [EMI] Recipe emi:create/shapeless/minecraft/magenta_candle not present in recipe manager. Consider prefixing its path with '/' if it is synthetic.
[13:58:52] [Thread-11/ERROR] (EMI) [EMI] Recipe emi:create/shapeless/minecraft/magenta_dye_from_blue_red_pink not present in recipe manager. Consider prefixing its path with '/' if it is synthetic.
[13:58:52] [Thread-11/ERROR] (EMI) [EMI] Recipe emi:create/shapeless/minecraft/black_concrete_powder not present in recipe manager. Consider prefixing its path with '/' if it is synthetic.
[13:58:52] [Thread-11/ERROR] (EMI) [EMI] Recipe emi:create/shapeless/minecraft/purple_concrete_powder not present in recipe manager. Consider prefixing its path with '/' if it is synthetic.
[13:58:52] [Thread-11/ERROR] (EMI) [EMI] Recipe emi:create/shapeless/create/crafting/kinetics/light_gray_valve_handle_from_other_valve_handle not present in recipe manager. Consider prefixing its path with '/' if it is synthetic.
[13:58:52] [Thread-11/ERROR] (EMI) [EMI] Recipe emi:create/shapeless/create/polished_cut_diorite_slab_recycling not present in recipe manager. Consider prefixing its path with '/' if it is synthetic.
[13:58:52] [Thread-11/ERROR] (EMI) [EMI] Recipe emi:create/shapeless/minecraft/light_gray_dye_from_black_white_dye not present in recipe manager. Consider prefixing its path with '/' if it is synthetic.
[13:58:52] [Thread-11/ERROR] (EMI) [EMI] Recipe emi:create/shapeless/minecraft/tnt_minecart not present in recipe manager. Consider prefixing its path with '/' if it is synthetic.
[13:58:52] [Thread-11/ERROR] (EMI) [EMI] Recipe emi:create/shapeless/minecraft/dye_red_wool not present in recipe manager. Consider prefixing its path with '/' if it is synthetic.
[13:58:52] [Thread-11/ERROR] (EMI) [EMI] Recipe emi:create/shapeless/create/crafting/materials/red_sand_paper not present in recipe manager. Consider prefixing its path with '/' if it is synthetic.
[13:58:52] [Thread-11/ERROR] (EMI) [EMI] Recipe emi:create/shapeless/minecraft/dye_magenta_bed not present in recipe manager. Consider prefixing its path with '/' if it is synthetic.
[13:58:52] [Thread-11/ERROR] (EMI) [EMI] Recipe emi:create/shapeless/minecraft/waxed_cut_copper_from_honeycomb not present in recipe manager. Consider prefixing its path with '/' if it is synthetic.
[13:58:52] [Thread-11/ERROR] (EMI) [EMI] Recipe emi:create/shapeless/minecraft/dye_magenta_carpet not present in recipe manager. Consider prefixing its path with '/' if it is synthetic.
[13:58:52] [Thread-11/ERROR] (EMI) [EMI] Recipe emi:create/shapeless/create/crafting/kinetics/light_blue_valve_handle_from_other_valve_handle not present in recipe manager. Consider prefixing its path with '/' if it is synthetic.
[13:58:52] [Thread-11/ERROR] (EMI) [EMI] Recipe emi:create/shapeless/create/polished_cut_ochrum_slab_recycling not present in recipe manager. Consider prefixing its path with '/' if it is synthetic.
[13:58:52] [Thread-11/ERROR] (EMI) [EMI] Recipe emi:create/shapeless/minecraft/dye_orange_bed not present in recipe manager. Consider prefixing its path with '/' if it is synthetic.
[13:58:52] [Thread-11/ERROR] (EMI) [EMI] Recipe emi:create/shapeless/minecraft/muddy_mangrove_roots not present in recipe manager. Consider prefixing its path with '/' if it is synthetic.
[13:58:52] [Thread-11/ERROR] (EMI) [EMI] Recipe emi:create/shapeless/create/crafting/copper/waxed_weathered_copper_shingle_slab_from_honeycomb not present in recipe manager. Consider prefixing its path with '/' if it is synthetic.
[13:58:52] [Thread-11/ERROR] (EMI) [EMI] Recipe emi:create/shapeless/create/crafting/kinetics/large_cogwheel_from_little not present in recipe manager. Consider prefixing its path with '/' if it is synthetic.
[13:58:52] [Thread-11/ERROR] (EMI) [EMI] Recipe emi:create/shapeless/create/polished_cut_crimsite_slab_recycling not present in recipe manager. Consider prefixing its path with '/' if it is synthetic.
[13:58:52] [Thread-11/ERROR] (EMI) [EMI] Recipe emi:create/shapeless/create/crafting/kinetics/magenta_valve_handle_from_other_valve_handle not present in recipe manager. Consider prefixing its path with '/' if it is synthetic.
[13:58:52] [Thread-11/ERROR] (EMI) [EMI] Recipe emi:create/shapeless/create/crafting/copper/waxed_oxidized_copper_tile_slab_from_honeycomb not present in recipe manager. Consider prefixing its path with '/' if it is synthetic.
[13:58:52] [Thread-11/ERROR] (EMI) [EMI] Recipe emi:create/shapeless/create/crafting/kinetics/train_trapdoor not present in recipe manager. Consider prefixing its path with '/' if it is synthetic.
[13:58:52] [Thread-11/ERROR] (EMI) [EMI] Recipe emi:create/shapeless/create/small_calcite_brick_slab_recycling not present in recipe manager. Consider prefixing its path with '/' if it is synthetic.
[13:58:52] [Thread-11/ERROR] (EMI) [EMI] Recipe emi:create/shapeless/minecraft/waxed_exposed_cut_copper_from_honeycomb not present in recipe manager. Consider prefixing its path with '/' if it is synthetic.
[13:58:52] [Thread-11/ERROR] (EMI) [EMI] Recipe emi:create/shapeless/minecraft/mossy_cobblestone_from_moss_block not present in recipe manager. Consider prefixing its path with '/' if it is synthetic.
[13:58:52] [Thread-11/ERROR] (EMI) [EMI] Recipe emi:create/shapeless/minecraft/trapped_chest not present in recipe manager. Consider prefixing its path with '/' if it is synthetic.
[13:58:52] [Thread-11/ERROR] (EMI) [EMI] Recipe emi:create/shapeless/create/crafting/kinetics/mechanical_pump not present in recipe manager. Consider prefixing its path with '/' if it is synthetic.
[13:58:52] [Thread-11/ERROR] (EMI) [EMI] Recipe emi:create/shapeless/create/cut_tuff_slab_recycling not present in recipe manager. Consider prefixing its path with '/' if it is synthetic.
[13:58:52] [Thread-11/ERROR] (EMI) [EMI] Recipe emi:create/shapeless/minecraft/beetroot_soup not present in recipe manager. Consider prefixing its path with '/' if it is synthetic.
[13:58:52] [Thread-11/ERROR] (EMI) [EMI] Recipe emi:create/shapeless/minecraft/brown_candle not present in recipe manager. Consider prefixing its path with '/' if it is synthetic.
[13:58:52] [Thread-11/ERROR] (EMI) [EMI] Recipe emi:create/shapeless/create/crafting/kinetics/portable_storage_interface not present in recipe manager. Consider prefixing its path with '/' if it is synthetic.
[13:58:52] [Thread-11/ERROR] (EMI) [EMI] Recipe emi:create/shapeless/create/crafting/kinetics/cyan_seat not present in recipe manager. Consider prefixing its path with '/' if it is synthetic.
[13:58:52] [Thread-11/ERROR] (EMI) [EMI] Recipe emi:create/shapeless/create/crafting/kinetics/track_observer not present in recipe manager. Consider prefixing its path with '/' if it is synthetic.
[13:58:52] [Thread-11/ERROR] (EMI) [EMI] Recipe emi:create/shapeless/minecraft/dye_blue_wool not present in recipe manager. Consider prefixing its path with '/' if it is synthetic.
[13:58:52] [Thread-11/ERROR] (EMI) [EMI] Recipe emi:create/shapeless/create/polished_cut_asurine_slab_recycling not present in recipe manager. Consider prefixing its path with '/' if it is synthetic.
[13:58:52] [Thread-11/ERROR] (EMI) [EMI] Recipe emi:create/shapeless/minecraft/waxed_weathered_cut_copper_from_honeycomb not present in recipe manager. Consider prefixing its path with '/' if it is synthetic.
[13:58:52] [Thread-11/ERROR] (EMI) [EMI] Recipe emi:create/shapeless/minecraft/dye_red_bed not present in recipe manager. Consider prefixing its path with '/' if it is synthetic.
[13:58:52] [Thread-11/ERROR] (EMI) [EMI] Recipe emi:create/shapeless/minecraft/cherry_chest_boat not present in recipe manager. Consider prefixing its path with '/' if it is synthetic.
[13:58:52] [Thread-11/ERROR] (EMI) [EMI] Recipe emi:create/shapeless/create/crafting/kinetics/gearshift not present in recipe manager. Consider prefixing its path with '/' if it is synthetic.
[13:58:52] [Thread-11/ERROR] (EMI) [EMI] Recipe emi:create/shapeless/minecraft/dye_lime_bed not present in recipe manager. Consider prefixing its path with '/' if it is synthetic.
[13:58:52] [Thread-11/ERROR] (EMI) [EMI] Recipe emi:create/shapeless/minecraft/light_gray_dye_from_gray_white_dye not present in recipe manager. Consider prefixing its path with '/' if it is synthetic.
[13:58:52] [Thread-11/ERROR] (EMI) [EMI] Recipe emi:create/shapeless/create/polished_cut_scorchia_slab_recycling not present in recipe manager. Consider prefixing its path with '/' if it is synthetic.
[13:58:52] [Thread-11/ERROR] (EMI) [EMI] Recipe emi:create/shapeless/minecraft/magenta_dye_from_purple_and_pink not present in recipe manager. Consider prefixing its path with '/' if it is synthetic.
[13:58:52] [Thread-11/ERROR] (EMI) [EMI] Recipe emi:create/shapeless/minecraft/oak_chest_boat not present in recipe manager. Consider prefixing its path with '/' if it is synthetic.
[13:58:52] [Thread-11/ERROR] (EMI) [EMI] Recipe emi:create/shapeless/create/cut_calcite_brick_slab_recycling not present in recipe manager. Consider prefixing its path with '/' if it is synthetic.
[13:58:52] [Thread-11/ERROR] (EMI) [EMI] Recipe emi:create/shapeless/create/cut_dripstone_slab_recycling not present in recipe manager. Consider prefixing its path with '/' if it is synthetic.
[13:58:52] [Thread-11/ERROR] (EMI) [EMI] Recipe emi:create/shapeless/minecraft/dye_magenta_wool not present in recipe manager. Consider prefixing its path with '/' if it is synthetic.
[13:58:52] [Thread-11/ERROR] (EMI) [EMI] Recipe emi:create/shapeless/create/crafting/kinetics/yellow_seat not present in recipe manager. Consider prefixing its path with '/' if it is synthetic.
[13:58:52] [Thread-11/ERROR] (EMI) [EMI] Recipe emi:create/shapeless/create/crafting/kinetics/lime_seat not present in recipe manager. Consider prefixing its path with '/' if it is synthetic.
[13:58:52] [Thread-11/ERROR] (EMI) [EMI] Recipe emi:create/shapeless/minecraft/waxed_oxidized_cut_copper_slab_from_honeycomb not present in recipe manager. Consider prefixing its path with '/' if it is synthetic.
[13:58:52] [Thread-11/ERROR] (EMI) [EMI] Recipe emi:create/shapeless/create/polished_cut_veridium_slab_recycling not present in recipe manager. Consider prefixing its path with '/' if it is synthetic.
[13:58:52] [Thread-11/ERROR] (EMI) [EMI] Recipe emi:create/shapeless/create/crafting/kinetics/rose_quartz_lamp not present in recipe manager. Consider prefixing its path with '/' if it is synthetic.
[13:58:52] [Thread-11/ERROR] (EMI) [EMI] Recipe emi:create/shapeless/create/crafting/kinetics/sequenced_gearshift not present in recipe manager. Consider prefixing its path with '/' if it is synthetic.
[13:58:52] [Thread-11/ERROR] (EMI) [EMI] Recipe emi:create/shapeless/create/crafting/kinetics/green_seat not present in recipe manager. Consider prefixing its path with '/' if it is synthetic.
[13:58:52] [Thread-11/ERROR] (EMI) [EMI] Recipe emi:create/shapeless/create/crafting/kinetics/black_seat not present in recipe manager. Consider prefixing its path with '/' if it is synthetic.
[13:58:52] [Thread-11/ERROR] (EMI) [EMI] Recipe emi:create/shapeless/create/crafting/schematics/schematic_and_quill not present in recipe manager. Consider prefixing its path with '/' if it is synthetic.
[13:58:52] [Thread-11/ERROR] (EMI) [EMI] Recipe emi:create/shapeless/minecraft/dye_blue_bed not present in recipe manager. Consider prefixing its path with '/' if it is synthetic.
[13:58:52] [Thread-11/ERROR] (EMI) [EMI] Recipe emi:create/shapeless/create/crafting/kinetics/portable_fluid_interface not present in recipe manager. Consider prefixing its path with '/' if it is synthetic.
[13:58:52] [Thread-11/ERROR] (EMI) [EMI] Recipe emi:create/shapeless/minecraft/dye_light_blue_carpet not present in recipe manager. Consider prefixing its path with '/' if it is synthetic.
[13:58:52] [Thread-11/ERROR] (EMI) [EMI] Recipe emi:create/shapeless/minecraft/dark_oak_chest_boat not present in recipe manager. Consider prefixing its path with '/' if it is synthetic.
[13:58:52] [Thread-11/ERROR] (EMI) [EMI] Recipe emi:create/shapeless/create/crafting/copper/waxed_copper_shingles_from_honeycomb not present in recipe manager. Consider prefixing its path with '/' if it is synthetic.
[13:58:52] [Thread-11/ERROR] (EMI) [EMI] Recipe emi:create/shapeless/minecraft/dye_red_carpet not present in recipe manager. Consider prefixing its path with '/' if it is synthetic.
[13:58:52] [Thread-11/ERROR] (EMI) [EMI] Recipe emi:create/shapeless/create/crafting/copper/waxed_oxidized_copper_shingles_from_honeycomb not present in recipe manager. Consider prefixing its path with '/' if it is synthetic.
[13:58:52] [Thread-11/ERROR] (EMI) [EMI] Recipe emi:create/shapeless/minecraft/acacia_chest_boat not present in recipe manager. Consider prefixing its path with '/' if it is synthetic.
[13:58:52] [Thread-11/ERROR] (EMI) [EMI] Recipe emi:create/shapeless/create/small_scorchia_brick_slab_recycling not present in recipe manager. Consider prefixing its path with '/' if it is synthetic.
[13:58:52] [Thread-11/ERROR] (EMI) [EMI] Recipe emi:create/shapeless/create/crafting/kinetics/blue_seat_from_other_seat not present in recipe manager. Consider prefixing its path with '/' if it is synthetic.
[13:58:52] [Thread-11/ERROR] (EMI) [EMI] Recipe emi:create/shapeless/create/small_ochrum_brick_slab_recycling not present in recipe manager. Consider prefixing its path with '/' if it is synthetic.
[13:58:52] [Thread-11/ERROR] (EMI) [EMI] Recipe emi:create/shapeless/create/cut_asurine_brick_slab_recycling not present in recipe manager. Consider prefixing its path with '/' if it is synthetic.
[13:58:52] [Thread-11/ERROR] (EMI) [EMI] Recipe emi:create/shapeless/create/crafting/kinetics/brown_valve_handle_from_other_valve_handle not present in recipe manager. Consider prefixing its path with '/' if it is synthetic.
[13:58:52] [Thread-11/ERROR] (EMI) [EMI] Recipe emi:create/shapeless/create/cut_deepslate_brick_slab_recycling not present in recipe manager. Consider prefixing its path with '/' if it is synthetic.
[13:58:52] [Thread-11/ERROR] (EMI) [EMI] Recipe emi:create/shapeless/minecraft/waxed_exposed_copper_from_honeycomb not present in recipe manager. Consider prefixing its path with '/' if it is synthetic.
[13:58:52] [Thread-11/ERROR] (EMI) [EMI] Recipe emi:create/shapeless/create/crafting/kinetics/pink_seat_from_other_seat not present in recipe manager. Consider prefixing its path with '/' if it is synthetic.
[13:58:52] [Thread-11/ERROR] (EMI) [EMI] Recipe emi:create/shapeless/minecraft/waxed_cut_copper_slab_from_honeycomb not present in recipe manager. Consider prefixing its path with '/' if it is synthetic.
[13:58:52] [Thread-11/ERROR] (EMI) [EMI] Recipe emi:create/shapeless/create/crafting/kinetics/placard not present in recipe manager. Consider prefixing its path with '/' if it is synthetic.
[13:58:52] [Thread-11/ERROR] (EMI) [EMI] Recipe emi:create/shapeless/minecraft/honey_bottle not present in recipe manager. Consider prefixing its path with '/' if it is synthetic.
[13:58:52] [Thread-11/ERROR] (EMI) [EMI] Recipe emi:create/shapeless/create/crafting/copper/waxed_copper_tile_stairs_from_honeycomb not present in recipe manager. Consider prefixing its path with '/' if it is synthetic.
[13:58:52] [Thread-11/ERROR] (EMI) [EMI] Recipe emi:create/shapeless/create/crafting/kinetics/andesite_door not present in recipe manager. Consider prefixing its path with '/' if it is synthetic.
[13:58:52] [Thread-11/ERROR] (EMI) [EMI] Recipe emi:create/shapeless/create/crafting/kinetics/white_valve_handle_from_other_valve_handle not present in recipe manager. Consider prefixing its path with '/' if it is synthetic.
[13:58:52] [Thread-11/ERROR] (EMI) [EMI] Recipe emi:create/shapeless/create/crafting/kinetics/light_blue_seat_from_other_seat not present in recipe manager. Consider prefixing its path with '/' if it is synthetic.
[13:58:52] [Thread-11/ERROR] (EMI) [EMI] Recipe emi:create/shapeless/create/crafting/kinetics/purple_seat_from_other_seat not present in recipe manager. Consider prefixing its path with '/' if it is synthetic.
[13:58:52] [Thread-11/ERROR] (EMI) [EMI] Recipe emi:create/shapeless/minecraft/orange_concrete_powder not present in recipe manager. Consider prefixing its path with '/' if it is synthetic.
[13:58:52] [Thread-11/ERROR] (EMI) [EMI] Recipe emi:create/shapeless/create/small_limestone_brick_slab_recycling not present in recipe manager. Consider prefixing its path with '/' if it is synthetic.
[13:58:52] [Thread-11/ERROR] (EMI) [EMI] Recipe emi:create/shapeless/create/crafting/copper/waxed_copper_shingle_slab_from_honeycomb not present in recipe manager. Consider prefixing its path with '/' if it is synthetic.
[13:58:52] [Thread-11/ERROR] (EMI) [EMI] Recipe emi:create/shapeless/create/cut_calcite_slab_recycling not present in recipe manager. Consider prefixing its path with '/' if it is synthetic.
[13:58:52] [Thread-11/ERROR] (EMI) [EMI] Recipe emi:create/shapeless/create/cut_ochrum_slab_recycling not present in recipe manager. Consider prefixing its path with '/' if it is synthetic.
[13:58:52] [Thread-11/ERROR] (EMI) [EMI] Recipe emi:create/shapeless/create/crafting/copper/waxed_oxidized_copper_shingle_slab_from_honeycomb not present in recipe manager. Consider prefixing its path with '/' if it is synthetic.
[13:58:52] [Thread-11/ERROR] (EMI) [EMI] Recipe emi:create/shapeless/minecraft/dye_pink_bed not present in recipe manager. Consider prefixing its path with '/' if it is synthetic.
[13:58:52] [Thread-11/ERROR] (EMI) [EMI] Recipe emi:create/shapeless/create/polished_cut_deepslate_slab_recycling not present in recipe manager. Consider prefixing its path with '/' if it is synthetic.
[13:58:52] [Thread-11/ERROR] (EMI) [EMI] Recipe emi:create/shapeless/create/crafting/kinetics/pink_seat not present in recipe manager. Consider prefixing its path with '/' if it is synthetic.
[13:58:52] [Thread-11/ERROR] (EMI) [EMI] Recipe emi:create/shapeless/create/cut_ochrum_brick_slab_recycling not present in recipe manager. Consider prefixing its path with '/' if it is synthetic.
[13:58:52] [Thread-11/ERROR] (EMI) [EMI] Recipe emi:create/shapeless/minecraft/skull_banner_pattern not present in recipe manager. Consider prefixing its path with '/' if it is synthetic.
[13:58:52] [Thread-11/ERROR] (EMI) [EMI] Recipe emi:create/shapeless/create/small_diorite_brick_slab_recycling not present in recipe manager. Consider prefixing its path with '/' if it is synthetic.
[13:58:52] [Thread-11/ERROR] (EMI) [EMI] Recipe emi:create/shapeless/minecraft/granite not present in recipe manager. Consider prefixing its path with '/' if it is synthetic.
[13:58:52] [Thread-11/ERROR] (EMI) [EMI] Recipe emi:create/shapeless/minecraft/waxed_exposed_cut_copper_stairs_from_honeycomb not present in recipe manager. Consider prefixing its path with '/' if it is synthetic.
[13:58:52] [Thread-11/ERROR] (EMI) [EMI] Recipe emi:create/shapeless/create/crafting/kinetics/clutch not present in recipe manager. Consider prefixing its path with '/' if it is synthetic.
[13:58:52] [Thread-11/ERROR] (EMI) [EMI] Recipe emi:create/shapeless/minecraft/dye_cyan_carpet not present in recipe manager. Consider prefixing its path with '/' if it is synthetic.
[13:58:52] [Thread-11/ERROR] (EMI) [EMI] Recipe emi:create/shapeless/minecraft/firework_rocket_simple not present in recipe manager. Consider prefixing its path with '/' if it is synthetic.
[13:58:52] [Thread-11/ERROR] (EMI) [EMI] Recipe emi:create/shapeless/minecraft/andesite not present in recipe manager. Consider prefixing its path with '/' if it is synthetic.
[13:58:52] [Thread-11/ERROR] (EMI) [EMI] Recipe emi:create/shapeless/create/crafting/kinetics/lime_seat_from_other_seat not present in recipe manager. Consider prefixing its path with '/' if it is synthetic.
[13:58:52] [Thread-11/ERROR] (EMI) [EMI] Recipe emi:create/shapeless/minecraft/waxed_exposed_cut_copper_slab_from_honeycomb not present in recipe manager. Consider prefixing its path with '/' if it is synthetic.
[13:58:52] [Thread-11/ERROR] (EMI) [EMI] Recipe emi:create/shapeless/create/crafting/copper/waxed_oxidized_copper_tile_stairs_from_honeycomb not present in recipe manager. Consider prefixing its path with '/' if it is synthetic.
[13:58:52] [Thread-11/ERROR] (EMI) [EMI] Recipe emi:create/shapeless/create/crafting/copper/waxed_weathered_copper_tile_slab_from_honeycomb not present in recipe manager. Consider prefixing its path with '/' if it is synthetic.
[13:58:52] [Thread-11/ERROR] (EMI) [EMI] Recipe emi:create/shapeless/create/cut_limestone_slab_recycling not present in recipe manager. Consider prefixing its path with '/' if it is synthetic.
[13:58:52] [Thread-11/ERROR] (EMI) [EMI] Recipe emi:create/shapeless/minecraft/dye_yellow_carpet not present in recipe manager. Consider prefixing its path with '/' if it is synthetic.
[13:58:52] [Thread-11/ERROR] (EMI) [EMI] Recipe emi:create/shapeless/create/crafting/kinetics/orange_seat_from_other_seat not present in recipe manager. Consider prefixing its path with '/' if it is synthetic.
[13:58:52] [Thread-11/ERROR] (EMI) [EMI] Recipe emi:create/shapeless/minecraft/white_candle not present in recipe manager. Consider prefixing its path with '/' if it is synthetic.
[13:58:52] [Thread-11/ERROR] (EMI) [EMI] Recipe emi:create/shapeless/minecraft/dye_white_wool not present in recipe manager. Consider prefixing its path with '/' if it is synthetic.
[13:58:52] [Thread-11/ERROR] (EMI) [EMI] Recipe emi:create/shapeless/create/crafting/kinetics/red_seat not present in recipe manager. Consider prefixing its path with '/' if it is synthetic.
[13:58:52] [Thread-11/ERROR] (EMI) [EMI] Recipe emi:create/shapeless/create/cut_veridium_brick_slab_recycling not present in recipe manager. Consider prefixing its path with '/' if it is synthetic.
[13:58:52] [Thread-11/ERROR] (EMI) [EMI] Recipe emi:create/shapeless/create/polished_cut_calcite_slab_recycling not present in recipe manager. Consider prefixing its path with '/' if it is synthetic.
[13:58:52] [Thread-11/ERROR] (EMI) [EMI] Recipe emi:create/shapeless/create/crafting/kinetics/brown_seat_from_other_seat not present in recipe manager. Consider prefixing its path with '/' if it is synthetic.
[13:58:52] [Thread-11/ERROR] (EMI) [EMI] Recipe emi:create/shapeless/minecraft/dye_light_gray_carpet not present in recipe manager. Consider prefixing its path with '/' if it is synthetic.
[13:58:52] [Thread-11/ERROR] (EMI) [EMI] Recipe emi:create/shapeless/create/crafting/kinetics/red_seat_from_other_seat not present in recipe manager. Consider prefixing its path with '/' if it is synthetic.
[13:58:52] [Thread-11/ERROR] (EMI) [EMI] Recipe emi:create/shapeless/create/crafting/kinetics/track_observer_from_other_plates not present in recipe manager. Consider prefixing its path with '/' if it is synthetic.
[13:58:52] [Thread-11/ERROR] (EMI) [EMI] Recipe emi:create/shapeless/minecraft/dye_purple_carpet not present in recipe manager. Consider prefixing its path with '/' if it is synthetic.
[13:58:52] [Thread-11/ERROR] (EMI) [EMI] Recipe emi:create/shapeless/minecraft/dye_orange_carpet not present in recipe manager. Consider prefixing its path with '/' if it is synthetic.
[13:58:52] [Thread-11/ERROR] (EMI) [EMI] Recipe emi:create/shapeless/create/crafting/kinetics/orange_seat not present in recipe manager. Consider prefixing its path with '/' if it is synthetic.
[13:58:52] [Thread-11/ERROR] (EMI) [EMI] Recipe emi:create/shapeless/minecraft/dye_cyan_bed not present in recipe manager. Consider prefixing its path with '/' if it is synthetic.
[13:58:52] [Thread-11/ERROR] (EMI) [EMI] Recipe emi:create/shapeless/minecraft/waxed_oxidized_copper_from_honeycomb not present in recipe manager. Consider prefixing its path with '/' if it is synthetic.
[13:58:52] [Thread-11/ERROR] (EMI) [EMI] Recipe emi:create/shapeless/create/crafting/kinetics/copper_door not present in recipe manager. Consider prefixing its path with '/' if it is synthetic.
[13:58:52] [Thread-11/ERROR] (EMI) [EMI] Recipe emi:create/shapeless/create/crafting/copper/waxed_oxidized_copper_tiles_from_honeycomb not present in recipe manager. Consider prefixing its path with '/' if it is synthetic.
[13:58:52] [Thread-11/ERROR] (EMI) [EMI] Recipe emi:create/shapeless/create/crafting/appliances/tree_fertilizer not present in recipe manager. Consider prefixing its path with '/' if it is synthetic.
[13:58:52] [Thread-11/ERROR] (EMI) [EMI] Recipe emi:create/shapeless/create/crafting/kinetics/light_gray_seat_from_other_seat not present in recipe manager. Consider prefixing its path with '/' if it is synthetic.
[13:58:52] [Thread-11/ERROR] (EMI) [EMI] Recipe emi:create/shapeless/minecraft/magma_cream not present in recipe manager. Consider prefixing its path with '/' if it is synthetic.
[13:58:52] [Thread-11/ERROR] (EMI) [EMI] Recipe emi:create/shapeless/create/polished_cut_limestone_slab_recycling not present in recipe manager. Consider prefixing its path with '/' if it is synthetic.
[13:58:52] [Thread-11/ERROR] (EMI) [EMI] Recipe emi:create/shapeless/minecraft/light_gray_candle not present in recipe manager. Consider prefixing its path with '/' if it is synthetic.
[13:58:52] [Thread-11/ERROR] (EMI) [EMI] Recipe emi:create/shapeless/minecraft/birch_chest_boat not present in recipe manager. Consider prefixing its path with '/' if it is synthetic.
[13:58:52] [Thread-11/ERROR] (EMI) [EMI] Recipe emi:create/shapeless/create/cut_dripstone_brick_slab_recycling not present in recipe manager. Consider prefixing its path with '/' if it is synthetic.
[13:58:52] [Thread-11/ERROR] (EMI) [EMI] Recipe emi:create/shapeless/minecraft/dye_lime_carpet not present in recipe manager. Consider prefixing its path with '/' if it is synthetic.
[13:58:52] [Thread-11/ERROR] (EMI) [EMI] Recipe emi:create/shapeless/create/crafting/kinetics/fluid_valve not present in recipe manager. Consider prefixing its path with '/' if it is synthetic.
[13:58:52] [Thread-11/ERROR] (EMI) [EMI] Recipe emi:create/shapeless/minecraft/ender_eye not present in recipe manager. Consider prefixing its path with '/' if it is synthetic.
[13:58:52] [Thread-11/ERROR] (EMI) [EMI] Recipe emi:create/shapeless/create/crafting/kinetics/purple_seat not present in recipe manager. Consider prefixing its path with '/' if it is synthetic.
[13:58:52] [Thread-11/ERROR] (EMI) [EMI] Recipe emi:create/shapeless/create/crafting/kinetics/pink_valve_handle_from_other_valve_handle not present in recipe manager. Consider prefixing its path with '/' if it is synthetic.
[13:58:52] [Thread-11/ERROR] (EMI) [EMI] Recipe emi:create/shapeless/create/cut_scorchia_brick_slab_recycling not present in recipe manager. Consider prefixing its path with '/' if it is synthetic.
[13:58:52] [Thread-11/ERROR] (EMI) [EMI] Recipe emi:create/shapeless/minecraft/chest_minecart not present in recipe manager. Consider prefixing its path with '/' if it is synthetic.
[13:58:52] [Thread-11/ERROR] (EMI) [EMI] Recipe emi:create/shapeless/create/crafting/kinetics/white_seat not present in recipe manager. Consider prefixing its path with '/' if it is synthetic.
[13:58:52] [Thread-11/ERROR] (EMI) [EMI] Recipe emi:create/shapeless/minecraft/green_candle not present in recipe manager. Consider prefixing its path with '/' if it is synthetic.
[13:58:52] [Thread-11/ERROR] (EMI) [EMI] Recipe emi:create/shapeless/minecraft/dye_blue_carpet not present in recipe manager. Consider prefixing its path with '/' if it is synthetic.
[13:58:52] [Thread-11/ERROR] (EMI) [EMI] Recipe emi:create/shapeless/minecraft/waxed_weathered_cut_copper_stairs_from_honeycomb not present in recipe manager. Consider prefixing its path with '/' if it is synthetic.
[13:58:52] [Thread-11/ERROR] (EMI) [EMI] Recipe emi:create/shapeless/minecraft/fermented_spider_eye not present in recipe manager. Consider prefixing its path with '/' if it is synthetic.
[13:58:52] [Thread-11/ERROR] (EMI) [EMI] Recipe emi:create/shapeless/create/crafting/copper/waxed_exposed_copper_shingle_stairs_from_honeycomb not present in recipe manager. Consider prefixing its path with '/' if it is synthetic.
[13:58:52] [Thread-11/ERROR] (EMI) [EMI] Recipe emi:create/shapeless/minecraft/dye_cyan_wool not present in recipe manager. Consider prefixing its path with '/' if it is synthetic.
[13:58:52] [Thread-11/ERROR] (EMI) [EMI] Recipe emi:create/shapeless/minecraft/pumpkin_pie not present in recipe manager. Consider prefixing its path with '/' if it is synthetic.
[13:58:52] [Thread-11/ERROR] (EMI) [EMI] Recipe emi:create/shapeless/create/polished_cut_granite_slab_recycling not present in recipe manager. Consider prefixing its path with '/' if it is synthetic.
[13:58:52] [Thread-11/ERROR] (EMI) [EMI] Recipe emi:create/shapeless/create/crafting/appliances/dough not present in recipe manager. Consider prefixing its path with '/' if it is synthetic.
[13:58:52] [Thread-11/ERROR] (EMI) [EMI] Recipe emi:create/shapeless/minecraft/dye_black_wool not present in recipe manager. Consider prefixing its path with '/' if it is synthetic.
[13:58:52] [Thread-11/ERROR] (EMI) [EMI] Recipe emi:create/shapeless/minecraft/dye_green_wool not present in recipe manager. Consider prefixing its path with '/' if it is synthetic.
[13:58:52] [Thread-11/ERROR] (EMI) [EMI] Recipe emi:create/shapeless/minecraft/hopper_minecart not present in recipe manager. Consider prefixing its path with '/' if it is synthetic.
[13:58:52] [Thread-11/ERROR] (EMI) [EMI] Recipe emi:create/shapeless/minecraft/dye_pink_carpet not present in recipe manager. Consider prefixing its path with '/' if it is synthetic.
[13:58:52] [Thread-11/ERROR] (EMI) [EMI] Recipe emi:create/shapeless/create/cut_deepslate_slab_recycling not present in recipe manager. Consider prefixing its path with '/' if it is synthetic.
[13:58:52] [Thread-11/ERROR] (EMI) [EMI] Recipe emi:create/shapeless/minecraft/waxed_cut_copper_stairs_from_honeycomb not present in recipe manager. Consider prefixing its path with '/' if it is synthetic.
[13:58:52] [Thread-11/ERROR] (EMI) [EMI] Recipe emi:create/shapeless/create/cut_diorite_brick_slab_recycling not present in recipe manager. Consider prefixing its path with '/' if it is synthetic.
[13:58:52] [Thread-11/ERROR] (EMI) [EMI] Recipe emi:create/shapeless/minecraft/dye_brown_bed not present in recipe manager. Consider prefixing its path with '/' if it is synthetic.
[13:58:52] [Thread-11/ERROR] (EMI) [EMI] Recipe emi:create/shapeless/minecraft/black_candle not present in recipe manager. Consider prefixing its path with '/' if it is synthetic.
[13:58:52] [Thread-11/ERROR] (EMI) [EMI] Recipe emi:create/shapeless/minecraft/light_gray_concrete_powder not present in recipe manager. Consider prefixing its path with '/' if it is synthetic.
[13:58:52] [Thread-11/ERROR] (EMI) [EMI] Recipe emi:create/shapeless/create/crafting/copper/waxed_exposed_copper_tile_slab_from_honeycomb not present in recipe manager. Consider prefixing its path with '/' if it is synthetic.
[13:58:52] [Thread-11/ERROR] (EMI) [EMI] Recipe emi:create/shapeless/create/crafting/kinetics/green_seat_from_other_seat not present in recipe manager. Consider prefixing its path with '/' if it is synthetic.
[13:58:52] [Thread-11/ERROR] (EMI) [EMI] Recipe emi:create/shapeless/minecraft/dye_brown_wool not present in recipe manager. Consider prefixing its path with '/' if it is synthetic.
[13:58:52] [Thread-11/ERROR] (EMI) [EMI] Recipe emi:create/shapeless/minecraft/lime_dye not present in recipe manager. Consider prefixing its path with '/' if it is synthetic.
[13:58:52] [Thread-11/ERROR] (EMI) [EMI] Recipe emi:create/shapeless/create/crafting/kinetics/purple_valve_handle_from_other_valve_handle not present in recipe manager. Consider prefixing its path with '/' if it is synthetic.
[13:58:52] [Thread-11/ERROR] (EMI) [EMI] Recipe emi:create/shapeless/minecraft/orange_candle not present in recipe manager. Consider prefixing its path with '/' if it is synthetic.
[13:58:52] [Thread-11/ERROR] (EMI) [EMI] Recipe emi:create/shapeless/create/cut_veridium_slab_recycling not present in recipe manager. Consider prefixing its path with '/' if it is synthetic.
[13:58:52] [Thread-11/ERROR] (EMI) [EMI] Recipe emi:create/shapeless/minecraft/purple_dye not present in recipe manager. Consider prefixing its path with '/' if it is synthetic.
[13:58:52] [Thread-11/ERROR] (EMI) [EMI] Recipe emi:create/shapeless/create/crafting/appliances/slime_ball not present in recipe manager. Consider prefixing its path with '/' if it is synthetic.
[13:58:52] [Thread-11/ERROR] (EMI) [EMI] Recipe emi:create/shapeless/create/crafting/copper/waxed_copper_shingle_stairs_from_honeycomb not present in recipe manager. Consider prefixing its path with '/' if it is synthetic.
[13:58:52] [Thread-11/ERROR] (EMI) [EMI] Recipe emi:create/shapeless/create/crafting/copper/waxed_weathered_copper_shingles_from_honeycomb not present in recipe manager. Consider prefixing its path with '/' if it is synthetic.
[13:58:52] [Thread-11/ERROR] (EMI) [EMI] Recipe emi:create/shapeless/minecraft/light_blue_dye_from_blue_white_dye not present in recipe manager. Consider prefixing its path with '/' if it is synthetic.
[13:58:52] [Thread-11/ERROR] (EMI) [EMI] Recipe emi:create/shapeless/minecraft/cyan_dye not present in recipe manager. Consider prefixing its path with '/' if it is synthetic.
[13:58:52] [Thread-11/ERROR] (EMI) [EMI] Recipe emi:create/shapeless/create/crafting/kinetics/gray_seat_from_other_seat not present in recipe manager. Consider prefixing its path with '/' if it is synthetic.
[13:58:52] [Thread-11/ERROR] (EMI) [EMI] Recipe emi:create/shapeless/create/cut_scoria_brick_slab_recycling not present in recipe manager. Consider prefixing its path with '/' if it is synthetic.
[13:58:52] [Thread-11/ERROR] (EMI) [EMI] Recipe emi:create/shapeless/minecraft/packed_mud not present in recipe manager. Consider prefixing its path with '/' if it is synthetic.
[13:58:52] [Thread-11/ERROR] (EMI) [EMI] Recipe emi:create/shapeless/minecraft/dye_purple_bed not present in recipe manager. Consider prefixing its path with '/' if it is synthetic.
[13:58:52] [Thread-11/ERROR] (EMI) [EMI] Recipe emi:create/shapeless/create/crafting/copper/waxed_exposed_copper_shingle_slab_from_honeycomb not present in recipe manager. Consider prefixing its path with '/' if it is synthetic.
[13:58:52] [Thread-11/ERROR] (EMI) [EMI] Recipe emi:create/shapeless/minecraft/dye_purple_wool not present in recipe manager. Consider prefixing its path with '/' if it is synthetic.
[13:58:52] [Thread-11/ERROR] (EMI) [EMI] Recipe emi:create/shapeless/create/crafting/kinetics/white_seat_from_other_seat not present in recipe manager. Consider prefixing its path with '/' if it is synthetic.
[13:58:52] [Thread-11/ERROR] (EMI) [EMI] Recipe create:potion_mixing_vanilla_0 not present in recipe manager. Consider prefixing its path with '/' if it is synthetic.
[13:58:52] [Thread-11/ERROR] (EMI) [EMI] Recipe create:potion_mixing_vanilla_1 not present in recipe manager. Consider prefixing its path with '/' if it is synthetic.
[13:58:52] [Thread-11/ERROR] (EMI) [EMI] Recipe create:potion_mixing_vanilla_2 not present in recipe manager. Consider prefixing its path with '/' if it is synthetic.
[13:58:52] [Thread-11/ERROR] (EMI) [EMI] Recipe create:potion_mixing_vanilla_3 not present in recipe manager. Consider prefixing its path with '/' if it is synthetic.
[13:58:52] [Thread-11/ERROR] (EMI) [EMI] Recipe create:potion_mixing_vanilla_4 not present in recipe manager. Consider prefixing its path with '/' if it is synthetic.
[13:58:52] [Thread-11/ERROR] (EMI) [EMI] Recipe create:potion_mixing_vanilla_5 not present in recipe manager. Consider prefixing its path with '/' if it is synthetic.
[13:58:52] [Thread-11/ERROR] (EMI) [EMI] Recipe create:potion_mixing_vanilla_6 not present in recipe manager. Consider prefixing its path with '/' if it is synthetic.
[13:58:52] [Thread-11/ERROR] (EMI) [EMI] Recipe create:potion_mixing_vanilla_7 not present in recipe manager. Consider prefixing its path with '/' if it is synthetic.
[13:58:52] [Thread-11/ERROR] (EMI) [EMI] Recipe create:potion_mixing_vanilla_8 not present in recipe manager. Consider prefixing its path with '/' if it is synthetic.
[13:58:52] [Thread-11/ERROR] (EMI) [EMI] Recipe create:potion_mixing_vanilla_9 not present in recipe manager. Consider prefixing its path with '/' if it is synthetic.
[13:58:52] [Thread-11/ERROR] (EMI) [EMI] Recipe create:potion_mixing_vanilla_10 not present in recipe manager. Consider prefixing its path with '/' if it is synthetic.
[13:58:52] [Thread-11/ERROR] (EMI) [EMI] Recipe create:potion_mixing_vanilla_11 not present in recipe manager. Consider prefixing its path with '/' if it is synthetic.
[13:58:52] [Thread-11/ERROR] (EMI) [EMI] Recipe create:potion_mixing_vanilla_12 not present in recipe manager. Consider prefixing its path with '/' if it is synthetic.
[13:58:52] [Thread-11/ERROR] (EMI) [EMI] Recipe create:potion_mixing_vanilla_13 not present in recipe manager. Consider prefixing its path with '/' if it is synthetic.
[13:58:52] [Thread-11/ERROR] (EMI) [EMI] Recipe create:potion_mixing_vanilla_14 not present in recipe manager. Consider prefixing its path with '/' if it is synthetic.
[13:58:52] [Thread-11/ERROR] (EMI) [EMI] Recipe create:potion_mixing_vanilla_15 not present in recipe manager. Consider prefixing its path with '/' if it is synthetic.
[13:58:52] [Thread-11/ERROR] (EMI) [EMI] Recipe create:potion_mixing_vanilla_16 not present in recipe manager. Consider prefixing its path with '/' if it is synthetic.
[13:58:52] [Thread-11/ERROR] (EMI) [EMI] Recipe create:potion_mixing_vanilla_17 not present in recipe manager. Consider prefixing its path with '/' if it is synthetic.
[13:58:52] [Thread-11/ERROR] (EMI) [EMI] Recipe create:potion_mixing_vanilla_18 not present in recipe manager. Consider prefixing its path with '/' if it is synthetic.
[13:58:52] [Thread-11/ERROR] (EMI) [EMI] Recipe create:potion_mixing_vanilla_19 not present in recipe manager. Consider prefixing its path with '/' if it is synthetic.
[13:58:52] [Thread-11/ERROR] (EMI) [EMI] Recipe create:potion_mixing_vanilla_20 not present in recipe manager. Consider prefixing its path with '/' if it is synthetic.
[13:58:52] [Thread-11/ERROR] (EMI) [EMI] Recipe create:potion_mixing_vanilla_21 not present in recipe manager. Consider prefixing its path with '/' if it is synthetic.
[13:58:52] [Thread-11/ERROR] (EMI) [EMI] Recipe create:potion_mixing_vanilla_22 not present in recipe manager. Consider prefixing its path with '/' if it is synthetic.
[13:58:52] [Thread-11/ERROR] (EMI) [EMI] Recipe create:potion_mixing_vanilla_23 not present in recipe manager. Consider prefixing its path with '/' if it is synthetic.
[13:58:52] [Thread-11/ERROR] (EMI) [EMI] Recipe create:potion_mixing_vanilla_24 not present in recipe manager. Consider prefixing its path with '/' if it is synthetic.
[13:58:52] [Thread-11/ERROR] (EMI) [EMI] Recipe create:potion_mixing_vanilla_25 not present in recipe manager. Consider prefixing its path with '/' if it is synthetic.
[13:58:52] [Thread-11/ERROR] (EMI) [EMI] Recipe create:potion_mixing_vanilla_26 not present in recipe manager. Consider prefixing its path with '/' if it is synthetic.
[13:58:52] [Thread-11/ERROR] (EMI) [EMI] Recipe create:potion_mixing_vanilla_27 not present in recipe manager. Consider prefixing its path with '/' if it is synthetic.
[13:58:52] [Thread-11/ERROR] (EMI) [EMI] Recipe create:potion_mixing_vanilla_28 not present in recipe manager. Consider prefixing its path with '/' if it is synthetic.
[13:58:52] [Thread-11/ERROR] (EMI) [EMI] Recipe create:potion_mixing_vanilla_29 not present in recipe manager. Consider prefixing its path with '/' if it is synthetic.
[13:58:52] [Thread-11/ERROR] (EMI) [EMI] Recipe create:potion_mixing_vanilla_30 not present in recipe manager. Consider prefixing its path with '/' if it is synthetic.
[13:58:52] [Thread-11/ERROR] (EMI) [EMI] Recipe create:potion_mixing_vanilla_31 not present in recipe manager. Consider prefixing its path with '/' if it is synthetic.
[13:58:52] [Thread-11/ERROR] (EMI) [EMI] Recipe create:potion_mixing_vanilla_32 not present in recipe manager. Consider prefixing its path with '/' if it is synthetic.
[13:58:52] [Thread-11/ERROR] (EMI) [EMI] Recipe create:potion_mixing_vanilla_33 not present in recipe manager. Consider prefixing its path with '/' if it is synthetic.
[13:58:52] [Thread-11/ERROR] (EMI) [EMI] Recipe create:potion_mixing_vanilla_34 not present in recipe manager. Consider prefixing its path with '/' if it is synthetic.
[13:58:52] [Thread-11/ERROR] (EMI) [EMI] Recipe create:potion_mixing_vanilla_35 not present in recipe manager. Consider prefixing its path with '/' if it is synthetic.
[13:58:52] [Thread-11/ERROR] (EMI) [EMI] Recipe create:potion_mixing_vanilla_36 not present in recipe manager. Consider prefixing its path with '/' if it is synthetic.
[13:58:52] [Thread-11/ERROR] (EMI) [EMI] Recipe create:potion_mixing_vanilla_37 not present in recipe manager. Consider prefixing its path with '/' if it is synthetic.
[13:58:52] [Thread-11/ERROR] (EMI) [EMI] Recipe create:potion_mixing_vanilla_38 not present in recipe manager. Consider prefixing its path with '/' if it is synthetic.
[13:58:52] [Thread-11/ERROR] (EMI) [EMI] Recipe create:potion_mixing_vanilla_39 not present in recipe manager. Consider prefixing its path with '/' if it is synthetic.
[13:58:52] [Thread-11/ERROR] (EMI) [EMI] Recipe create:potion_mixing_vanilla_40 not present in recipe manager. Consider prefixing its path with '/' if it is synthetic.
[13:58:52] [Thread-11/ERROR] (EMI) [EMI] Recipe create:potion_mixing_vanilla_41 not present in recipe manager. Consider prefixing its path with '/' if it is synthetic.
[13:58:52] [Thread-11/ERROR] (EMI) [EMI] Recipe create:potion_mixing_vanilla_42 not present in recipe manager. Consider prefixing its path with '/' if it is synthetic.
[13:58:52] [Thread-11/ERROR] (EMI) [EMI] Recipe create:potion_mixing_vanilla_43 not present in recipe manager. Consider prefixing its path with '/' if it is synthetic.
[13:58:52] [Thread-11/ERROR] (EMI) [EMI] Recipe create:potion_mixing_vanilla_44 not present in recipe manager. Consider prefixing its path with '/' if it is synthetic.
[13:58:52] [Thread-11/ERROR] (EMI) [EMI] Recipe create:potion_mixing_vanilla_45 not present in recipe manager. Consider prefixing its path with '/' if it is synthetic.
[13:58:52] [Thread-11/ERROR] (EMI) [EMI] Recipe create:potion_mixing_vanilla_46 not present in recipe manager. Consider prefixing its path with '/' if it is synthetic.
[13:58:52] [Thread-11/ERROR] (EMI) [EMI] Recipe create:potion_mixing_vanilla_47 not present in recipe manager. Consider prefixing its path with '/' if it is synthetic.
[13:58:52] [Thread-11/ERROR] (EMI) [EMI] Recipe create:potion_mixing_vanilla_48 not present in recipe manager. Consider prefixing its path with '/' if it is synthetic.
[13:58:52] [Thread-11/ERROR] (EMI) [EMI] Recipe create:potion_mixing_vanilla_49 not present in recipe manager. Consider prefixing its path with '/' if it is synthetic.
[13:58:52] [Thread-11/ERROR] (EMI) [EMI] Recipe create:potion_mixing_vanilla_50 not present in recipe manager. Consider prefixing its path with '/' if it is synthetic.
[13:58:52] [Thread-11/ERROR] (EMI) [EMI] Recipe create:potion_mixing_vanilla_51 not present in recipe manager. Consider prefixing its path with '/' if it is synthetic.
[13:58:52] [Thread-11/ERROR] (EMI) [EMI] Recipe create:potion_mixing_vanilla_52 not present in recipe manager. Consider prefixing its path with '/' if it is synthetic.
[13:58:52] [Thread-11/ERROR] (EMI) [EMI] Recipe create:potion_mixing_vanilla_53 not present in recipe manager. Consider prefixing its path with '/' if it is synthetic.
[13:58:52] [Thread-11/ERROR] (EMI) [EMI] Recipe create:potion_mixing_vanilla_54 not present in recipe manager. Consider prefixing its path with '/' if it is synthetic.
[13:58:52] [Thread-11/ERROR] (EMI) [EMI] Recipe create:potion_mixing_vanilla_55 not present in recipe manager. Consider prefixing its path with '/' if it is synthetic.
[13:58:52] [Thread-11/ERROR] (EMI) [EMI] Recipe create:potion_mixing_vanilla_56 not present in recipe manager. Consider prefixing its path with '/' if it is synthetic.
[13:58:52] [Thread-11/ERROR] (EMI) [EMI] Recipe create:potion_mixing_vanilla_57 not present in recipe manager. Consider prefixing its path with '/' if it is synthetic.
[13:58:52] [Thread-11/ERROR] (EMI) [EMI] Recipe create:potion_mixing_vanilla_58 not present in recipe manager. Consider prefixing its path with '/' if it is synthetic.
[13:58:52] [Thread-11/ERROR] (EMI) [EMI] Recipe create:potion_mixing_vanilla_59 not present in recipe manager. Consider prefixing its path with '/' if it is synthetic.
[13:58:52] [Thread-11/ERROR] (EMI) [EMI] Recipe create:potion_mixing_vanilla_60 not present in recipe manager. Consider prefixing its path with '/' if it is synthetic.
[13:58:52] [Thread-11/ERROR] (EMI) [EMI] Recipe create:potion_mixing_vanilla_61 not present in recipe manager. Consider prefixing its path with '/' if it is synthetic.
[13:58:52] [Thread-11/ERROR] (EMI) [EMI] Recipe create:potion_mixing_vanilla_62 not present in recipe manager. Consider prefixing its path with '/' if it is synthetic.
[13:58:52] [Thread-11/ERROR] (EMI) [EMI] Recipe create:potion_mixing_vanilla_63 not present in recipe manager. Consider prefixing its path with '/' if it is synthetic.
[13:58:52] [Thread-11/ERROR] (EMI) [EMI] Recipe create:potion_mixing_vanilla_64 not present in recipe manager. Consider prefixing its path with '/' if it is synthetic.
[13:58:52] [Thread-11/ERROR] (EMI) [EMI] Recipe create:potion_mixing_vanilla_65 not present in recipe manager. Consider prefixing its path with '/' if it is synthetic.
[13:58:52] [Thread-11/ERROR] (EMI) [EMI] Recipe create:potion_mixing_vanilla_66 not present in recipe manager. Consider prefixing its path with '/' if it is synthetic.
[13:58:52] [Thread-11/ERROR] (EMI) [EMI] Recipe create:potion_mixing_vanilla_67 not present in recipe manager. Consider prefixing its path with '/' if it is synthetic.
[13:58:52] [Thread-11/ERROR] (EMI) [EMI] Recipe create:potion_mixing_vanilla_68 not present in recipe manager. Consider prefixing its path with '/' if it is synthetic.
[13:58:52] [Thread-11/ERROR] (EMI) [EMI] Recipe create:potion_mixing_vanilla_69 not present in recipe manager. Consider prefixing its path with '/' if it is synthetic.
[13:58:52] [Thread-11/ERROR] (EMI) [EMI] Recipe create:potion_mixing_vanilla_70 not present in recipe manager. Consider prefixing its path with '/' if it is synthetic.
[13:58:52] [Thread-11/ERROR] (EMI) [EMI] Recipe create:potion_mixing_vanilla_71 not present in recipe manager. Consider prefixing its path with '/' if it is synthetic.
[13:58:52] [Thread-11/ERROR] (EMI) [EMI] Recipe create:potion_mixing_vanilla_72 not present in recipe manager. Consider prefixing its path with '/' if it is synthetic.
[13:58:52] [Thread-11/ERROR] (EMI) [EMI] Recipe create:potion_mixing_vanilla_73 not present in recipe manager. Consider prefixing its path with '/' if it is synthetic.
[13:58:52] [Thread-11/ERROR] (EMI) [EMI] Recipe create:potion_mixing_vanilla_74 not present in recipe manager. Consider prefixing its path with '/' if it is synthetic.
[13:58:52] [Thread-11/ERROR] (EMI) [EMI] Recipe create:potion_mixing_vanilla_75 not present in recipe manager. Consider prefixing its path with '/' if it is synthetic.
[13:58:52] [Thread-11/ERROR] (EMI) [EMI] Recipe create:potion_mixing_vanilla_76 not present in recipe manager. Consider prefixing its path with '/' if it is synthetic.
[13:58:52] [Thread-11/ERROR] (EMI) [EMI] Recipe create:potion_mixing_vanilla_77 not present in recipe manager. Consider prefixing its path with '/' if it is synthetic.
[13:58:52] [Thread-11/ERROR] (EMI) [EMI] Recipe create:potion_mixing_vanilla_78 not present in recipe manager. Consider prefixing its path with '/' if it is synthetic.
[13:58:52] [Thread-11/ERROR] (EMI) [EMI] Recipe create:potion_mixing_vanilla_79 not present in recipe manager. Consider prefixing its path with '/' if it is synthetic.
[13:58:52] [Thread-11/ERROR] (EMI) [EMI] Recipe create:potion_mixing_vanilla_80 not present in recipe manager. Consider prefixing its path with '/' if it is synthetic.
[13:58:52] [Thread-11/ERROR] (EMI) [EMI] Recipe create:potion_mixing_vanilla_81 not present in recipe manager. Consider prefixing its path with '/' if it is synthetic.
[13:58:52] [Thread-11/ERROR] (EMI) [EMI] Recipe create:potion_mixing_vanilla_82 not present in recipe manager. Consider prefixing its path with '/' if it is synthetic.
[13:58:52] [Thread-11/ERROR] (EMI) [EMI] Recipe create:potion_mixing_vanilla_83 not present in recipe manager. Consider prefixing its path with '/' if it is synthetic.
[13:58:52] [Thread-11/ERROR] (EMI) [EMI] Recipe create:potion_mixing_vanilla_84 not present in recipe manager. Consider prefixing its path with '/' if it is synthetic.
[13:58:52] [Thread-11/ERROR] (EMI) [EMI] Recipe create:potion_mixing_vanilla_85 not present in recipe manager. Consider prefixing its path with '/' if it is synthetic.
[13:58:52] [Thread-11/ERROR] (EMI) [EMI] Recipe create:potion_mixing_vanilla_86 not present in recipe manager. Consider prefixing its path with '/' if it is synthetic.
[13:58:52] [Thread-11/ERROR] (EMI) [EMI] Recipe create:potion_mixing_vanilla_87 not present in recipe manager. Consider prefixing its path with '/' if it is synthetic.
[13:58:52] [Thread-11/ERROR] (EMI) [EMI] Recipe create:potion_mixing_vanilla_88 not present in recipe manager. Consider prefixing its path with '/' if it is synthetic.
[13:58:52] [Thread-11/ERROR] (EMI) [EMI] Recipe create:potion_mixing_vanilla_89 not present in recipe manager. Consider prefixing its path with '/' if it is synthetic.
[13:58:52] [Thread-11/ERROR] (EMI) [EMI] Recipe create:potion_mixing_vanilla_90 not present in recipe manager. Consider prefixing its path with '/' if it is synthetic.
[13:58:52] [Thread-11/ERROR] (EMI) [EMI] Recipe create:potion_mixing_vanilla_91 not present in recipe manager. Consider prefixing its path with '/' if it is synthetic.
[13:58:52] [Thread-11/ERROR] (EMI) [EMI] Recipe create:potion_mixing_vanilla_92 not present in recipe manager. Consider prefixing its path with '/' if it is synthetic.
[13:58:52] [Thread-11/ERROR] (EMI) [EMI] Recipe create:potion_mixing_vanilla_93 not present in recipe manager. Consider prefixing its path with '/' if it is synthetic.
[13:58:52] [Thread-11/ERROR] (EMI) [EMI] Recipe create:potion_mixing_vanilla_94 not present in recipe manager. Consider prefixing its path with '/' if it is synthetic.
[13:58:52] [Thread-11/ERROR] (EMI) [EMI] Recipe create:potion_mixing_vanilla_95 not present in recipe manager. Consider prefixing its path with '/' if it is synthetic.
[13:58:52] [Thread-11/ERROR] (EMI) [EMI] Recipe create:potion_mixing_vanilla_96 not present in recipe manager. Consider prefixing its path with '/' if it is synthetic.
[13:58:52] [Thread-11/ERROR] (EMI) [EMI] Recipe create:potion_mixing_vanilla_97 not present in recipe manager. Consider prefixing its path with '/' if it is synthetic.
[13:58:52] [Thread-11/ERROR] (EMI) [EMI] Recipe create:potion_mixing_vanilla_98 not present in recipe manager. Consider prefixing its path with '/' if it is synthetic.
[13:58:52] [Thread-11/ERROR] (EMI) [EMI] Recipe create:potion_mixing_vanilla_99 not present in recipe manager. Consider prefixing its path with '/' if it is synthetic.
[13:58:52] [Thread-11/ERROR] (EMI) [EMI] Recipe create:potion_mixing_vanilla_100 not present in recipe manager. Consider prefixing its path with '/' if it is synthetic.
[13:58:52] [Thread-11/ERROR] (EMI) [EMI] Recipe create:potion_mixing_vanilla_101 not present in recipe manager. Consider prefixing its path with '/' if it is synthetic.
[13:58:52] [Thread-11/ERROR] (EMI) [EMI] Recipe create:potion_mixing_vanilla_102 not present in recipe manager. Consider prefixing its path with '/' if it is synthetic.
[13:58:52] [Thread-11/ERROR] (EMI) [EMI] Recipe create:potion_mixing_vanilla_103 not present in recipe manager. Consider prefixing its path with '/' if it is synthetic.
[13:58:52] [Thread-11/ERROR] (EMI) [EMI] Recipe create:potion_mixing_vanilla_104 not present in recipe manager. Consider prefixing its path with '/' if it is synthetic.
[13:58:52] [Thread-11/ERROR] (EMI) [EMI] Recipe create:potion_mixing_vanilla_105 not present in recipe manager. Consider prefixing its path with '/' if it is synthetic.
[13:58:52] [Thread-11/ERROR] (EMI) [EMI] Recipe create:potion_mixing_vanilla_106 not present in recipe manager. Consider prefixing its path with '/' if it is synthetic.
[13:58:52] [Thread-11/ERROR] (EMI) [EMI] Recipe create:potion_mixing_vanilla_107 not present in recipe manager. Consider prefixing its path with '/' if it is synthetic.
[13:58:52] [Thread-11/ERROR] (EMI) [EMI] Recipe create:potion_mixing_vanilla_108 not present in recipe manager. Consider prefixing its path with '/' if it is synthetic.
[13:58:52] [Thread-11/ERROR] (EMI) [EMI] Recipe create:potion_mixing_vanilla_109 not present in recipe manager. Consider prefixing its path with '/' if it is synthetic.
[13:58:52] [Thread-11/ERROR] (EMI) [EMI] Recipe create:potion_mixing_vanilla_110 not present in recipe manager. Consider prefixing its path with '/' if it is synthetic.
[13:58:52] [Thread-11/ERROR] (EMI) [EMI] Recipe create:potion_mixing_vanilla_111 not present in recipe manager. Consider prefixing its path with '/' if it is synthetic.
[13:58:52] [Thread-11/ERROR] (EMI) [EMI] Recipe create:potion_mixing_vanilla_112 not present in recipe manager. Consider prefixing its path with '/' if it is synthetic.
[13:58:52] [Thread-11/ERROR] (EMI) [EMI] Recipe create:potion_mixing_vanilla_113 not present in recipe manager. Consider prefixing its path with '/' if it is synthetic.
[13:58:52] [Thread-11/ERROR] (EMI) [EMI] Recipe create:potion_mixing_vanilla_114 not present in recipe manager. Consider prefixing its path with '/' if it is synthetic.
[13:58:52] [Thread-11/ERROR] (EMI) [EMI] Recipe create:potion_mixing_vanilla_115 not present in recipe manager. Consider prefixing its path with '/' if it is synthetic.
[13:58:52] [Thread-11/ERROR] (EMI) [EMI] Recipe create:potion_mixing_vanilla_116 not present in recipe manager. Consider prefixing its path with '/' if it is synthetic.
[13:58:52] [Thread-11/ERROR] (EMI) [EMI] Recipe create:potion_mixing_vanilla_117 not present in recipe manager. Consider prefixing its path with '/' if it is synthetic.
[13:58:52] [Thread-11/ERROR] (EMI) [EMI] Recipe create:potion_mixing_vanilla_118 not present in recipe manager. Consider prefixing its path with '/' if it is synthetic.
[13:58:52] [Thread-11/ERROR] (EMI) [EMI] Recipe create:potion_mixing_vanilla_119 not present in recipe manager. Consider prefixing its path with '/' if it is synthetic.
[13:58:52] [Thread-11/ERROR] (EMI) [EMI] Recipe create:potion_mixing_vanilla_120 not present in recipe manager. Consider prefixing its path with '/' if it is synthetic.
[13:58:52] [Thread-11/ERROR] (EMI) [EMI] Recipe create:potion_mixing_vanilla_121 not present in recipe manager. Consider prefixing its path with '/' if it is synthetic.
[13:58:52] [Thread-11/ERROR] (EMI) [EMI] Recipe create:potion_mixing_vanilla_122 not present in recipe manager. Consider prefixing its path with '/' if it is synthetic.
[13:58:52] [Thread-11/ERROR] (EMI) [EMI] Recipe create:potion_mixing_vanilla_123 not present in recipe manager. Consider prefixing its path with '/' if it is synthetic.
[13:58:52] [Thread-11/ERROR] (EMI) [EMI] Recipe create:potion_mixing_vanilla_124 not present in recipe manager. Consider prefixing its path with '/' if it is synthetic.
[13:58:52] [Thread-11/ERROR] (EMI) [EMI] Recipe create:potion_mixing_vanilla_125 not present in recipe manager. Consider prefixing its path with '/' if it is synthetic.
[13:58:52] [Thread-11/ERROR] (EMI) [EMI] Recipe create:potion_mixing_vanilla_126 not present in recipe manager. Consider prefixing its path with '/' if it is synthetic.
[13:58:52] [Thread-11/ERROR] (EMI) [EMI] Recipe create:potion_mixing_vanilla_127 not present in recipe manager. Consider prefixing its path with '/' if it is synthetic.
[13:58:52] [Thread-11/ERROR] (EMI) [EMI] Recipe create:potion_mixing_vanilla_128 not present in recipe manager. Consider prefixing its path with '/' if it is synthetic.
[13:58:52] [Thread-11/ERROR] (EMI) [EMI] Recipe create:potion_mixing_vanilla_129 not present in recipe manager. Consider prefixing its path with '/' if it is synthetic.
[13:58:52] [Thread-11/ERROR] (EMI) [EMI] Recipe create:potion_mixing_vanilla_130 not present in recipe manager. Consider prefixing its path with '/' if it is synthetic.
[13:58:52] [Thread-11/ERROR] (EMI) [EMI] Recipe create:potion_mixing_vanilla_131 not present in recipe manager. Consider prefixing its path with '/' if it is synthetic.
[13:58:52] [Thread-11/ERROR] (EMI) [EMI] Recipe create:potion_mixing_vanilla_132 not present in recipe manager. Consider prefixing its path with '/' if it is synthetic.
[13:58:52] [Thread-11/ERROR] (EMI) [EMI] Recipe create:potion_mixing_vanilla_133 not present in recipe manager. Consider prefixing its path with '/' if it is synthetic.
[13:58:52] [Thread-11/ERROR] (EMI) [EMI] Recipe create:potion_mixing_vanilla_134 not present in recipe manager. Consider prefixing its path with '/' if it is synthetic.
[13:58:52] [Thread-11/ERROR] (EMI) [EMI] Recipe create:potion_mixing_vanilla_135 not present in recipe manager. Consider prefixing its path with '/' if it is synthetic.
[13:58:52] [Thread-11/ERROR] (EMI) [EMI] Recipe create:potion_mixing_vanilla_136 not present in recipe manager. Consider prefixing its path with '/' if it is synthetic.
[13:58:52] [Thread-11/ERROR] (EMI) [EMI] Recipe create:potion_mixing_vanilla_137 not present in recipe manager. Consider prefixing its path with '/' if it is synthetic.
[13:58:52] [Thread-11/ERROR] (EMI) [EMI] Recipe create:potion_mixing_vanilla_138 not present in recipe manager. Consider prefixing its path with '/' if it is synthetic.
[13:58:52] [Thread-11/ERROR] (EMI) [EMI] Recipe create:potion_mixing_vanilla_139 not present in recipe manager. Consider prefixing its path with '/' if it is synthetic.
[13:58:52] [Thread-11/ERROR] (EMI) [EMI] Recipe create:potion_mixing_vanilla_140 not present in recipe manager. Consider prefixing its path with '/' if it is synthetic.
[13:58:52] [Thread-11/ERROR] (EMI) [EMI] Recipe create:potion_mixing_vanilla_141 not present in recipe manager. Consider prefixing its path with '/' if it is synthetic.
[13:58:52] [Thread-11/ERROR] (EMI) [EMI] Recipe create:potion_mixing_vanilla_142 not present in recipe manager. Consider prefixing its path with '/' if it is synthetic.
[13:58:52] [Thread-11/ERROR] (EMI) [EMI] Recipe create:potion_mixing_vanilla_143 not present in recipe manager. Consider prefixing its path with '/' if it is synthetic.
[13:58:52] [Thread-11/ERROR] (EMI) [EMI] Recipe create:potion_mixing_vanilla_144 not present in recipe manager. Consider prefixing its path with '/' if it is synthetic.
[13:58:52] [Thread-11/ERROR] (EMI) [EMI] Recipe create:potion_mixing_vanilla_145 not present in recipe manager. Consider prefixing its path with '/' if it is synthetic.
[13:58:52] [Thread-11/ERROR] (EMI) [EMI] Recipe create:potion_mixing_vanilla_146 not present in recipe manager. Consider prefixing its path with '/' if it is synthetic.
[13:58:52] [Thread-11/ERROR] (EMI) [EMI] Recipe create:potion_mixing_vanilla_147 not present in recipe manager. Consider prefixing its path with '/' if it is synthetic.
[13:58:52] [Thread-11/ERROR] (EMI) [EMI] Recipe create:potion_mixing_vanilla_148 not present in recipe manager. Consider prefixing its path with '/' if it is synthetic.
[13:58:52] [Thread-11/ERROR] (EMI) [EMI] Recipe create:potion_mixing_vanilla_149 not present in recipe manager. Consider prefixing its path with '/' if it is synthetic.
[13:58:52] [Thread-11/ERROR] (EMI) [EMI] Recipe create:potion_mixing_vanilla_150 not present in recipe manager. Consider prefixing its path with '/' if it is synthetic.
[13:58:52] [Thread-11/ERROR] (EMI) [EMI] Recipe create:potion_mixing_vanilla_151 not present in recipe manager. Consider prefixing its path with '/' if it is synthetic.
[13:58:52] [Thread-11/ERROR] (EMI) [EMI] Recipe create:potion_mixing_vanilla_152 not present in recipe manager. Consider prefixing its path with '/' if it is synthetic.
[13:58:52] [Thread-11/ERROR] (EMI) [EMI] Recipe create:potion_mixing_vanilla_153 not present in recipe manager. Consider prefixing its path with '/' if it is synthetic.
[13:58:52] [Thread-11/ERROR] (EMI) [EMI] Recipe create:potion_mixing_vanilla_154 not present in recipe manager. Consider prefixing its path with '/' if it is synthetic.
[13:58:52] [Thread-11/ERROR] (EMI) [EMI] Recipe create:potion_mixing_vanilla_155 not present in recipe manager. Consider prefixing its path with '/' if it is synthetic.
[13:58:52] [Thread-11/ERROR] (EMI) [EMI] Recipe create:potion_mixing_vanilla_156 not present in recipe manager. Consider prefixing its path with '/' if it is synthetic.
[13:58:52] [Thread-11/ERROR] (EMI) [EMI] Recipe create:potion_mixing_vanilla_157 not present in recipe manager. Consider prefixing its path with '/' if it is synthetic.
[13:58:52] [Thread-11/ERROR] (EMI) [EMI] Recipe create:potion_mixing_vanilla_158 not present in recipe manager. Consider prefixing its path with '/' if it is synthetic.
[13:58:52] [Thread-11/ERROR] (EMI) [EMI] Recipe create:potion_mixing_vanilla_159 not present in recipe manager. Consider prefixing its path with '/' if it is synthetic.
[13:58:52] [Thread-11/ERROR] (EMI) [EMI] Recipe create:potion_mixing_vanilla_160 not present in recipe manager. Consider prefixing its path with '/' if it is synthetic.
[13:58:52] [Thread-11/ERROR] (EMI) [EMI] Recipe create:potion_mixing_vanilla_161 not present in recipe manager. Consider prefixing its path with '/' if it is synthetic.
[13:58:52] [Thread-11/ERROR] (EMI) [EMI] Recipe create:potion_mixing_vanilla_162 not present in recipe manager. Consider prefixing its path with '/' if it is synthetic.
[13:58:52] [Thread-11/ERROR] (EMI) [EMI] Recipe create:potion_mixing_vanilla_163 not present in recipe manager. Consider prefixing its path with '/' if it is synthetic.
[13:58:52] [Thread-11/ERROR] (EMI) [EMI] Recipe create:potion_mixing_vanilla_164 not present in recipe manager. Consider prefixing its path with '/' if it is synthetic.
[13:58:52] [Thread-11/ERROR] (EMI) [EMI] Recipe create:potion_mixing_vanilla_165 not present in recipe manager. Consider prefixing its path with '/' if it is synthetic.
[13:58:52] [Thread-11/ERROR] (EMI) [EMI] Recipe create:potion_mixing_vanilla_166 not present in recipe manager. Consider prefixing its path with '/' if it is synthetic.
[13:58:52] [Thread-11/ERROR] (EMI) [EMI] Recipe create:potion_mixing_vanilla_167 not present in recipe manager. Consider prefixing its path with '/' if it is synthetic.
[13:58:52] [Thread-11/ERROR] (EMI) [EMI] Recipe create:potion_mixing_vanilla_168 not present in recipe manager. Consider prefixing its path with '/' if it is synthetic.
[13:58:52] [Thread-11/ERROR] (EMI) [EMI] Recipe create:potion_mixing_vanilla_169 not present in recipe manager. Consider prefixing its path with '/' if it is synthetic.
[13:58:52] [Thread-11/ERROR] (EMI) [EMI] Recipe create:potion_mixing_vanilla_170 not present in recipe manager. Consider prefixing its path with '/' if it is synthetic.
[13:58:52] [Thread-11/ERROR] (EMI) [EMI] Recipe create:potion_mixing_vanilla_171 not present in recipe manager. Consider prefixing its path with '/' if it is synthetic.
[13:58:52] [Thread-11/ERROR] (EMI) [EMI] Recipe create:potion_mixing_vanilla_172 not present in recipe manager. Consider prefixing its path with '/' if it is synthetic.
[13:58:52] [Thread-11/ERROR] (EMI) [EMI] Recipe create:potion_mixing_vanilla_173 not present in recipe manager. Consider prefixing its path with '/' if it is synthetic.
[13:58:52] [Thread-11/ERROR] (EMI) [EMI] Recipe create:potion_mixing_vanilla_174 not present in recipe manager. Consider prefixing its path with '/' if it is synthetic.
[13:58:52] [Thread-11/ERROR] (EMI) [EMI] Recipe create:potion_mixing_vanilla_175 not present in recipe manager. Consider prefixing its path with '/' if it is synthetic.
[13:58:52] [Thread-11/ERROR] (EMI) [EMI] Recipe create:potion_mixing_vanilla_176 not present in recipe manager. Consider prefixing its path with '/' if it is synthetic.
[13:58:52] [Thread-11/ERROR] (EMI) [EMI] Recipe create:potion_mixing_vanilla_177 not present in recipe manager. Consider prefixing its path with '/' if it is synthetic.
[13:58:52] [Thread-11/ERROR] (EMI) [EMI] Recipe create:potion_mixing_vanilla_178 not present in recipe manager. Consider prefixing its path with '/' if it is synthetic.
[13:58:52] [Thread-11/ERROR] (EMI) [EMI] Recipe create:potion_mixing_vanilla_179 not present in recipe manager. Consider prefixing its path with '/' if it is synthetic.
[13:58:52] [Thread-11/ERROR] (EMI) [EMI] Recipe create:potion_mixing_vanilla_180 not present in recipe manager. Consider prefixing its path with '/' if it is synthetic.
[13:58:52] [Thread-11/ERROR] (EMI) [EMI] Recipe create:potion_mixing_vanilla_181 not present in recipe manager. Consider prefixing its path with '/' if it is synthetic.
[13:58:52] [Thread-11/ERROR] (EMI) [EMI] Recipe create:potion_mixing_vanilla_182 not present in recipe manager. Consider prefixing its path with '/' if it is synthetic.
[13:58:52] [Thread-11/ERROR] (EMI) [EMI] Recipe create:potion_mixing_vanilla_183 not present in recipe manager. Consider prefixing its path with '/' if it is synthetic.
[13:58:52] [Thread-11/ERROR] (EMI) [EMI] Recipe create:potion_mixing_vanilla_184 not present in recipe manager. Consider prefixing its path with '/' if it is synthetic.
[13:58:52] [Thread-11/ERROR] (EMI) [EMI] Recipe create:potion_mixing_vanilla_185 not present in recipe manager. Consider prefixing its path with '/' if it is synthetic.
[13:58:52] [Thread-11/ERROR] (EMI) [EMI] Recipe create:potion_mixing_vanilla_186 not present in recipe manager. Consider prefixing its path with '/' if it is synthetic.
[13:58:52] [Thread-11/ERROR] (EMI) [EMI] Recipe create:potion_mixing_vanilla_187 not present in recipe manager. Consider prefixing its path with '/' if it is synthetic.
[13:58:52] [Thread-11/ERROR] (EMI) [EMI] Recipe create:potion_mixing_vanilla_188 not present in recipe manager. Consider prefixing its path with '/' if it is synthetic.
[13:58:52] [Thread-11/ERROR] (EMI) [EMI] Recipe create:potion_mixing_vanilla_189 not present in recipe manager. Consider prefixing its path with '/' if it is synthetic.
[13:58:52] [Thread-11/ERROR] (EMI) [EMI] Recipe create:potion_mixing_vanilla_190 not present in recipe manager. Consider prefixing its path with '/' if it is synthetic.
[13:58:52] [Thread-11/ERROR] (EMI) [EMI] Recipe create:potion_mixing_vanilla_191 not present in recipe manager. Consider prefixing its path with '/' if it is synthetic.
[13:58:52] [Thread-11/ERROR] (EMI) [EMI] Recipe create:potion_mixing_vanilla_192 not present in recipe manager. Consider prefixing its path with '/' if it is synthetic.
[13:58:52] [Thread-11/ERROR] (EMI) [EMI] Recipe create:potion_mixing_vanilla_193 not present in recipe manager. Consider prefixing its path with '/' if it is synthetic.
[13:58:52] [Thread-11/ERROR] (EMI) [EMI] Recipe create:potion_mixing_vanilla_194 not present in recipe manager. Consider prefixing its path with '/' if it is synthetic.
[13:58:52] [Thread-11/ERROR] (EMI) [EMI] Recipe create:potion_mixing_vanilla_195 not present in recipe manager. Consider prefixing its path with '/' if it is synthetic.
[13:58:52] [Thread-11/ERROR] (EMI) [EMI] Recipe create:potion_mixing_vanilla_196 not present in recipe manager. Consider prefixing its path with '/' if it is synthetic.
[13:58:52] [Thread-11/ERROR] (EMI) [EMI] Recipe create:potion_mixing_vanilla_197 not present in recipe manager. Consider prefixing its path with '/' if it is synthetic.
[13:58:52] [Thread-11/ERROR] (EMI) [EMI] Recipe create:potion_mixing_vanilla_198 not present in recipe manager. Consider prefixing its path with '/' if it is synthetic.
[13:58:52] [Thread-11/ERROR] (EMI) [EMI] Recipe create:potion_mixing_vanilla_199 not present in recipe manager. Consider prefixing its path with '/' if it is synthetic.
[13:58:52] [Thread-11/ERROR] (EMI) [EMI] Recipe create:potion_mixing_vanilla_200 not present in recipe manager. Consider prefixing its path with '/' if it is synthetic.
[13:58:52] [Thread-11/ERROR] (EMI) [EMI] Recipe create:potion_mixing_vanilla_201 not present in recipe manager. Consider prefixing its path with '/' if it is synthetic.
[13:58:52] [Thread-11/ERROR] (EMI) [EMI] Recipe create:potion_mixing_vanilla_202 not present in recipe manager. Consider prefixing its path with '/' if it is synthetic.
[13:58:52] [Thread-11/ERROR] (EMI) [EMI] Recipe create:potion_mixing_vanilla_203 not present in recipe manager. Consider prefixing its path with '/' if it is synthetic.
[13:58:52] [Thread-11/ERROR] (EMI) [EMI] Recipe create:potion_mixing_vanilla_204 not present in recipe manager. Consider prefixing its path with '/' if it is synthetic.
[13:58:52] [Thread-11/ERROR] (EMI) [EMI] Recipe create:potion_mixing_vanilla_205 not present in recipe manager. Consider prefixing its path with '/' if it is synthetic.
[13:58:52] [Thread-11/ERROR] (EMI) [EMI] Recipe create:potion_mixing_vanilla_206 not present in recipe manager. Consider prefixing its path with '/' if it is synthetic.
[13:58:52] [Thread-11/ERROR] (EMI) [EMI] Recipe create:potion_mixing_vanilla_207 not present in recipe manager. Consider prefixing its path with '/' if it is synthetic.
[13:58:52] [Thread-11/ERROR] (EMI) [EMI] Recipe create:potion_mixing_vanilla_208 not present in recipe manager. Consider prefixing its path with '/' if it is synthetic.
[13:58:52] [Thread-11/ERROR] (EMI) [EMI] Recipe create:potion_mixing_vanilla_209 not present in recipe manager. Consider prefixing its path with '/' if it is synthetic.
[13:58:52] [Thread-11/ERROR] (EMI) [EMI] Recipe create:potion_mixing_vanilla_210 not present in recipe manager. Consider prefixing its path with '/' if it is synthetic.
[13:58:52] [Thread-11/ERROR] (EMI) [EMI] Recipe create:potion_mixing_vanilla_211 not present in recipe manager. Consider prefixing its path with '/' if it is synthetic.
[13:58:52] [Thread-11/ERROR] (EMI) [EMI] Recipe create:potion_mixing_vanilla_212 not present in recipe manager. Consider prefixing its path with '/' if it is synthetic.
[13:58:52] [Thread-11/ERROR] (EMI) [EMI] Recipe create:potion_mixing_vanilla_213 not present in recipe manager. Consider prefixing its path with '/' if it is synthetic.
[13:58:52] [Thread-11/ERROR] (EMI) [EMI] Recipe create:potion_mixing_vanilla_214 not present in recipe manager. Consider prefixing its path with '/' if it is synthetic.
[13:58:52] [Thread-11/ERROR] (EMI) [EMI] Recipe create:potion_mixing_vanilla_215 not present in recipe manager. Consider prefixing its path with '/' if it is synthetic.
[13:58:52] [Thread-11/ERROR] (EMI) [EMI] Recipe create:potion_mixing_vanilla_216 not present in recipe manager. Consider prefixing its path with '/' if it is synthetic.
[13:58:52] [Thread-11/ERROR] (EMI) [EMI] Recipe create:potion_mixing_vanilla_217 not present in recipe manager. Consider prefixing its path with '/' if it is synthetic.
[13:58:52] [Thread-11/ERROR] (EMI) [EMI] Recipe create:potion_mixing_vanilla_218 not present in recipe manager. Consider prefixing its path with '/' if it is synthetic.
[13:58:52] [Thread-11/ERROR] (EMI) [EMI] Recipe create:potion_mixing_vanilla_219 not present in recipe manager. Consider prefixing its path with '/' if it is synthetic.
[13:58:52] [Thread-11/ERROR] (EMI) [EMI] Recipe create:potion_mixing_vanilla_220 not present in recipe manager. Consider prefixing its path with '/' if it is synthetic.
[13:58:52] [Thread-11/ERROR] (EMI) [EMI] Recipe create:potion_mixing_vanilla_221 not present in recipe manager. Consider prefixing its path with '/' if it is synthetic.
[13:58:52] [Thread-11/ERROR] (EMI) [EMI] Recipe create:potion_mixing_vanilla_222 not present in recipe manager. Consider prefixing its path with '/' if it is synthetic.
[13:58:52] [Thread-11/ERROR] (EMI) [EMI] Recipe create:potion_mixing_vanilla_223 not present in recipe manager. Consider prefixing its path with '/' if it is synthetic.
[13:58:52] [Thread-11/ERROR] (EMI) [EMI] Recipe create:potion_mixing_vanilla_224 not present in recipe manager. Consider prefixing its path with '/' if it is synthetic.
[13:58:52] [Thread-11/ERROR] (EMI) [EMI] Recipe create:potion_mixing_vanilla_225 not present in recipe manager. Consider prefixing its path with '/' if it is synthetic.
[13:58:52] [Thread-11/ERROR] (EMI) [EMI] Recipe create:potion_mixing_vanilla_226 not present in recipe manager. Consider prefixing its path with '/' if it is synthetic.
[13:58:52] [Thread-11/ERROR] (EMI) [EMI] Recipe create:potion_mixing_vanilla_227 not present in recipe manager. Consider prefixing its path with '/' if it is synthetic.
[13:58:52] [Thread-11/ERROR] (EMI) [EMI] Recipe create:potion_mixing_vanilla_228 not present in recipe manager. Consider prefixing its path with '/' if it is synthetic.
[13:58:52] [Thread-11/ERROR] (EMI) [EMI] Recipe create:potion_mixing_vanilla_229 not present in recipe manager. Consider prefixing its path with '/' if it is synthetic.
[13:58:52] [Thread-11/ERROR] (EMI) [EMI] Recipe create:potion_mixing_vanilla_230 not present in recipe manager. Consider prefixing its path with '/' if it is synthetic.
[13:58:52] [Thread-11/ERROR] (EMI) [EMI] Recipe create:potion_mixing_vanilla_231 not present in recipe manager. Consider prefixing its path with '/' if it is synthetic.
[13:58:52] [Thread-11/ERROR] (EMI) [EMI] Recipe create:potion_mixing_vanilla_232 not present in recipe manager. Consider prefixing its path with '/' if it is synthetic.
[13:58:52] [Thread-11/ERROR] (EMI) [EMI] Recipe create:potion_mixing_vanilla_233 not present in recipe manager. Consider prefixing its path with '/' if it is synthetic.
[13:58:52] [Thread-11/ERROR] (EMI) [EMI] Recipe create:potion_mixing_vanilla_234 not present in recipe manager. Consider prefixing its path with '/' if it is synthetic.
[13:58:52] [Thread-11/ERROR] (EMI) [EMI] Recipe create:potion_mixing_vanilla_235 not present in recipe manager. Consider prefixing its path with '/' if it is synthetic.
[13:58:52] [Thread-11/ERROR] (EMI) [EMI] Recipe create:potion_mixing_vanilla_236 not present in recipe manager. Consider prefixing its path with '/' if it is synthetic.
[13:58:52] [Thread-11/ERROR] (EMI) [EMI] Recipe create:potion_mixing_vanilla_237 not present in recipe manager. Consider prefixing its path with '/' if it is synthetic.
[13:58:52] [Thread-11/ERROR] (EMI) [EMI] Recipe create:potion_mixing_vanilla_238 not present in recipe manager. Consider prefixing its path with '/' if it is synthetic.
[13:58:52] [Thread-11/ERROR] (EMI) [EMI] Recipe create:potion_mixing_vanilla_239 not present in recipe manager. Consider prefixing its path with '/' if it is synthetic.
[13:58:52] [Thread-11/ERROR] (EMI) [EMI] Recipe create:potion_mixing_vanilla_240 not present in recipe manager. Consider prefixing its path with '/' if it is synthetic.
[13:58:52] [Thread-11/ERROR] (EMI) [EMI] Recipe create:potion_mixing_vanilla_241 not present in recipe manager. Consider prefixing its path with '/' if it is synthetic.
[13:58:52] [Thread-11/ERROR] (EMI) [EMI] Recipe create:potion_mixing_vanilla_242 not present in recipe manager. Consider prefixing its path with '/' if it is synthetic.
[13:58:52] [Thread-11/ERROR] (EMI) [EMI] Recipe create:potion_mixing_vanilla_243 not present in recipe manager. Consider prefixing its path with '/' if it is synthetic.
[13:58:52] [Thread-11/ERROR] (EMI) [EMI] Recipe create:potion_mixing_vanilla_244 not present in recipe manager. Consider prefixing its path with '/' if it is synthetic.
[13:58:52] [Thread-11/ERROR] (EMI) [EMI] Recipe create:potion_mixing_vanilla_245 not present in recipe manager. Consider prefixing its path with '/' if it is synthetic.
[13:58:52] [Thread-11/ERROR] (EMI) [EMI] Recipe create:potion_mixing_vanilla_246 not present in recipe manager. Consider prefixing its path with '/' if it is synthetic.
[13:58:52] [Thread-11/ERROR] (EMI) [EMI] Recipe create:potion_mixing_vanilla_247 not present in recipe manager. Consider prefixing its path with '/' if it is synthetic.
[13:58:52] [Thread-11/ERROR] (EMI) [EMI] Recipe create:potion_mixing_vanilla_248 not present in recipe manager. Consider prefixing its path with '/' if it is synthetic.
[13:58:52] [Thread-11/ERROR] (EMI) [EMI] Recipe emi:create/automatic_packing/minecraft/stripped_dark_oak_wood not present in recipe manager. Consider prefixing its path with '/' if it is synthetic.
[13:58:52] [Thread-11/ERROR] (EMI) [EMI] Recipe emi:create/automatic_packing/minecraft/bone_block not present in recipe manager. Consider prefixing its path with '/' if it is synthetic.
[13:58:52] [Thread-11/ERROR] (EMI) [EMI] Recipe emi:create/automatic_packing/minecraft/melon not present in recipe manager. Consider prefixing its path with '/' if it is synthetic.
[13:58:52] [Thread-11/ERROR] (EMI) [EMI] Recipe emi:create/automatic_packing/create/crafting/materials/zinc_ingot_from_compacting not present in recipe manager. Consider prefixing its path with '/' if it is synthetic.
[13:58:52] [Thread-11/ERROR] (EMI) [EMI] Recipe emi:create/automatic_packing/minecraft/nether_wart_block not present in recipe manager. Consider prefixing its path with '/' if it is synthetic.
[13:58:52] [Thread-11/ERROR] (EMI) [EMI] Recipe emi:create/automatic_packing/minecraft/coal_block not present in recipe manager. Consider prefixing its path with '/' if it is synthetic.
[13:58:52] [Thread-11/ERROR] (EMI) [EMI] Recipe emi:create/automatic_packing/minecraft/iron_block not present in recipe manager. Consider prefixing its path with '/' if it is synthetic.
[13:58:52] [Thread-11/ERROR] (EMI) [EMI] Recipe emi:create/automatic_packing/minecraft/birch_wood not present in recipe manager. Consider prefixing its path with '/' if it is synthetic.
[13:58:52] [Thread-11/ERROR] (EMI) [EMI] Recipe emi:create/automatic_packing/minecraft/oak_wood not present in recipe manager. Consider prefixing its path with '/' if it is synthetic.
[13:58:52] [Thread-11/ERROR] (EMI) [EMI] Recipe emi:create/automatic_packing/minecraft/emerald_block not present in recipe manager. Consider prefixing its path with '/' if it is synthetic.
[13:58:52] [Thread-11/ERROR] (EMI) [EMI] Recipe emi:create/automatic_packing/minecraft/copper_block not present in recipe manager. Consider prefixing its path with '/' if it is synthetic.
[13:58:52] [Thread-11/ERROR] (EMI) [EMI] Recipe emi:create/automatic_packing/minecraft/spruce_wood not present in recipe manager. Consider prefixing its path with '/' if it is synthetic.
[13:58:52] [Thread-11/ERROR] (EMI) [EMI] Recipe emi:create/automatic_packing/minecraft/honey_block not present in recipe manager. Consider prefixing its path with '/' if it is synthetic.
[13:58:52] [Thread-11/ERROR] (EMI) [EMI] Recipe emi:create/automatic_packing/minecraft/mangrove_wood not present in recipe manager. Consider prefixing its path with '/' if it is synthetic.
[13:58:52] [Thread-11/ERROR] (EMI) [EMI] Recipe emi:create/automatic_packing/minecraft/polished_basalt not present in recipe manager. Consider prefixing its path with '/' if it is synthetic.
[13:58:52] [Thread-11/ERROR] (EMI) [EMI] Recipe emi:create/automatic_packing/minecraft/stripped_oak_wood not present in recipe manager. Consider prefixing its path with '/' if it is synthetic.
[13:58:52] [Thread-11/ERROR] (EMI) [EMI] Recipe emi:create/automatic_packing/minecraft/sandstone not present in recipe manager. Consider prefixing its path with '/' if it is synthetic.
[13:58:52] [Thread-11/ERROR] (EMI) [EMI] Recipe emi:create/automatic_packing/minecraft/purpur_block not present in recipe manager. Consider prefixing its path with '/' if it is synthetic.
[13:58:52] [Thread-11/ERROR] (EMI) [EMI] Recipe emi:create/automatic_packing/minecraft/dried_kelp_block not present in recipe manager. Consider prefixing its path with '/' if it is synthetic.
[13:58:52] [Thread-11/ERROR] (EMI) [EMI] Recipe emi:create/automatic_packing/minecraft/stripped_crimson_hyphae not present in recipe manager. Consider prefixing its path with '/' if it is synthetic.
[13:58:52] [Thread-11/ERROR] (EMI) [EMI] Recipe emi:create/automatic_packing/create/crafting/materials/raw_zinc_block not present in recipe manager. Consider prefixing its path with '/' if it is synthetic.
[13:58:52] [Thread-11/ERROR] (EMI) [EMI] Recipe emi:create/automatic_packing/minecraft/cut_red_sandstone not present in recipe manager. Consider prefixing its path with '/' if it is synthetic.
[13:58:52] [Thread-11/ERROR] (EMI) [EMI] Recipe emi:create/automatic_packing/minecraft/prismarine_bricks not present in recipe manager. Consider prefixing its path with '/' if it is synthetic.
[13:58:52] [Thread-11/ERROR] (EMI) [EMI] Recipe emi:create/automatic_packing/minecraft/nether_bricks not present in recipe manager. Consider prefixing its path with '/' if it is synthetic.
[13:58:52] [Thread-11/ERROR] (EMI) [EMI] Recipe emi:create/automatic_packing/minecraft/stone_bricks not present in recipe manager. Consider prefixing its path with '/' if it is synthetic.
[13:58:52] [Thread-11/ERROR] (EMI) [EMI] Recipe emi:create/automatic_packing/minecraft/white_wool_from_string not present in recipe manager. Consider prefixing its path with '/' if it is synthetic.
[13:58:52] [Thread-11/ERROR] (EMI) [EMI] Recipe emi:create/automatic_packing/minecraft/crimson_hyphae not present in recipe manager. Consider prefixing its path with '/' if it is synthetic.
[13:58:52] [Thread-11/ERROR] (EMI) [EMI] Recipe emi:create/automatic_packing/minecraft/dripstone_block not present in recipe manager. Consider prefixing its path with '/' if it is synthetic.
[13:58:52] [Thread-11/ERROR] (EMI) [EMI] Recipe emi:create/automatic_packing/minecraft/blue_ice not present in recipe manager. Consider prefixing its path with '/' if it is synthetic.
[13:58:52] [Thread-11/ERROR] (EMI) [EMI] Recipe emi:create/automatic_packing/minecraft/prismarine not present in recipe manager. Consider prefixing its path with '/' if it is synthetic.
[13:58:52] [Thread-11/ERROR] (EMI) [EMI] Recipe emi:create/automatic_packing/minecraft/iron_ingot_from_nuggets not present in recipe manager. Consider prefixing its path with '/' if it is synthetic.
[13:58:52] [Thread-11/ERROR] (EMI) [EMI] Recipe emi:create/automatic_packing/minecraft/clay not present in recipe manager. Consider prefixing its path with '/' if it is synthetic.
[13:58:52] [Thread-11/ERROR] (EMI) [EMI] Recipe emi:create/automatic_packing/minecraft/waxed_weathered_cut_copper not present in recipe manager. Consider prefixing its path with '/' if it is synthetic.
[13:58:52] [Thread-11/ERROR] (EMI) [EMI] Recipe emi:create/automatic_packing/create/crafting/materials/zinc_block_from_compacting not present in recipe manager. Consider prefixing its path with '/' if it is synthetic.
[13:58:52] [Thread-11/ERROR] (EMI) [EMI] Recipe emi:create/automatic_packing/minecraft/stripped_cherry_wood not present in recipe manager. Consider prefixing its path with '/' if it is synthetic.
[13:58:52] [Thread-11/ERROR] (EMI) [EMI] Recipe emi:create/automatic_packing/minecraft/warped_hyphae not present in recipe manager. Consider prefixing its path with '/' if it is synthetic.
[13:58:52] [Thread-11/ERROR] (EMI) [EMI] Recipe emi:create/automatic_packing/minecraft/magma_block not present in recipe manager. Consider prefixing its path with '/' if it is synthetic.
[13:58:52] [Thread-11/ERROR] (EMI) [EMI] Recipe emi:create/automatic_packing/minecraft/hay_block not present in recipe manager. Consider prefixing its path with '/' if it is synthetic.
[13:58:52] [Thread-11/ERROR] (EMI) [EMI] Recipe emi:create/automatic_packing/create/crafting/materials/experience_block not present in recipe manager. Consider prefixing its path with '/' if it is synthetic.
[13:58:52] [Thread-11/ERROR] (EMI) [EMI] Recipe emi:create/automatic_packing/minecraft/cut_copper not present in recipe manager. Consider prefixing its path with '/' if it is synthetic.
[13:58:52] [Thread-11/ERROR] (EMI) [EMI] Recipe emi:create/automatic_packing/minecraft/netherite_block not present in recipe manager. Consider prefixing its path with '/' if it is synthetic.
[13:58:52] [Thread-11/ERROR] (EMI) [EMI] Recipe emi:create/automatic_packing/minecraft/slime_block not present in recipe manager. Consider prefixing its path with '/' if it is synthetic.
[13:58:52] [Thread-11/ERROR] (EMI) [EMI] Recipe emi:create/automatic_packing/minecraft/mud_bricks not present in recipe manager. Consider prefixing its path with '/' if it is synthetic.
[13:58:52] [Thread-11/ERROR] (EMI) [EMI] Recipe emi:create/automatic_packing/minecraft/bamboo_block not present in recipe manager. Consider prefixing its path with '/' if it is synthetic.
[13:58:52] [Thread-11/ERROR] (EMI) [EMI] Recipe emi:create/automatic_packing/minecraft/polished_blackstone_bricks not present in recipe manager. Consider prefixing its path with '/' if it is synthetic.
[13:58:52] [Thread-11/ERROR] (EMI) [EMI] Recipe emi:create/automatic_packing/minecraft/iron_trapdoor not present in recipe manager. Consider prefixing its path with '/' if it is synthetic.
[13:58:52] [Thread-11/ERROR] (EMI) [EMI] Recipe emi:create/automatic_packing/minecraft/jungle_wood not present in recipe manager. Consider prefixing its path with '/' if it is synthetic.
[13:58:52] [Thread-11/ERROR] (EMI) [EMI] Recipe emi:create/automatic_packing/minecraft/waxed_oxidized_cut_copper not present in recipe manager. Consider prefixing its path with '/' if it is synthetic.
[13:58:52] [Thread-11/ERROR] (EMI) [EMI] Recipe emi:create/automatic_packing/minecraft/polished_diorite not present in recipe manager. Consider prefixing its path with '/' if it is synthetic.
[13:58:52] [Thread-11/ERROR] (EMI) [EMI] Recipe emi:create/automatic_packing/create/crafting/materials/brass_block_from_compacting not present in recipe manager. Consider prefixing its path with '/' if it is synthetic.
[13:58:52] [Thread-11/ERROR] (EMI) [EMI] Recipe emi:create/automatic_packing/minecraft/waxed_cut_copper not present in recipe manager. Consider prefixing its path with '/' if it is synthetic.
[13:58:52] [Thread-11/ERROR] (EMI) [EMI] Recipe emi:create/automatic_packing/minecraft/stripped_birch_wood not present in recipe manager. Consider prefixing its path with '/' if it is synthetic.
[13:58:52] [Thread-11/ERROR] (EMI) [EMI] Recipe emi:create/automatic_packing/minecraft/polished_deepslate not present in recipe manager. Consider prefixing its path with '/' if it is synthetic.
[13:58:52] [Thread-11/ERROR] (EMI) [EMI] Recipe emi:create/automatic_packing/minecraft/quartz_bricks not present in recipe manager. Consider prefixing its path with '/' if it is synthetic.
[13:58:52] [Thread-11/ERROR] (EMI) [EMI] Recipe emi:create/automatic_packing/minecraft/crafting_table not present in recipe manager. Consider prefixing its path with '/' if it is synthetic.
[13:58:52] [Thread-11/ERROR] (EMI) [EMI] Recipe emi:create/automatic_packing/minecraft/dark_oak_wood not present in recipe manager. Consider prefixing its path with '/' if it is synthetic.
[13:58:52] [Thread-11/ERROR] (EMI) [EMI] Recipe emi:create/automatic_packing/minecraft/raw_gold_block not present in recipe manager. Consider prefixing its path with '/' if it is synthetic.
[13:58:52] [Thread-11/ERROR] (EMI) [EMI] Recipe emi:create/automatic_packing/minecraft/deepslate_bricks not present in recipe manager. Consider prefixing its path with '/' if it is synthetic.
[13:58:52] [Thread-11/ERROR] (EMI) [EMI] Recipe emi:create/automatic_packing/minecraft/stripped_acacia_wood not present in recipe manager. Consider prefixing its path with '/' if it is synthetic.
[13:58:52] [Thread-11/ERROR] (EMI) [EMI] Recipe emi:create/automatic_packing/minecraft/gold_ingot_from_nuggets not present in recipe manager. Consider prefixing its path with '/' if it is synthetic.
[13:58:52] [Thread-11/ERROR] (EMI) [EMI] Recipe emi:create/automatic_packing/create/crafting/materials/andesite_alloy_block not present in recipe manager. Consider prefixing its path with '/' if it is synthetic.
[13:58:52] [Thread-11/ERROR] (EMI) [EMI] Recipe emi:create/automatic_packing/minecraft/amethyst_block not present in recipe manager. Consider prefixing its path with '/' if it is synthetic.
[13:58:52] [Thread-11/ERROR] (EMI) [EMI] Recipe emi:create/automatic_packing/minecraft/raw_copper_block not present in recipe manager. Consider prefixing its path with '/' if it is synthetic.
[13:58:52] [Thread-11/ERROR] (EMI) [EMI] Recipe emi:create/automatic_packing/minecraft/raw_iron_block not present in recipe manager. Consider prefixing its path with '/' if it is synthetic.
[13:58:52] [Thread-11/ERROR] (EMI) [EMI] Recipe emi:create/automatic_packing/minecraft/redstone_block not present in recipe manager. Consider prefixing its path with '/' if it is synthetic.
[13:58:52] [Thread-11/ERROR] (EMI) [EMI] Recipe emi:create/automatic_packing/minecraft/honeycomb_block not present in recipe manager. Consider prefixing its path with '/' if it is synthetic.
[13:58:52] [Thread-11/ERROR] (EMI) [EMI] Recipe emi:create/automatic_packing/minecraft/quartz_block not present in recipe manager. Consider prefixing its path with '/' if it is synthetic.
[13:58:52] [Thread-11/ERROR] (EMI) [EMI] Recipe emi:create/automatic_packing/minecraft/music_disc_5 not present in recipe manager. Consider prefixing its path with '/' if it is synthetic.
[13:58:52] [Thread-11/ERROR] (EMI) [EMI] Recipe emi:create/automatic_packing/minecraft/waxed_exposed_cut_copper not present in recipe manager. Consider prefixing its path with '/' if it is synthetic.
[13:58:52] [Thread-11/ERROR] (EMI) [EMI] Recipe emi:create/automatic_packing/minecraft/bricks not present in recipe manager. Consider prefixing its path with '/' if it is synthetic.
[13:58:52] [Thread-11/ERROR] (EMI) [EMI] Recipe emi:create/automatic_packing/minecraft/exposed_cut_copper not present in recipe manager. Consider prefixing its path with '/' if it is synthetic.
[13:58:52] [Thread-11/ERROR] (EMI) [EMI] Recipe emi:create/automatic_packing/minecraft/polished_blackstone not present in recipe manager. Consider prefixing its path with '/' if it is synthetic.
[13:58:52] [Thread-11/ERROR] (EMI) [EMI] Recipe emi:create/automatic_packing/minecraft/packed_ice not present in recipe manager. Consider prefixing its path with '/' if it is synthetic.
[13:58:52] [Thread-11/ERROR] (EMI) [EMI] Recipe emi:create/automatic_packing/minecraft/diamond_block not present in recipe manager. Consider prefixing its path with '/' if it is synthetic.
[13:58:52] [Thread-11/ERROR] (EMI) [EMI] Recipe emi:create/automatic_packing/minecraft/glowstone not present in recipe manager. Consider prefixing its path with '/' if it is synthetic.
[13:58:52] [Thread-11/ERROR] (EMI) [EMI] Recipe emi:create/automatic_packing/minecraft/lapis_block not present in recipe manager. Consider prefixing its path with '/' if it is synthetic.
[13:58:52] [Thread-11/ERROR] (EMI) [EMI] Recipe emi:create/automatic_packing/minecraft/snow_block not present in recipe manager. Consider prefixing its path with '/' if it is synthetic.
[13:58:52] [Thread-11/ERROR] (EMI) [EMI] Recipe emi:create/automatic_packing/create/crafting/materials/brass_ingot_from_compacting not present in recipe manager. Consider prefixing its path with '/' if it is synthetic.
[13:58:52] [Thread-11/ERROR] (EMI) [EMI] Recipe emi:create/automatic_packing/minecraft/stripped_mangrove_wood not present in recipe manager. Consider prefixing its path with '/' if it is synthetic.
[13:58:52] [Thread-11/ERROR] (EMI) [EMI] Recipe emi:create/automatic_packing/minecraft/weathered_cut_copper not present in recipe manager. Consider prefixing its path with '/' if it is synthetic.
[13:58:52] [Thread-11/ERROR] (EMI) [EMI] Recipe emi:create/automatic_packing/minecraft/polished_granite not present in recipe manager. Consider prefixing its path with '/' if it is synthetic.
[13:58:52] [Thread-11/ERROR] (EMI) [EMI] Recipe emi:create/automatic_packing/minecraft/oxidized_cut_copper not present in recipe manager. Consider prefixing its path with '/' if it is synthetic.
[13:58:52] [Thread-11/ERROR] (EMI) [EMI] Recipe emi:create/automatic_packing/create/crafting/materials/copper_ingot not present in recipe manager. Consider prefixing its path with '/' if it is synthetic.
[13:58:52] [Thread-11/ERROR] (EMI) [EMI] Recipe emi:create/automatic_packing/minecraft/stripped_warped_hyphae not present in recipe manager. Consider prefixing its path with '/' if it is synthetic.
[13:58:52] [Thread-11/ERROR] (EMI) [EMI] Recipe emi:create/automatic_packing/minecraft/leather not present in recipe manager. Consider prefixing its path with '/' if it is synthetic.
[13:58:52] [Thread-11/ERROR] (EMI) [EMI] Recipe emi:create/automatic_packing/minecraft/end_stone_bricks not present in recipe manager. Consider prefixing its path with '/' if it is synthetic.
[13:58:52] [Thread-11/ERROR] (EMI) [EMI] Recipe emi:create/automatic_packing/minecraft/red_sandstone not present in recipe manager. Consider prefixing its path with '/' if it is synthetic.
[13:58:52] [Thread-11/ERROR] (EMI) [EMI] Recipe emi:create/automatic_packing/minecraft/cut_sandstone not present in recipe manager. Consider prefixing its path with '/' if it is synthetic.
[13:58:52] [Thread-11/ERROR] (EMI) [EMI] Recipe emi:create/automatic_packing/minecraft/deepslate_tiles not present in recipe manager. Consider prefixing its path with '/' if it is synthetic.
[13:58:52] [Thread-11/ERROR] (EMI) [EMI] Recipe emi:create/automatic_packing/minecraft/gold_block not present in recipe manager. Consider prefixing its path with '/' if it is synthetic.
[13:58:52] [Thread-11/ERROR] (EMI) [EMI] Recipe emi:create/automatic_packing/minecraft/cherry_wood not present in recipe manager. Consider prefixing its path with '/' if it is synthetic.
[13:58:52] [Thread-11/ERROR] (EMI) [EMI] Recipe emi:create/automatic_packing/minecraft/stripped_spruce_wood not present in recipe manager. Consider prefixing its path with '/' if it is synthetic.
[13:58:52] [Thread-11/ERROR] (EMI) [EMI] Recipe emi:create/automatic_packing/minecraft/acacia_wood not present in recipe manager. Consider prefixing its path with '/' if it is synthetic.
[13:58:52] [Thread-11/ERROR] (EMI) [EMI] Recipe emi:create/automatic_packing/minecraft/stripped_jungle_wood not present in recipe manager. Consider prefixing its path with '/' if it is synthetic.
[13:58:52] [Thread-11/ERROR] (EMI) [EMI] Recipe emi:create/automatic_packing/minecraft/polished_andesite not present in recipe manager. Consider prefixing its path with '/' if it is synthetic.
[13:58:52] [Thread-11/ERROR] (EMI) [EMI] Recipe create:conversion_0 not present in recipe manager. Consider prefixing its path with '/' if it is synthetic.
[13:58:52] [Thread-11/ERROR] (EMI) [EMI] Recipe create:conversion_1 not present in recipe manager. Consider prefixing its path with '/' if it is synthetic.
[13:58:52] [Thread-11/ERROR] (EMI) [EMI] Recipe create:conversion_2 not present in recipe manager. Consider prefixing its path with '/' if it is synthetic.
[13:58:52] [Thread-11/ERROR] (EMI) [EMI] Recipe create:conversion_3 not present in recipe manager. Consider prefixing its path with '/' if it is synthetic.
[13:58:52] [Thread-11/ERROR] (EMI) [EMI] Recipe emi:create/filling/minecraft/bucket/with/minecraft/water not present in recipe manager. Consider prefixing its path with '/' if it is synthetic.
[13:58:52] [Thread-11/ERROR] (EMI) [EMI] Recipe emi:create/filling/minecraft/bucket/with/minecraft/lava not present in recipe manager. Consider prefixing its path with '/' if it is synthetic.
[13:58:52] [Thread-11/ERROR] (EMI) [EMI] Recipe emi:create/filling/minecraft/bucket/with/create/honey not present in recipe manager. Consider prefixing its path with '/' if it is synthetic.
[13:58:52] [Thread-11/ERROR] (EMI) [EMI] Recipe emi:create/filling/minecraft/bucket/with/create/chocolate not present in recipe manager. Consider prefixing its path with '/' if it is synthetic.
[13:58:52] [Thread-11/ERROR] (EMI) [EMI] Recipe emi:create/filling/minecraft/bucket/with/milk/still_milk not present in recipe manager. Consider prefixing its path with '/' if it is synthetic.
[13:58:52] [Thread-11/ERROR] (EMI) [EMI] Recipe emi:create/filling/minecraft/bucket/with/smorestuff/marshmallow_still not present in recipe manager. Consider prefixing its path with '/' if it is synthetic.
[13:58:52] [Thread-11/ERROR] (EMI) [EMI] Recipe emi:create/draining/minecraft/water_bucket/from/minecraft/water not present in recipe manager. Consider prefixing its path with '/' if it is synthetic.
[13:58:52] [Thread-11/ERROR] (EMI) [EMI] Recipe emi:create/draining/minecraft/lava_bucket/from/minecraft/lava not present in recipe manager. Consider prefixing its path with '/' if it is synthetic.
[13:58:52] [Thread-11/ERROR] (EMI) [EMI] Recipe emi:create/draining/minecraft/milk_bucket/from/milk/still_milk not present in recipe manager. Consider prefixing its path with '/' if it is synthetic.
[13:58:52] [Thread-11/ERROR] (EMI) [EMI] Recipe emi:create/draining/minecraft/honey_bottle/from/create/honey not present in recipe manager. Consider prefixing its path with '/' if it is synthetic.
[13:58:52] [Thread-11/ERROR] (EMI) [EMI] Recipe emi:create/potion_filling/minecraft/water/from/minecraft/potion not present in recipe manager. Consider prefixing its path with '/' if it is synthetic.
[13:58:52] [Thread-11/ERROR] (EMI) [EMI] Recipe emi:create/potion_draining/minecraft/water/from/minecraft/potion not present in recipe manager. Consider prefixing its path with '/' if it is synthetic.
[13:58:52] [Thread-11/ERROR] (EMI) [EMI] Recipe emi:create/potion_filling/minecraft/mundane/from/minecraft/potion not present in recipe manager. Consider prefixing its path with '/' if it is synthetic.
[13:58:52] [Thread-11/ERROR] (EMI) [EMI] Recipe emi:create/potion_draining/minecraft/mundane/from/minecraft/potion not present in recipe manager. Consider prefixing its path with '/' if it is synthetic.
[13:58:52] [Thread-11/ERROR] (EMI) [EMI] Recipe emi:create/potion_filling/minecraft/thick/from/minecraft/potion not present in recipe manager. Consider prefixing its path with '/' if it is synthetic.
[13:58:52] [Thread-11/ERROR] (EMI) [EMI] Recipe emi:create/potion_draining/minecraft/thick/from/minecraft/potion not present in recipe manager. Consider prefixing its path with '/' if it is synthetic.
[13:58:52] [Thread-11/ERROR] (EMI) [EMI] Recipe emi:create/potion_filling/minecraft/awkward/from/minecraft/potion not present in recipe manager. Consider prefixing its path with '/' if it is synthetic.
[13:58:52] [Thread-11/ERROR] (EMI) [EMI] Recipe emi:create/potion_draining/minecraft/awkward/from/minecraft/potion not present in recipe manager. Consider prefixing its path with '/' if it is synthetic.
[13:58:52] [Thread-11/ERROR] (EMI) [EMI] Recipe emi:create/potion_filling/minecraft/night_vision/from/minecraft/potion not present in recipe manager. Consider prefixing its path with '/' if it is synthetic.
[13:58:52] [Thread-11/ERROR] (EMI) [EMI] Recipe emi:create/potion_draining/minecraft/night_vision/from/minecraft/potion not present in recipe manager. Consider prefixing its path with '/' if it is synthetic.
[13:58:52] [Thread-11/ERROR] (EMI) [EMI] Recipe emi:create/potion_filling/minecraft/long_night_vision/from/minecraft/potion not present in recipe manager. Consider prefixing its path with '/' if it is synthetic.
[13:58:52] [Thread-11/ERROR] (EMI) [EMI] Recipe emi:create/potion_draining/minecraft/long_night_vision/from/minecraft/potion not present in recipe manager. Consider prefixing its path with '/' if it is synthetic.
[13:58:52] [Thread-11/ERROR] (EMI) [EMI] Recipe emi:create/potion_filling/minecraft/invisibility/from/minecraft/potion not present in recipe manager. Consider prefixing its path with '/' if it is synthetic.
[13:58:52] [Thread-11/ERROR] (EMI) [EMI] Recipe emi:create/potion_draining/minecraft/invisibility/from/minecraft/potion not present in recipe manager. Consider prefixing its path with '/' if it is synthetic.
[13:58:52] [Thread-11/ERROR] (EMI) [EMI] Recipe emi:create/potion_filling/minecraft/long_invisibility/from/minecraft/potion not present in recipe manager. Consider prefixing its path with '/' if it is synthetic.
[13:58:52] [Thread-11/ERROR] (EMI) [EMI] Recipe emi:create/potion_draining/minecraft/long_invisibility/from/minecraft/potion not present in recipe manager. Consider prefixing its path with '/' if it is synthetic.
[13:58:52] [Thread-11/ERROR] (EMI) [EMI] Recipe emi:create/potion_filling/minecraft/leaping/from/minecraft/potion not present in recipe manager. Consider prefixing its path with '/' if it is synthetic.
[13:58:52] [Thread-11/ERROR] (EMI) [EMI] Recipe emi:create/potion_draining/minecraft/leaping/from/minecraft/potion not present in recipe manager. Consider prefixing its path with '/' if it is synthetic.
[13:58:52] [Thread-11/ERROR] (EMI) [EMI] Recipe emi:create/potion_filling/minecraft/long_leaping/from/minecraft/potion not present in recipe manager. Consider prefixing its path with '/' if it is synthetic.
[13:58:52] [Thread-11/ERROR] (EMI) [EMI] Recipe emi:create/potion_draining/minecraft/long_leaping/from/minecraft/potion not present in recipe manager. Consider prefixing its path with '/' if it is synthetic.
[13:58:52] [Thread-11/ERROR] (EMI) [EMI] Recipe emi:create/potion_filling/minecraft/strong_leaping/from/minecraft/potion not present in recipe manager. Consider prefixing its path with '/' if it is synthetic.
[13:58:52] [Thread-11/ERROR] (EMI) [EMI] Recipe emi:create/potion_draining/minecraft/strong_leaping/from/minecraft/potion not present in recipe manager. Consider prefixing its path with '/' if it is synthetic.
[13:58:52] [Thread-11/ERROR] (EMI) [EMI] Recipe emi:create/potion_filling/minecraft/fire_resistance/from/minecraft/potion not present in recipe manager. Consider prefixing its path with '/' if it is synthetic.
[13:58:52] [Thread-11/ERROR] (EMI) [EMI] Recipe emi:create/potion_draining/minecraft/fire_resistance/from/minecraft/potion not present in recipe manager. Consider prefixing its path with '/' if it is synthetic.
[13:58:52] [Thread-11/ERROR] (EMI) [EMI] Recipe emi:create/potion_filling/minecraft/long_fire_resistance/from/minecraft/potion not present in recipe manager. Consider prefixing its path with '/' if it is synthetic.
[13:58:52] [Thread-11/ERROR] (EMI) [EMI] Recipe emi:create/potion_draining/minecraft/long_fire_resistance/from/minecraft/potion not present in recipe manager. Consider prefixing its path with '/' if it is synthetic.
[13:58:52] [Thread-11/ERROR] (EMI) [EMI] Recipe emi:create/potion_filling/minecraft/swiftness/from/minecraft/potion not present in recipe manager. Consider prefixing its path with '/' if it is synthetic.
[13:58:52] [Thread-11/ERROR] (EMI) [EMI] Recipe emi:create/potion_draining/minecraft/swiftness/from/minecraft/potion not present in recipe manager. Consider prefixing its path with '/' if it is synthetic.
[13:58:52] [Thread-11/ERROR] (EMI) [EMI] Recipe emi:create/potion_filling/minecraft/long_swiftness/from/minecraft/potion not present in recipe manager. Consider prefixing its path with '/' if it is synthetic.
[13:58:52] [Thread-11/ERROR] (EMI) [EMI] Recipe emi:create/potion_draining/minecraft/long_swiftness/from/minecraft/potion not present in recipe manager. Consider prefixing its path with '/' if it is synthetic.
[13:58:52] [Thread-11/ERROR] (EMI) [EMI] Recipe emi:create/potion_filling/minecraft/strong_swiftness/from/minecraft/potion not present in recipe manager. Consider prefixing its path with '/' if it is synthetic.
[13:58:52] [Thread-11/ERROR] (EMI) [EMI] Recipe emi:create/potion_draining/minecraft/strong_swiftness/from/minecraft/potion not present in recipe manager. Consider prefixing its path with '/' if it is synthetic.
[13:58:52] [Thread-11/ERROR] (EMI) [EMI] Recipe emi:create/potion_filling/minecraft/slowness/from/minecraft/potion not present in recipe manager. Consider prefixing its path with '/' if it is synthetic.
[13:58:52] [Thread-11/ERROR] (EMI) [EMI] Recipe emi:create/potion_draining/minecraft/slowness/from/minecraft/potion not present in recipe manager. Consider prefixing its path with '/' if it is synthetic.
[13:58:52] [Thread-11/ERROR] (EMI) [EMI] Recipe emi:create/potion_filling/minecraft/long_slowness/from/minecraft/potion not present in recipe manager. Consider prefixing its path with '/' if it is synthetic.
[13:58:52] [Thread-11/ERROR] (EMI) [EMI] Recipe emi:create/potion_draining/minecraft/long_slowness/from/minecraft/potion not present in recipe manager. Consider prefixing its path with '/' if it is synthetic.
[13:58:52] [Thread-11/ERROR] (EMI) [EMI] Recipe emi:create/potion_filling/minecraft/strong_slowness/from/minecraft/potion not present in recipe manager. Consider prefixing its path with '/' if it is synthetic.
[13:58:52] [Thread-11/ERROR] (EMI) [EMI] Recipe emi:create/potion_draining/minecraft/strong_slowness/from/minecraft/potion not present in recipe manager. Consider prefixing its path with '/' if it is synthetic.
[13:58:52] [Thread-11/ERROR] (EMI) [EMI] Recipe emi:create/potion_filling/minecraft/turtle_master/from/minecraft/potion not present in recipe manager. Consider prefixing its path with '/' if it is synthetic.
[13:58:52] [Thread-11/ERROR] (EMI) [EMI] Recipe emi:create/potion_draining/minecraft/turtle_master/from/minecraft/potion not present in recipe manager. Consider prefixing its path with '/' if it is synthetic.
[13:58:52] [Thread-11/ERROR] (EMI) [EMI] Recipe emi:create/potion_filling/minecraft/long_turtle_master/from/minecraft/potion not present in recipe manager. Consider prefixing its path with '/' if it is synthetic.
[13:58:52] [Thread-11/ERROR] (EMI) [EMI] Recipe emi:create/potion_draining/minecraft/long_turtle_master/from/minecraft/potion not present in recipe manager. Consider prefixing its path with '/' if it is synthetic.
[13:58:52] [Thread-11/ERROR] (EMI) [EMI] Recipe emi:create/potion_filling/minecraft/strong_turtle_master/from/minecraft/potion not present in recipe manager. Consider prefixing its path with '/' if it is synthetic.
[13:58:52] [Thread-11/ERROR] (EMI) [EMI] Recipe emi:create/potion_draining/minecraft/strong_turtle_master/from/minecraft/potion not present in recipe manager. Consider prefixing its path with '/' if it is synthetic.
[13:58:52] [Thread-11/ERROR] (EMI) [EMI] Recipe emi:create/potion_filling/minecraft/water_breathing/from/minecraft/potion not present in recipe manager. Consider prefixing its path with '/' if it is synthetic.
[13:58:52] [Thread-11/ERROR] (EMI) [EMI] Recipe emi:create/potion_draining/minecraft/water_breathing/from/minecraft/potion not present in recipe manager. Consider prefixing its path with '/' if it is synthetic.
[13:58:52] [Thread-11/ERROR] (EMI) [EMI] Recipe emi:create/potion_filling/minecraft/long_water_breathing/from/minecraft/potion not present in recipe manager. Consider prefixing its path with '/' if it is synthetic.
[13:58:52] [Thread-11/ERROR] (EMI) [EMI] Recipe emi:create/potion_draining/minecraft/long_water_breathing/from/minecraft/potion not present in recipe manager. Consider prefixing its path with '/' if it is synthetic.
[13:58:52] [Thread-11/ERROR] (EMI) [EMI] Recipe emi:create/potion_filling/minecraft/healing/from/minecraft/potion not present in recipe manager. Consider prefixing its path with '/' if it is synthetic.
[13:58:52] [Thread-11/ERROR] (EMI) [EMI] Recipe emi:create/potion_draining/minecraft/healing/from/minecraft/potion not present in recipe manager. Consider prefixing its path with '/' if it is synthetic.
[13:58:52] [Thread-11/ERROR] (EMI) [EMI] Recipe emi:create/potion_filling/minecraft/strong_healing/from/minecraft/potion not present in recipe manager. Consider prefixing its path with '/' if it is synthetic.
[13:58:52] [Thread-11/ERROR] (EMI) [EMI] Recipe emi:create/potion_draining/minecraft/strong_healing/from/minecraft/potion not present in recipe manager. Consider prefixing its path with '/' if it is synthetic.
[13:58:52] [Thread-11/ERROR] (EMI) [EMI] Recipe emi:create/potion_filling/minecraft/harming/from/minecraft/potion not present in recipe manager. Consider prefixing its path with '/' if it is synthetic.
[13:58:52] [Thread-11/ERROR] (EMI) [EMI] Recipe emi:create/potion_draining/minecraft/harming/from/minecraft/potion not present in recipe manager. Consider prefixing its path with '/' if it is synthetic.
[13:58:52] [Thread-11/ERROR] (EMI) [EMI] Recipe emi:create/potion_filling/minecraft/strong_harming/from/minecraft/potion not present in recipe manager. Consider prefixing its path with '/' if it is synthetic.
[13:58:52] [Thread-11/ERROR] (EMI) [EMI] Recipe emi:create/potion_draining/minecraft/strong_harming/from/minecraft/potion not present in recipe manager. Consider prefixing its path with '/' if it is synthetic.
[13:58:52] [Thread-11/ERROR] (EMI) [EMI] Recipe emi:create/potion_filling/minecraft/poison/from/minecraft/potion not present in recipe manager. Consider prefixing its path with '/' if it is synthetic.
[13:58:52] [Thread-11/ERROR] (EMI) [EMI] Recipe emi:create/potion_draining/minecraft/poison/from/minecraft/potion not present in recipe manager. Consider prefixing its path with '/' if it is synthetic.
[13:58:52] [Thread-11/ERROR] (EMI) [EMI] Recipe emi:create/potion_filling/minecraft/long_poison/from/minecraft/potion not present in recipe manager. Consider prefixing its path with '/' if it is synthetic.
[13:58:52] [Thread-11/ERROR] (EMI) [EMI] Recipe emi:create/potion_draining/minecraft/long_poison/from/minecraft/potion not present in recipe manager. Consider prefixing its path with '/' if it is synthetic.
[13:58:52] [Thread-11/ERROR] (EMI) [EMI] Recipe emi:create/potion_filling/minecraft/strong_poison/from/minecraft/potion not present in recipe manager. Consider prefixing its path with '/' if it is synthetic.
[13:58:52] [Thread-11/ERROR] (EMI) [EMI] Recipe emi:create/potion_draining/minecraft/strong_poison/from/minecraft/potion not present in recipe manager. Consider prefixing its path with '/' if it is synthetic.
[13:58:52] [Thread-11/ERROR] (EMI) [EMI] Recipe emi:create/potion_filling/minecraft/regeneration/from/minecraft/potion not present in recipe manager. Consider prefixing its path with '/' if it is synthetic.
[13:58:52] [Thread-11/ERROR] (EMI) [EMI] Recipe emi:create/potion_draining/minecraft/regeneration/from/minecraft/potion not present in recipe manager. Consider prefixing its path with '/' if it is synthetic.
[13:58:52] [Thread-11/ERROR] (EMI) [EMI] Recipe emi:create/potion_filling/minecraft/long_regeneration/from/minecraft/potion not present in recipe manager. Consider prefixing its path with '/' if it is synthetic.
[13:58:52] [Thread-11/ERROR] (EMI) [EMI] Recipe emi:create/potion_draining/minecraft/long_regeneration/from/minecraft/potion not present in recipe manager. Consider prefixing its path with '/' if it is synthetic.
[13:58:52] [Thread-11/ERROR] (EMI) [EMI] Recipe emi:create/potion_filling/minecraft/strong_regeneration/from/minecraft/potion not present in recipe manager. Consider prefixing its path with '/' if it is synthetic.
[13:58:52] [Thread-11/ERROR] (EMI) [EMI] Recipe emi:create/potion_draining/minecraft/strong_regeneration/from/minecraft/potion not present in recipe manager. Consider prefixing its path with '/' if it is synthetic.
[13:58:52] [Thread-11/ERROR] (EMI) [EMI] Recipe emi:create/potion_filling/minecraft/strength/from/minecraft/potion not present in recipe manager. Consider prefixing its path with '/' if it is synthetic.
[13:58:52] [Thread-11/ERROR] (EMI) [EMI] Recipe emi:create/potion_draining/minecraft/strength/from/minecraft/potion not present in recipe manager. Consider prefixing its path with '/' if it is synthetic.
[13:58:52] [Thread-11/ERROR] (EMI) [EMI] Recipe emi:create/potion_filling/minecraft/long_strength/from/minecraft/potion not present in recipe manager. Consider prefixing its path with '/' if it is synthetic.
[13:58:52] [Thread-11/ERROR] (EMI) [EMI] Recipe emi:create/potion_draining/minecraft/long_strength/from/minecraft/potion not present in recipe manager. Consider prefixing its path with '/' if it is synthetic.
[13:58:52] [Thread-11/ERROR] (EMI) [EMI] Recipe emi:create/potion_filling/minecraft/strong_strength/from/minecraft/potion not present in recipe manager. Consider prefixing its path with '/' if it is synthetic.
[13:58:52] [Thread-11/ERROR] (EMI) [EMI] Recipe emi:create/potion_draining/minecraft/strong_strength/from/minecraft/potion not present in recipe manager. Consider prefixing its path with '/' if it is synthetic.
[13:58:52] [Thread-11/ERROR] (EMI) [EMI] Recipe emi:create/potion_filling/minecraft/weakness/from/minecraft/potion not present in recipe manager. Consider prefixing its path with '/' if it is synthetic.
[13:58:52] [Thread-11/ERROR] (EMI) [EMI] Recipe emi:create/potion_draining/minecraft/weakness/from/minecraft/potion not present in recipe manager. Consider prefixing its path with '/' if it is synthetic.
[13:58:52] [Thread-11/ERROR] (EMI) [EMI] Recipe emi:create/potion_filling/minecraft/long_weakness/from/minecraft/potion not present in recipe manager. Consider prefixing its path with '/' if it is synthetic.
[13:58:52] [Thread-11/ERROR] (EMI) [EMI] Recipe emi:create/potion_draining/minecraft/long_weakness/from/minecraft/potion not present in recipe manager. Consider prefixing its path with '/' if it is synthetic.
[13:58:52] [Thread-11/ERROR] (EMI) [EMI] Recipe emi:create/potion_filling/minecraft/luck/from/minecraft/potion not present in recipe manager. Consider prefixing its path with '/' if it is synthetic.
[13:58:52] [Thread-11/ERROR] (EMI) [EMI] Recipe emi:create/potion_draining/minecraft/luck/from/minecraft/potion not present in recipe manager. Consider prefixing its path with '/' if it is synthetic.
[13:58:52] [Thread-11/ERROR] (EMI) [EMI] Recipe emi:create/potion_filling/minecraft/slow_falling/from/minecraft/potion not present in recipe manager. Consider prefixing its path with '/' if it is synthetic.
[13:58:52] [Thread-11/ERROR] (EMI) [EMI] Recipe emi:create/potion_draining/minecraft/slow_falling/from/minecraft/potion not present in recipe manager. Consider prefixing its path with '/' if it is synthetic.
[13:58:52] [Thread-11/ERROR] (EMI) [EMI] Recipe emi:create/potion_filling/minecraft/long_slow_falling/from/minecraft/potion not present in recipe manager. Consider prefixing its path with '/' if it is synthetic.
[13:58:52] [Thread-11/ERROR] (EMI) [EMI] Recipe emi:create/potion_draining/minecraft/long_slow_falling/from/minecraft/potion not present in recipe manager. Consider prefixing its path with '/' if it is synthetic.
[13:58:52] [Thread-11/ERROR] (EMI) [EMI] Recipe emi:create/potion_filling/minecraft/water/from/minecraft/splash_potion not present in recipe manager. Consider prefixing its path with '/' if it is synthetic.
[13:58:52] [Thread-11/ERROR] (EMI) [EMI] Recipe emi:create/potion_draining/minecraft/water/from/minecraft/splash_potion not present in recipe manager. Consider prefixing its path with '/' if it is synthetic.
[13:58:52] [Thread-11/ERROR] (EMI) [EMI] Recipe emi:create/potion_filling/minecraft/mundane/from/minecraft/splash_potion not present in recipe manager. Consider prefixing its path with '/' if it is synthetic.
[13:58:52] [Thread-11/ERROR] (EMI) [EMI] Recipe emi:create/potion_draining/minecraft/mundane/from/minecraft/splash_potion not present in recipe manager. Consider prefixing its path with '/' if it is synthetic.
[13:58:52] [Thread-11/ERROR] (EMI) [EMI] Recipe emi:create/potion_filling/minecraft/thick/from/minecraft/splash_potion not present in recipe manager. Consider prefixing its path with '/' if it is synthetic.
[13:58:52] [Thread-11/ERROR] (EMI) [EMI] Recipe emi:create/potion_draining/minecraft/thick/from/minecraft/splash_potion not present in recipe manager. Consider prefixing its path with '/' if it is synthetic.
[13:58:52] [Thread-11/ERROR] (EMI) [EMI] Recipe emi:create/potion_filling/minecraft/awkward/from/minecraft/splash_potion not present in recipe manager. Consider prefixing its path with '/' if it is synthetic.
[13:58:52] [Thread-11/ERROR] (EMI) [EMI] Recipe emi:create/potion_draining/minecraft/awkward/from/minecraft/splash_potion not present in recipe manager. Consider prefixing its path with '/' if it is synthetic.
[13:58:52] [Thread-11/ERROR] (EMI) [EMI] Recipe emi:create/potion_filling/minecraft/night_vision/from/minecraft/splash_potion not present in recipe manager. Consider prefixing its path with '/' if it is synthetic.
[13:58:52] [Thread-11/ERROR] (EMI) [EMI] Recipe emi:create/potion_draining/minecraft/night_vision/from/minecraft/splash_potion not present in recipe manager. Consider prefixing its path with '/' if it is synthetic.
[13:58:52] [Thread-11/ERROR] (EMI) [EMI] Recipe emi:create/potion_filling/minecraft/long_night_vision/from/minecraft/splash_potion not present in recipe manager. Consider prefixing its path with '/' if it is synthetic.
[13:58:52] [Thread-11/ERROR] (EMI) [EMI] Recipe emi:create/potion_draining/minecraft/long_night_vision/from/minecraft/splash_potion not present in recipe manager. Consider prefixing its path with '/' if it is synthetic.
[13:58:52] [Thread-11/ERROR] (EMI) [EMI] Recipe emi:create/potion_filling/minecraft/invisibility/from/minecraft/splash_potion not present in recipe manager. Consider prefixing its path with '/' if it is synthetic.
[13:58:52] [Thread-11/ERROR] (EMI) [EMI] Recipe emi:create/potion_draining/minecraft/invisibility/from/minecraft/splash_potion not present in recipe manager. Consider prefixing its path with '/' if it is synthetic.
[13:58:52] [Thread-11/ERROR] (EMI) [EMI] Recipe emi:create/potion_filling/minecraft/long_invisibility/from/minecraft/splash_potion not present in recipe manager. Consider prefixing its path with '/' if it is synthetic.
[13:58:52] [Thread-11/ERROR] (EMI) [EMI] Recipe emi:create/potion_draining/minecraft/long_invisibility/from/minecraft/splash_potion not present in recipe manager. Consider prefixing its path with '/' if it is synthetic.
[13:58:52] [Thread-11/ERROR] (EMI) [EMI] Recipe emi:create/potion_filling/minecraft/leaping/from/minecraft/splash_potion not present in recipe manager. Consider prefixing its path with '/' if it is synthetic.
[13:58:52] [Thread-11/ERROR] (EMI) [EMI] Recipe emi:create/potion_draining/minecraft/leaping/from/minecraft/splash_potion not present in recipe manager. Consider prefixing its path with '/' if it is synthetic.
[13:58:52] [Thread-11/ERROR] (EMI) [EMI] Recipe emi:create/potion_filling/minecraft/long_leaping/from/minecraft/splash_potion not present in recipe manager. Consider prefixing its path with '/' if it is synthetic.
[13:58:52] [Thread-11/ERROR] (EMI) [EMI] Recipe emi:create/potion_draining/minecraft/long_leaping/from/minecraft/splash_potion not present in recipe manager. Consider prefixing its path with '/' if it is synthetic.
[13:58:52] [Thread-11/ERROR] (EMI) [EMI] Recipe emi:create/potion_filling/minecraft/strong_leaping/from/minecraft/splash_potion not present in recipe manager. Consider prefixing its path with '/' if it is synthetic.
[13:58:52] [Thread-11/ERROR] (EMI) [EMI] Recipe emi:create/potion_draining/minecraft/strong_leaping/from/minecraft/splash_potion not present in recipe manager. Consider prefixing its path with '/' if it is synthetic.
[13:58:52] [Thread-11/ERROR] (EMI) [EMI] Recipe emi:create/potion_filling/minecraft/fire_resistance/from/minecraft/splash_potion not present in recipe manager. Consider prefixing its path with '/' if it is synthetic.
[13:58:52] [Thread-11/ERROR] (EMI) [EMI] Recipe emi:create/potion_draining/minecraft/fire_resistance/from/minecraft/splash_potion not present in recipe manager. Consider prefixing its path with '/' if it is synthetic.
[13:58:52] [Thread-11/ERROR] (EMI) [EMI] Recipe emi:create/potion_filling/minecraft/long_fire_resistance/from/minecraft/splash_potion not present in recipe manager. Consider prefixing its path with '/' if it is synthetic.
[13:58:52] [Thread-11/ERROR] (EMI) [EMI] Recipe emi:create/potion_draining/minecraft/long_fire_resistance/from/minecraft/splash_potion not present in recipe manager. Consider prefixing its path with '/' if it is synthetic.
[13:58:52] [Thread-11/ERROR] (EMI) [EMI] Recipe emi:create/potion_filling/minecraft/swiftness/from/minecraft/splash_potion not present in recipe manager. Consider prefixing its path with '/' if it is synthetic.
[13:58:52] [Thread-11/ERROR] (EMI) [EMI] Recipe emi:create/potion_draining/minecraft/swiftness/from/minecraft/splash_potion not present in recipe manager. Consider prefixing its path with '/' if it is synthetic.
[13:58:52] [Thread-11/ERROR] (EMI) [EMI] Recipe emi:create/potion_filling/minecraft/long_swiftness/from/minecraft/splash_potion not present in recipe manager. Consider prefixing its path with '/' if it is synthetic.
[13:58:52] [Thread-11/ERROR] (EMI) [EMI] Recipe emi:create/potion_draining/minecraft/long_swiftness/from/minecraft/splash_potion not present in recipe manager. Consider prefixing its path with '/' if it is synthetic.
[13:58:52] [Thread-11/ERROR] (EMI) [EMI] Recipe emi:create/potion_filling/minecraft/strong_swiftness/from/minecraft/splash_potion not present in recipe manager. Consider prefixing its path with '/' if it is synthetic.
[13:58:52] [Thread-11/ERROR] (EMI) [EMI] Recipe emi:create/potion_draining/minecraft/strong_swiftness/from/minecraft/splash_potion not present in recipe manager. Consider prefixing its path with '/' if it is synthetic.
[13:58:52] [Thread-11/ERROR] (EMI) [EMI] Recipe emi:create/potion_filling/minecraft/slowness/from/minecraft/splash_potion not present in recipe manager. Consider prefixing its path with '/' if it is synthetic.
[13:58:52] [Thread-11/ERROR] (EMI) [EMI] Recipe emi:create/potion_draining/minecraft/slowness/from/minecraft/splash_potion not present in recipe manager. Consider prefixing its path with '/' if it is synthetic.
[13:58:52] [Thread-11/ERROR] (EMI) [EMI] Recipe emi:create/potion_filling/minecraft/long_slowness/from/minecraft/splash_potion not present in recipe manager. Consider prefixing its path with '/' if it is synthetic.
[13:58:52] [Thread-11/ERROR] (EMI) [EMI] Recipe emi:create/potion_draining/minecraft/long_slowness/from/minecraft/splash_potion not present in recipe manager. Consider prefixing its path with '/' if it is synthetic.
[13:58:52] [Thread-11/ERROR] (EMI) [EMI] Recipe emi:create/potion_filling/minecraft/strong_slowness/from/minecraft/splash_potion not present in recipe manager. Consider prefixing its path with '/' if it is synthetic.
[13:58:52] [Thread-11/ERROR] (EMI) [EMI] Recipe emi:create/potion_draining/minecraft/strong_slowness/from/minecraft/splash_potion not present in recipe manager. Consider prefixing its path with '/' if it is synthetic.
[13:58:52] [Thread-11/ERROR] (EMI) [EMI] Recipe emi:create/potion_filling/minecraft/turtle_master/from/minecraft/splash_potion not present in recipe manager. Consider prefixing its path with '/' if it is synthetic.
[13:58:52] [Thread-11/ERROR] (EMI) [EMI] Recipe emi:create/potion_draining/minecraft/turtle_master/from/minecraft/splash_potion not present in recipe manager. Consider prefixing its path with '/' if it is synthetic.
[13:58:52] [Thread-11/ERROR] (EMI) [EMI] Recipe emi:create/potion_filling/minecraft/long_turtle_master/from/minecraft/splash_potion not present in recipe manager. Consider prefixing its path with '/' if it is synthetic.
[13:58:52] [Thread-11/ERROR] (EMI) [EMI] Recipe emi:create/potion_draining/minecraft/long_turtle_master/from/minecraft/splash_potion not present in recipe manager. Consider prefixing its path with '/' if it is synthetic.
[13:58:52] [Thread-11/ERROR] (EMI) [EMI] Recipe emi:create/potion_filling/minecraft/strong_turtle_master/from/minecraft/splash_potion not present in recipe manager. Consider prefixing its path with '/' if it is synthetic.
[13:58:52] [Thread-11/ERROR] (EMI) [EMI] Recipe emi:create/potion_draining/minecraft/strong_turtle_master/from/minecraft/splash_potion not present in recipe manager. Consider prefixing its path with '/' if it is synthetic.
[13:58:52] [Thread-11/ERROR] (EMI) [EMI] Recipe emi:create/potion_filling/minecraft/water_breathing/from/minecraft/splash_potion not present in recipe manager. Consider prefixing its path with '/' if it is synthetic.
[13:58:52] [Thread-11/ERROR] (EMI) [EMI] Recipe emi:create/potion_draining/minecraft/water_breathing/from/minecraft/splash_potion not present in recipe manager. Consider prefixing its path with '/' if it is synthetic.
[13:58:52] [Thread-11/ERROR] (EMI) [EMI] Recipe emi:create/potion_filling/minecraft/long_water_breathing/from/minecraft/splash_potion not present in recipe manager. Consider prefixing its path with '/' if it is synthetic.
[13:58:52] [Thread-11/ERROR] (EMI) [EMI] Recipe emi:create/potion_draining/minecraft/long_water_breathing/from/minecraft/splash_potion not present in recipe manager. Consider prefixing its path with '/' if it is synthetic.
[13:58:52] [Thread-11/ERROR] (EMI) [EMI] Recipe emi:create/potion_filling/minecraft/healing/from/minecraft/splash_potion not present in recipe manager. Consider prefixing its path with '/' if it is synthetic.
[13:58:52] [Thread-11/ERROR] (EMI) [EMI] Recipe emi:create/potion_draining/minecraft/healing/from/minecraft/splash_potion not present in recipe manager. Consider prefixing its path with '/' if it is synthetic.
[13:58:52] [Thread-11/ERROR] (EMI) [EMI] Recipe emi:create/potion_filling/minecraft/strong_healing/from/minecraft/splash_potion not present in recipe manager. Consider prefixing its path with '/' if it is synthetic.
[13:58:52] [Thread-11/ERROR] (EMI) [EMI] Recipe emi:create/potion_draining/minecraft/strong_healing/from/minecraft/splash_potion not present in recipe manager. Consider prefixing its path with '/' if it is synthetic.
[13:58:52] [Thread-11/ERROR] (EMI) [EMI] Recipe emi:create/potion_filling/minecraft/harming/from/minecraft/splash_potion not present in recipe manager. Consider prefixing its path with '/' if it is synthetic.
[13:58:52] [Thread-11/ERROR] (EMI) [EMI] Recipe emi:create/potion_draining/minecraft/harming/from/minecraft/splash_potion not present in recipe manager. Consider prefixing its path with '/' if it is synthetic.
[13:58:52] [Thread-11/ERROR] (EMI) [EMI] Recipe emi:create/potion_filling/minecraft/strong_harming/from/minecraft/splash_potion not present in recipe manager. Consider prefixing its path with '/' if it is synthetic.
[13:58:52] [Thread-11/ERROR] (EMI) [EMI] Recipe emi:create/potion_draining/minecraft/strong_harming/from/minecraft/splash_potion not present in recipe manager. Consider prefixing its path with '/' if it is synthetic.
[13:58:52] [Thread-11/ERROR] (EMI) [EMI] Recipe emi:create/potion_filling/minecraft/poison/from/minecraft/splash_potion not present in recipe manager. Consider prefixing its path with '/' if it is synthetic.
[13:58:52] [Thread-11/ERROR] (EMI) [EMI] Recipe emi:create/potion_draining/minecraft/poison/from/minecraft/splash_potion not present in recipe manager. Consider prefixing its path with '/' if it is synthetic.
[13:58:52] [Thread-11/ERROR] (EMI) [EMI] Recipe emi:create/potion_filling/minecraft/long_poison/from/minecraft/splash_potion not present in recipe manager. Consider prefixing its path with '/' if it is synthetic.
[13:58:52] [Thread-11/ERROR] (EMI) [EMI] Recipe emi:create/potion_draining/minecraft/long_poison/from/minecraft/splash_potion not present in recipe manager. Consider prefixing its path with '/' if it is synthetic.
[13:58:52] [Thread-11/ERROR] (EMI) [EMI] Recipe emi:create/potion_filling/minecraft/strong_poison/from/minecraft/splash_potion not present in recipe manager. Consider prefixing its path with '/' if it is synthetic.
[13:58:52] [Thread-11/ERROR] (EMI) [EMI] Recipe emi:create/potion_draining/minecraft/strong_poison/from/minecraft/splash_potion not present in recipe manager. Consider prefixing its path with '/' if it is synthetic.
[13:58:52] [Thread-11/ERROR] (EMI) [EMI] Recipe emi:create/potion_filling/minecraft/regeneration/from/minecraft/splash_potion not present in recipe manager. Consider prefixing its path with '/' if it is synthetic.
[13:58:52] [Thread-11/ERROR] (EMI) [EMI] Recipe emi:create/potion_draining/minecraft/regeneration/from/minecraft/splash_potion not present in recipe manager. Consider prefixing its path with '/' if it is synthetic.
[13:58:52] [Thread-11/ERROR] (EMI) [EMI] Recipe emi:create/potion_filling/minecraft/long_regeneration/from/minecraft/splash_potion not present in recipe manager. Consider prefixing its path with '/' if it is synthetic.
[13:58:52] [Thread-11/ERROR] (EMI) [EMI] Recipe emi:create/potion_draining/minecraft/long_regeneration/from/minecraft/splash_potion not present in recipe manager. Consider prefixing its path with '/' if it is synthetic.
[13:58:52] [Thread-11/ERROR] (EMI) [EMI] Recipe emi:create/potion_filling/minecraft/strong_regeneration/from/minecraft/splash_potion not present in recipe manager. Consider prefixing its path with '/' if it is synthetic.
[13:58:52] [Thread-11/ERROR] (EMI) [EMI] Recipe emi:create/potion_draining/minecraft/strong_regeneration/from/minecraft/splash_potion not present in recipe manager. Consider prefixing its path with '/' if it is synthetic.
[13:58:52] [Thread-11/ERROR] (EMI) [EMI] Recipe emi:create/potion_filling/minecraft/strength/from/minecraft/splash_potion not present in recipe manager. Consider prefixing its path with '/' if it is synthetic.
[13:58:52] [Thread-11/ERROR] (EMI) [EMI] Recipe emi:create/potion_draining/minecraft/strength/from/minecraft/splash_potion not present in recipe manager. Consider prefixing its path with '/' if it is synthetic.
[13:58:52] [Thread-11/ERROR] (EMI) [EMI] Recipe emi:create/potion_filling/minecraft/long_strength/from/minecraft/splash_potion not present in recipe manager. Consider prefixing its path with '/' if it is synthetic.
[13:58:52] [Thread-11/ERROR] (EMI) [EMI] Recipe emi:create/potion_draining/minecraft/long_strength/from/minecraft/splash_potion not present in recipe manager. Consider prefixing its path with '/' if it is synthetic.
[13:58:52] [Thread-11/ERROR] (EMI) [EMI] Recipe emi:create/potion_filling/minecraft/strong_strength/from/minecraft/splash_potion not present in recipe manager. Consider prefixing its path with '/' if it is synthetic.
[13:58:52] [Thread-11/ERROR] (EMI) [EMI] Recipe emi:create/potion_draining/minecraft/strong_strength/from/minecraft/splash_potion not present in recipe manager. Consider prefixing its path with '/' if it is synthetic.
[13:58:52] [Thread-11/ERROR] (EMI) [EMI] Recipe emi:create/potion_filling/minecraft/weakness/from/minecraft/splash_potion not present in recipe manager. Consider prefixing its path with '/' if it is synthetic.
[13:58:52] [Thread-11/ERROR] (EMI) [EMI] Recipe emi:create/potion_draining/minecraft/weakness/from/minecraft/splash_potion not present in recipe manager. Consider prefixing its path with '/' if it is synthetic.
[13:58:52] [Thread-11/ERROR] (EMI) [EMI] Recipe emi:create/potion_filling/minecraft/long_weakness/from/minecraft/splash_potion not present in recipe manager. Consider prefixing its path with '/' if it is synthetic.
[13:58:52] [Thread-11/ERROR] (EMI) [EMI] Recipe emi:create/potion_draining/minecraft/long_weakness/from/minecraft/splash_potion not present in recipe manager. Consider prefixing its path with '/' if it is synthetic.
[13:58:52] [Thread-11/ERROR] (EMI) [EMI] Recipe emi:create/potion_filling/minecraft/luck/from/minecraft/splash_potion not present in recipe manager. Consider prefixing its path with '/' if it is synthetic.
[13:58:52] [Thread-11/ERROR] (EMI) [EMI] Recipe emi:create/potion_draining/minecraft/luck/from/minecraft/splash_potion not present in recipe manager. Consider prefixing its path with '/' if it is synthetic.
[13:58:52] [Thread-11/ERROR] (EMI) [EMI] Recipe emi:create/potion_filling/minecraft/slow_falling/from/minecraft/splash_potion not present in recipe manager. Consider prefixing its path with '/' if it is synthetic.
[13:58:52] [Thread-11/ERROR] (EMI) [EMI] Recipe emi:create/potion_draining/minecraft/slow_falling/from/minecraft/splash_potion not present in recipe manager. Consider prefixing its path with '/' if it is synthetic.
[13:58:52] [Thread-11/ERROR] (EMI) [EMI] Recipe emi:create/potion_filling/minecraft/long_slow_falling/from/minecraft/splash_potion not present in recipe manager. Consider prefixing its path with '/' if it is synthetic.
[13:58:52] [Thread-11/ERROR] (EMI) [EMI] Recipe emi:create/potion_draining/minecraft/long_slow_falling/from/minecraft/splash_potion not present in recipe manager. Consider prefixing its path with '/' if it is synthetic.
[13:58:52] [Thread-11/ERROR] (EMI) [EMI] Recipe emi:create/potion_filling/minecraft/water/from/minecraft/lingering_potion not present in recipe manager. Consider prefixing its path with '/' if it is synthetic.
[13:58:52] [Thread-11/ERROR] (EMI) [EMI] Recipe emi:create/potion_draining/minecraft/water/from/minecraft/lingering_potion not present in recipe manager. Consider prefixing its path with '/' if it is synthetic.
[13:58:52] [Thread-11/ERROR] (EMI) [EMI] Recipe emi:create/potion_filling/minecraft/mundane/from/minecraft/lingering_potion not present in recipe manager. Consider prefixing its path with '/' if it is synthetic.
[13:58:52] [Thread-11/ERROR] (EMI) [EMI] Recipe emi:create/potion_draining/minecraft/mundane/from/minecraft/lingering_potion not present in recipe manager. Consider prefixing its path with '/' if it is synthetic.
[13:58:52] [Thread-11/ERROR] (EMI) [EMI] Recipe emi:create/potion_filling/minecraft/thick/from/minecraft/lingering_potion not present in recipe manager. Consider prefixing its path with '/' if it is synthetic.
[13:58:52] [Thread-11/ERROR] (EMI) [EMI] Recipe emi:create/potion_draining/minecraft/thick/from/minecraft/lingering_potion not present in recipe manager. Consider prefixing its path with '/' if it is synthetic.
[13:58:52] [Thread-11/ERROR] (EMI) [EMI] Recipe emi:create/potion_filling/minecraft/awkward/from/minecraft/lingering_potion not present in recipe manager. Consider prefixing its path with '/' if it is synthetic.
[13:58:52] [Thread-11/ERROR] (EMI) [EMI] Recipe emi:create/potion_draining/minecraft/awkward/from/minecraft/lingering_potion not present in recipe manager. Consider prefixing its path with '/' if it is synthetic.
[13:58:52] [Thread-11/ERROR] (EMI) [EMI] Recipe emi:create/potion_filling/minecraft/night_vision/from/minecraft/lingering_potion not present in recipe manager. Consider prefixing its path with '/' if it is synthetic.
[13:58:52] [Thread-11/ERROR] (EMI) [EMI] Recipe emi:create/potion_draining/minecraft/night_vision/from/minecraft/lingering_potion not present in recipe manager. Consider prefixing its path with '/' if it is synthetic.
[13:58:52] [Thread-11/ERROR] (EMI) [EMI] Recipe emi:create/potion_filling/minecraft/long_night_vision/from/minecraft/lingering_potion not present in recipe manager. Consider prefixing its path with '/' if it is synthetic.
[13:58:52] [Thread-11/ERROR] (EMI) [EMI] Recipe emi:create/potion_draining/minecraft/long_night_vision/from/minecraft/lingering_potion not present in recipe manager. Consider prefixing its path with '/' if it is synthetic.
[13:58:52] [Thread-11/ERROR] (EMI) [EMI] Recipe emi:create/potion_filling/minecraft/invisibility/from/minecraft/lingering_potion not present in recipe manager. Consider prefixing its path with '/' if it is synthetic.
[13:58:52] [Thread-11/ERROR] (EMI) [EMI] Recipe emi:create/potion_draining/minecraft/invisibility/from/minecraft/lingering_potion not present in recipe manager. Consider prefixing its path with '/' if it is synthetic.
[13:58:52] [Thread-11/ERROR] (EMI) [EMI] Recipe emi:create/potion_filling/minecraft/long_invisibility/from/minecraft/lingering_potion not present in recipe manager. Consider prefixing its path with '/' if it is synthetic.
[13:58:52] [Thread-11/ERROR] (EMI) [EMI] Recipe emi:create/potion_draining/minecraft/long_invisibility/from/minecraft/lingering_potion not present in recipe manager. Consider prefixing its path with '/' if it is synthetic.
[13:58:52] [Thread-11/ERROR] (EMI) [EMI] Recipe emi:create/potion_filling/minecraft/leaping/from/minecraft/lingering_potion not present in recipe manager. Consider prefixing its path with '/' if it is synthetic.
[13:58:52] [Thread-11/ERROR] (EMI) [EMI] Recipe emi:create/potion_draining/minecraft/leaping/from/minecraft/lingering_potion not present in recipe manager. Consider prefixing its path with '/' if it is synthetic.
[13:58:52] [Thread-11/ERROR] (EMI) [EMI] Recipe emi:create/potion_filling/minecraft/long_leaping/from/minecraft/lingering_potion not present in recipe manager. Consider prefixing its path with '/' if it is synthetic.
[13:58:52] [Thread-11/ERROR] (EMI) [EMI] Recipe emi:create/potion_draining/minecraft/long_leaping/from/minecraft/lingering_potion not present in recipe manager. Consider prefixing its path with '/' if it is synthetic.
[13:58:52] [Thread-11/ERROR] (EMI) [EMI] Recipe emi:create/potion_filling/minecraft/strong_leaping/from/minecraft/lingering_potion not present in recipe manager. Consider prefixing its path with '/' if it is synthetic.
[13:58:52] [Thread-11/ERROR] (EMI) [EMI] Recipe emi:create/potion_draining/minecraft/strong_leaping/from/minecraft/lingering_potion not present in recipe manager. Consider prefixing its path with '/' if it is synthetic.
[13:58:52] [Thread-11/ERROR] (EMI) [EMI] Recipe emi:create/potion_filling/minecraft/fire_resistance/from/minecraft/lingering_potion not present in recipe manager. Consider prefixing its path with '/' if it is synthetic.
[13:58:52] [Thread-11/ERROR] (EMI) [EMI] Recipe emi:create/potion_draining/minecraft/fire_resistance/from/minecraft/lingering_potion not present in recipe manager. Consider prefixing its path with '/' if it is synthetic.
[13:58:52] [Thread-11/ERROR] (EMI) [EMI] Recipe emi:create/potion_filling/minecraft/long_fire_resistance/from/minecraft/lingering_potion not present in recipe manager. Consider prefixing its path with '/' if it is synthetic.
[13:58:52] [Thread-11/ERROR] (EMI) [EMI] Recipe emi:create/potion_draining/minecraft/long_fire_resistance/from/minecraft/lingering_potion not present in recipe manager. Consider prefixing its path with '/' if it is synthetic.
[13:58:52] [Thread-11/ERROR] (EMI) [EMI] Recipe emi:create/potion_filling/minecraft/swiftness/from/minecraft/lingering_potion not present in recipe manager. Consider prefixing its path with '/' if it is synthetic.
[13:58:52] [Thread-11/ERROR] (EMI) [EMI] Recipe emi:create/potion_draining/minecraft/swiftness/from/minecraft/lingering_potion not present in recipe manager. Consider prefixing its path with '/' if it is synthetic.
[13:58:52] [Thread-11/ERROR] (EMI) [EMI] Recipe emi:create/potion_filling/minecraft/long_swiftness/from/minecraft/lingering_potion not present in recipe manager. Consider prefixing its path with '/' if it is synthetic.
[13:58:52] [Thread-11/ERROR] (EMI) [EMI] Recipe emi:create/potion_draining/minecraft/long_swiftness/from/minecraft/lingering_potion not present in recipe manager. Consider prefixing its path with '/' if it is synthetic.
[13:58:52] [Thread-11/ERROR] (EMI) [EMI] Recipe emi:create/potion_filling/minecraft/strong_swiftness/from/minecraft/lingering_potion not present in recipe manager. Consider prefixing its path with '/' if it is synthetic.
[13:58:52] [Thread-11/ERROR] (EMI) [EMI] Recipe emi:create/potion_draining/minecraft/strong_swiftness/from/minecraft/lingering_potion not present in recipe manager. Consider prefixing its path with '/' if it is synthetic.
[13:58:52] [Thread-11/ERROR] (EMI) [EMI] Recipe emi:create/potion_filling/minecraft/slowness/from/minecraft/lingering_potion not present in recipe manager. Consider prefixing its path with '/' if it is synthetic.
[13:58:52] [Thread-11/ERROR] (EMI) [EMI] Recipe emi:create/potion_draining/minecraft/slowness/from/minecraft/lingering_potion not present in recipe manager. Consider prefixing its path with '/' if it is synthetic.
[13:58:52] [Thread-11/ERROR] (EMI) [EMI] Recipe emi:create/potion_filling/minecraft/long_slowness/from/minecraft/lingering_potion not present in recipe manager. Consider prefixing its path with '/' if it is synthetic.
[13:58:52] [Thread-11/ERROR] (EMI) [EMI] Recipe emi:create/potion_draining/minecraft/long_slowness/from/minecraft/lingering_potion not present in recipe manager. Consider prefixing its path with '/' if it is synthetic.
[13:58:52] [Thread-11/ERROR] (EMI) [EMI] Recipe emi:create/potion_filling/minecraft/strong_slowness/from/minecraft/lingering_potion not present in recipe manager. Consider prefixing its path with '/' if it is synthetic.
[13:58:52] [Thread-11/ERROR] (EMI) [EMI] Recipe emi:create/potion_draining/minecraft/strong_slowness/from/minecraft/lingering_potion not present in recipe manager. Consider prefixing its path with '/' if it is synthetic.
[13:58:52] [Thread-11/ERROR] (EMI) [EMI] Recipe emi:create/potion_filling/minecraft/turtle_master/from/minecraft/lingering_potion not present in recipe manager. Consider prefixing its path with '/' if it is synthetic.
[13:58:52] [Thread-11/ERROR] (EMI) [EMI] Recipe emi:create/potion_draining/minecraft/turtle_master/from/minecraft/lingering_potion not present in recipe manager. Consider prefixing its path with '/' if it is synthetic.
[13:58:52] [Thread-11/ERROR] (EMI) [EMI] Recipe emi:create/potion_filling/minecraft/long_turtle_master/from/minecraft/lingering_potion not present in recipe manager. Consider prefixing its path with '/' if it is synthetic.
[13:58:52] [Thread-11/ERROR] (EMI) [EMI] Recipe emi:create/potion_draining/minecraft/long_turtle_master/from/minecraft/lingering_potion not present in recipe manager. Consider prefixing its path with '/' if it is synthetic.
[13:58:52] [Thread-11/ERROR] (EMI) [EMI] Recipe emi:create/potion_filling/minecraft/strong_turtle_master/from/minecraft/lingering_potion not present in recipe manager. Consider prefixing its path with '/' if it is synthetic.
[13:58:52] [Thread-11/ERROR] (EMI) [EMI] Recipe emi:create/potion_draining/minecraft/strong_turtle_master/from/minecraft/lingering_potion not present in recipe manager. Consider prefixing its path with '/' if it is synthetic.
[13:58:52] [Thread-11/ERROR] (EMI) [EMI] Recipe emi:create/potion_filling/minecraft/water_breathing/from/minecraft/lingering_potion not present in recipe manager. Consider prefixing its path with '/' if it is synthetic.
[13:58:52] [Thread-11/ERROR] (EMI) [EMI] Recipe emi:create/potion_draining/minecraft/water_breathing/from/minecraft/lingering_potion not present in recipe manager. Consider prefixing its path with '/' if it is synthetic.
[13:58:52] [Thread-11/ERROR] (EMI) [EMI] Recipe emi:create/potion_filling/minecraft/long_water_breathing/from/minecraft/lingering_potion not present in recipe manager. Consider prefixing its path with '/' if it is synthetic.
[13:58:52] [Thread-11/ERROR] (EMI) [EMI] Recipe emi:create/potion_draining/minecraft/long_water_breathing/from/minecraft/lingering_potion not present in recipe manager. Consider prefixing its path with '/' if it is synthetic.
[13:58:52] [Thread-11/ERROR] (EMI) [EMI] Recipe emi:create/potion_filling/minecraft/healing/from/minecraft/lingering_potion not present in recipe manager. Consider prefixing its path with '/' if it is synthetic.
[13:58:52] [Thread-11/ERROR] (EMI) [EMI] Recipe emi:create/potion_draining/minecraft/healing/from/minecraft/lingering_potion not present in recipe manager. Consider prefixing its path with '/' if it is synthetic.
[13:58:52] [Thread-11/ERROR] (EMI) [EMI] Recipe emi:create/potion_filling/minecraft/strong_healing/from/minecraft/lingering_potion not present in recipe manager. Consider prefixing its path with '/' if it is synthetic.
[13:58:52] [Thread-11/ERROR] (EMI) [EMI] Recipe emi:create/potion_draining/minecraft/strong_healing/from/minecraft/lingering_potion not present in recipe manager. Consider prefixing its path with '/' if it is synthetic.
[13:58:52] [Thread-11/ERROR] (EMI) [EMI] Recipe emi:create/potion_filling/minecraft/harming/from/minecraft/lingering_potion not present in recipe manager. Consider prefixing its path with '/' if it is synthetic.
[13:58:52] [Thread-11/ERROR] (EMI) [EMI] Recipe emi:create/potion_draining/minecraft/harming/from/minecraft/lingering_potion not present in recipe manager. Consider prefixing its path with '/' if it is synthetic.
[13:58:52] [Thread-11/ERROR] (EMI) [EMI] Recipe emi:create/potion_filling/minecraft/strong_harming/from/minecraft/lingering_potion not present in recipe manager. Consider prefixing its path with '/' if it is synthetic.
[13:58:52] [Thread-11/ERROR] (EMI) [EMI] Recipe emi:create/potion_draining/minecraft/strong_harming/from/minecraft/lingering_potion not present in recipe manager. Consider prefixing its path with '/' if it is synthetic.
[13:58:52] [Thread-11/ERROR] (EMI) [EMI] Recipe emi:create/potion_filling/minecraft/poison/from/minecraft/lingering_potion not present in recipe manager. Consider prefixing its path with '/' if it is synthetic.
[13:58:52] [Thread-11/ERROR] (EMI) [EMI] Recipe emi:create/potion_draining/minecraft/poison/from/minecraft/lingering_potion not present in recipe manager. Consider prefixing its path with '/' if it is synthetic.
[13:58:52] [Thread-11/ERROR] (EMI) [EMI] Recipe emi:create/potion_filling/minecraft/long_poison/from/minecraft/lingering_potion not present in recipe manager. Consider prefixing its path with '/' if it is synthetic.
[13:58:52] [Thread-11/ERROR] (EMI) [EMI] Recipe emi:create/potion_draining/minecraft/long_poison/from/minecraft/lingering_potion not present in recipe manager. Consider prefixing its path with '/' if it is synthetic.
[13:58:52] [Thread-11/ERROR] (EMI) [EMI] Recipe emi:create/potion_filling/minecraft/strong_poison/from/minecraft/lingering_potion not present in recipe manager. Consider prefixing its path with '/' if it is synthetic.
[13:58:52] [Thread-11/ERROR] (EMI) [EMI] Recipe emi:create/potion_draining/minecraft/strong_poison/from/minecraft/lingering_potion not present in recipe manager. Consider prefixing its path with '/' if it is synthetic.
[13:58:52] [Thread-11/ERROR] (EMI) [EMI] Recipe emi:create/potion_filling/minecraft/regeneration/from/minecraft/lingering_potion not present in recipe manager. Consider prefixing its path with '/' if it is synthetic.
[13:58:52] [Thread-11/ERROR] (EMI) [EMI] Recipe emi:create/potion_draining/minecraft/regeneration/from/minecraft/lingering_potion not present in recipe manager. Consider prefixing its path with '/' if it is synthetic.
[13:58:52] [Thread-11/ERROR] (EMI) [EMI] Recipe emi:create/potion_filling/minecraft/long_regeneration/from/minecraft/lingering_potion not present in recipe manager. Consider prefixing its path with '/' if it is synthetic.
[13:58:52] [Thread-11/ERROR] (EMI) [EMI] Recipe emi:create/potion_draining/minecraft/long_regeneration/from/minecraft/lingering_potion not present in recipe manager. Consider prefixing its path with '/' if it is synthetic.
[13:58:52] [Thread-11/ERROR] (EMI) [EMI] Recipe emi:create/potion_filling/minecraft/strong_regeneration/from/minecraft/lingering_potion not present in recipe manager. Consider prefixing its path with '/' if it is synthetic.
[13:58:52] [Thread-11/ERROR] (EMI) [EMI] Recipe emi:create/potion_draining/minecraft/strong_regeneration/from/minecraft/lingering_potion not present in recipe manager. Consider prefixing its path with '/' if it is synthetic.
[13:58:52] [Thread-11/ERROR] (EMI) [EMI] Recipe emi:create/potion_filling/minecraft/strength/from/minecraft/lingering_potion not present in recipe manager. Consider prefixing its path with '/' if it is synthetic.
[13:58:52] [Thread-11/ERROR] (EMI) [EMI] Recipe emi:create/potion_draining/minecraft/strength/from/minecraft/lingering_potion not present in recipe manager. Consider prefixing its path with '/' if it is synthetic.
[13:58:52] [Thread-11/ERROR] (EMI) [EMI] Recipe emi:create/potion_filling/minecraft/long_strength/from/minecraft/lingering_potion not present in recipe manager. Consider prefixing its path with '/' if it is synthetic.
[13:58:52] [Thread-11/ERROR] (EMI) [EMI] Recipe emi:create/potion_draining/minecraft/long_strength/from/minecraft/lingering_potion not present in recipe manager. Consider prefixing its path with '/' if it is synthetic.
[13:58:52] [Thread-11/ERROR] (EMI) [EMI] Recipe emi:create/potion_filling/minecraft/strong_strength/from/minecraft/lingering_potion not present in recipe manager. Consider prefixing its path with '/' if it is synthetic.
[13:58:52] [Thread-11/ERROR] (EMI) [EMI] Recipe emi:create/potion_draining/minecraft/strong_strength/from/minecraft/lingering_potion not present in recipe manager. Consider prefixing its path with '/' if it is synthetic.
[13:58:52] [Thread-11/ERROR] (EMI) [EMI] Recipe emi:create/potion_filling/minecraft/weakness/from/minecraft/lingering_potion not present in recipe manager. Consider prefixing its path with '/' if it is synthetic.
[13:58:52] [Thread-11/ERROR] (EMI) [EMI] Recipe emi:create/potion_draining/minecraft/weakness/from/minecraft/lingering_potion not present in recipe manager. Consider prefixing its path with '/' if it is synthetic.
[13:58:52] [Thread-11/ERROR] (EMI) [EMI] Recipe emi:create/potion_filling/minecraft/long_weakness/from/minecraft/lingering_potion not present in recipe manager. Consider prefixing its path with '/' if it is synthetic.
[13:58:52] [Thread-11/ERROR] (EMI) [EMI] Recipe emi:create/potion_draining/minecraft/long_weakness/from/minecraft/lingering_potion not present in recipe manager. Consider prefixing its path with '/' if it is synthetic.
[13:58:52] [Thread-11/ERROR] (EMI) [EMI] Recipe emi:create/potion_filling/minecraft/luck/from/minecraft/lingering_potion not present in recipe manager. Consider prefixing its path with '/' if it is synthetic.
[13:58:52] [Thread-11/ERROR] (EMI) [EMI] Recipe emi:create/potion_draining/minecraft/luck/from/minecraft/lingering_potion not present in recipe manager. Consider prefixing its path with '/' if it is synthetic.
[13:58:52] [Thread-11/ERROR] (EMI) [EMI] Recipe emi:create/potion_filling/minecraft/slow_falling/from/minecraft/lingering_potion not present in recipe manager. Consider prefixing its path with '/' if it is synthetic.
[13:58:52] [Thread-11/ERROR] (EMI) [EMI] Recipe emi:create/potion_draining/minecraft/slow_falling/from/minecraft/lingering_potion not present in recipe manager. Consider prefixing its path with '/' if it is synthetic.
[13:58:52] [Thread-11/ERROR] (EMI) [EMI] Recipe emi:create/potion_filling/minecraft/long_slow_falling/from/minecraft/lingering_potion not present in recipe manager. Consider prefixing its path with '/' if it is synthetic.
[13:58:52] [Thread-11/ERROR] (EMI) [EMI] Recipe emi:create/potion_draining/minecraft/long_slow_falling/from/minecraft/lingering_potion not present in recipe manager. Consider prefixing its path with '/' if it is synthetic.
[13:58:52] [Thread-11/ERROR] (EMI) [EMI] Recipe emi:create/filling/minecraft/glass_bottle/with/create/honey not present in recipe manager. Consider prefixing its path with '/' if it is synthetic.
[13:58:52] [Thread-11/ERROR] (EMI) [EMI] Recipe emi:create/draining/create/builders_tea/from/create/tea not present in recipe manager. Consider prefixing its path with '/' if it is synthetic.
[13:58:52] [Thread-11/ERROR] (EMI) [EMI] Recipe emi:create/draining/create/honey_bucket/from/create/honey not present in recipe manager. Consider prefixing its path with '/' if it is synthetic.
[13:58:52] [Thread-11/ERROR] (EMI) [EMI] Recipe emi:create/draining/create/chocolate_bucket/from/create/chocolate not present in recipe manager. Consider prefixing its path with '/' if it is synthetic.
[13:58:52] [Thread-11/ERROR] (EMI) [EMI] Recipe emi:create/draining/smorestuff/marshmallow_bucket/from/smorestuff/marshmallow_still not present in recipe manager. Consider prefixing its path with '/' if it is synthetic.
[13:58:52] [Thread-11/INFO] (EMI) [EMI] Baked 5502 recipes in 265ms
[13:58:52] [Thread-11/INFO] (EMI) [EMI] Baking search
[13:58:52] [Thread-13/ERROR] (EMI) [EMI] Recipe emi:create/toolboxes/create/brown_toolbox/minecraft/white_dye not present in recipe manager. Consider prefixing its path with '/' if it is synthetic.
[13:58:52] [Thread-13/ERROR] (EMI) [EMI] Recipe emi:create/toolboxes/create/brown_toolbox/minecraft/orange_dye not present in recipe manager. Consider prefixing its path with '/' if it is synthetic.
[13:58:52] [Thread-13/ERROR] (EMI) [EMI] Recipe emi:create/toolboxes/create/brown_toolbox/minecraft/magenta_dye not present in recipe manager. Consider prefixing its path with '/' if it is synthetic.
[13:58:52] [Thread-13/ERROR] (EMI) [EMI] Recipe emi:create/toolboxes/create/brown_toolbox/minecraft/light_blue_dye not present in recipe manager. Consider prefixing its path with '/' if it is synthetic.
[13:58:52] [Thread-13/ERROR] (EMI) [EMI] Recipe emi:create/toolboxes/create/brown_toolbox/minecraft/yellow_dye not present in recipe manager. Consider prefixing its path with '/' if it is synthetic.
[13:58:52] [Thread-13/ERROR] (EMI) [EMI] Recipe emi:create/toolboxes/create/brown_toolbox/minecraft/lime_dye not present in recipe manager. Consider prefixing its path with '/' if it is synthetic.
[13:58:52] [Thread-13/ERROR] (EMI) [EMI] Recipe emi:create/toolboxes/create/brown_toolbox/minecraft/pink_dye not present in recipe manager. Consider prefixing its path with '/' if it is synthetic.
[13:58:52] [Thread-13/ERROR] (EMI) [EMI] Recipe emi:create/toolboxes/create/brown_toolbox/minecraft/gray_dye not present in recipe manager. Consider prefixing its path with '/' if it is synthetic.
[13:58:52] [Thread-13/ERROR] (EMI) [EMI] Recipe emi:create/toolboxes/create/brown_toolbox/minecraft/light_gray_dye not present in recipe manager. Consider prefixing its path with '/' if it is synthetic.
[13:58:52] [Thread-13/ERROR] (EMI) [EMI] Recipe emi:create/toolboxes/create/brown_toolbox/minecraft/cyan_dye not present in recipe manager. Consider prefixing its path with '/' if it is synthetic.
[13:58:52] [Thread-13/ERROR] (EMI) [EMI] Recipe emi:create/toolboxes/create/brown_toolbox/minecraft/purple_dye not present in recipe manager. Consider prefixing its path with '/' if it is synthetic.
[13:58:52] [Thread-13/ERROR] (EMI) [EMI] Recipe emi:create/toolboxes/create/brown_toolbox/minecraft/blue_dye not present in recipe manager. Consider prefixing its path with '/' if it is synthetic.
[13:58:52] [Thread-13/ERROR] (EMI) [EMI] Recipe emi:create/toolboxes/create/brown_toolbox/minecraft/green_dye not present in recipe manager. Consider prefixing its path with '/' if it is synthetic.
[13:58:52] [Thread-13/ERROR] (EMI) [EMI] Recipe emi:create/toolboxes/create/brown_toolbox/minecraft/red_dye not present in recipe manager. Consider prefixing its path with '/' if it is synthetic.
[13:58:52] [Thread-13/ERROR] (EMI) [EMI] Recipe emi:create/toolboxes/create/brown_toolbox/minecraft/black_dye not present in recipe manager. Consider prefixing its path with '/' if it is synthetic.
[13:58:52] [Thread-13/ERROR] (EMI) [EMI] Recipe emi:create/crushing/create/crushing/crimsite_recycling not present in recipe manager. Consider prefixing its path with '/' if it is synthetic.
[13:58:52] [Thread-13/ERROR] (EMI) [EMI] Recipe emi:create/crushing/create/crushing/redstone_ore not present in recipe manager. Consider prefixing its path with '/' if it is synthetic.
[13:58:52] [Thread-13/ERROR] (EMI) [EMI] Recipe emi:create/crushing/create/crushing/glowstone not present in recipe manager. Consider prefixing its path with '/' if it is synthetic.
[13:58:52] [Thread-13/ERROR] (EMI) [EMI] Recipe emi:create/crushing/create/crushing/deepslate_redstone_ore not present in recipe manager. Consider prefixing its path with '/' if it is synthetic.
[13:58:52] [Thread-13/ERROR] (EMI) [EMI] Recipe emi:create/crushing/create/crushing/ochrum_recycling not present in recipe manager. Consider prefixing its path with '/' if it is synthetic.
[13:58:52] [Thread-13/ERROR] (EMI) [EMI] Recipe emi:create/crushing/create/crushing/deepslate_lapis_ore not present in recipe manager. Consider prefixing its path with '/' if it is synthetic.
[13:58:52] [Thread-13/ERROR] (EMI) [EMI] Recipe emi:create/crushing/create/crushing/veridium_recycling not present in recipe manager. Consider prefixing its path with '/' if it is synthetic.
[13:58:52] [Thread-13/ERROR] (EMI) [EMI] Recipe emi:create/crushing/create/crushing/diamond_horse_armor not present in recipe manager. Consider prefixing its path with '/' if it is synthetic.
[13:58:52] [Thread-13/ERROR] (EMI) [EMI] Recipe emi:create/crushing/create/crushing/nether_gold_ore not present in recipe manager. Consider prefixing its path with '/' if it is synthetic.
[13:58:52] [Thread-13/ERROR] (EMI) [EMI] Recipe emi:create/crushing/create/crushing/deepslate_iron_ore not present in recipe manager. Consider prefixing its path with '/' if it is synthetic.
[13:58:52] [Thread-13/ERROR] (EMI) [EMI] Recipe emi:create/crushing/create/crushing/deepslate_copper_ore not present in recipe manager. Consider prefixing its path with '/' if it is synthetic.
[13:58:52] [Thread-13/ERROR] (EMI) [EMI] Recipe emi:create/crushing/create/crushing/blaze_rod not present in recipe manager. Consider prefixing its path with '/' if it is synthetic.
[13:58:52] [Thread-13/ERROR] (EMI) [EMI] Recipe emi:create/crushing/create/crushing/raw_iron not present in recipe manager. Consider prefixing its path with '/' if it is synthetic.
[13:58:52] [Thread-13/ERROR] (EMI) [EMI] Recipe emi:create/crushing/create/crushing/emerald_ore not present in recipe manager. Consider prefixing its path with '/' if it is synthetic.
[13:58:52] [Thread-13/ERROR] (EMI) [EMI] Recipe emi:create/crushing/create/crushing/leather_horse_armor not present in recipe manager. Consider prefixing its path with '/' if it is synthetic.
[13:58:52] [Thread-13/ERROR] (EMI) [EMI] Recipe emi:create/crushing/create/crushing/nether_quartz_ore not present in recipe manager. Consider prefixing its path with '/' if it is synthetic.
[13:58:52] [Thread-13/ERROR] (EMI) [EMI] Recipe emi:create/crushing/create/crushing/amethyst_block not present in recipe manager. Consider prefixing its path with '/' if it is synthetic.
[13:58:52] [Thread-13/ERROR] (EMI) [EMI] Recipe emi:create/crushing/create/crushing/diamond_ore not present in recipe manager. Consider prefixing its path with '/' if it is synthetic.
[13:58:52] [Thread-13/ERROR] (EMI) [EMI] Recipe emi:create/crushing/create/crushing/diorite_recycling not present in recipe manager. Consider prefixing its path with '/' if it is synthetic.
[13:58:52] [Thread-13/ERROR] (EMI) [EMI] Recipe emi:create/crushing/create/crushing/raw_copper_block not present in recipe manager. Consider prefixing its path with '/' if it is synthetic.
[13:58:52] [Thread-13/ERROR] (EMI) [EMI] Recipe emi:create/crushing/create/crushing/ochrum not present in recipe manager. Consider prefixing its path with '/' if it is synthetic.
[13:58:52] [Thread-13/ERROR] (EMI) [EMI] Recipe emi:create/crushing/create/crushing/tuff_recycling not present in recipe manager. Consider prefixing its path with '/' if it is synthetic.
[13:58:52] [Thread-13/ERROR] (EMI) [EMI] Recipe emi:create/crushing/create/crushing/crimsite not present in recipe manager. Consider prefixing its path with '/' if it is synthetic.
[13:58:52] [Thread-13/ERROR] (EMI) [EMI] Recipe emi:create/crushing/create/crushing/raw_gold not present in recipe manager. Consider prefixing its path with '/' if it is synthetic.
[13:58:52] [Thread-13/ERROR] (EMI) [EMI] Recipe emi:create/crushing/create/crushing/lapis_ore not present in recipe manager. Consider prefixing its path with '/' if it is synthetic.
[13:58:52] [Thread-13/ERROR] (EMI) [EMI] Recipe emi:create/crushing/create/crushing/veridium not present in recipe manager. Consider prefixing its path with '/' if it is synthetic.
[13:58:52] [Thread-13/ERROR] (EMI) [EMI] Recipe emi:create/crushing/create/crushing/deepslate_diamond_ore not present in recipe manager. Consider prefixing its path with '/' if it is synthetic.
[13:58:52] [Thread-13/ERROR] (EMI) [EMI] Recipe emi:create/crushing/create/crushing/asurine not present in recipe manager. Consider prefixing its path with '/' if it is synthetic.
[13:58:52] [Thread-13/ERROR] (EMI) [EMI] Recipe emi:create/crushing/create/crushing/wool not present in recipe manager. Consider prefixing its path with '/' if it is synthetic.
[13:58:52] [Thread-13/ERROR] (EMI) [EMI] Recipe emi:create/crushing/create/crushing/copper_ore not present in recipe manager. Consider prefixing its path with '/' if it is synthetic.
[13:58:52] [Thread-13/ERROR] (EMI) [EMI] Recipe emi:create/crushing/create/crushing/deepslate_zinc_ore not present in recipe manager. Consider prefixing its path with '/' if it is synthetic.
[13:58:52] [Thread-13/ERROR] (EMI) [EMI] Recipe emi:create/crushing/create/crushing/diorite not present in recipe manager. Consider prefixing its path with '/' if it is synthetic.
[13:58:52] [Thread-13/ERROR] (EMI) [EMI] Recipe emi:create/crushing/create/crushing/deepslate_gold_ore not present in recipe manager. Consider prefixing its path with '/' if it is synthetic.
[13:58:52] [Thread-13/ERROR] (EMI) [EMI] Recipe emi:create/crushing/create/crushing/netherrack not present in recipe manager. Consider prefixing its path with '/' if it is synthetic.
[13:58:52] [Thread-13/ERROR] (EMI) [EMI] Recipe emi:create/crushing/create/crushing/raw_zinc_block not present in recipe manager. Consider prefixing its path with '/' if it is synthetic.
[13:58:52] [Thread-13/ERROR] (EMI) [EMI] Recipe emi:create/crushing/create/crushing/coal_ore not present in recipe manager. Consider prefixing its path with '/' if it is synthetic.
[13:58:52] [Thread-13/ERROR] (EMI) [EMI] Recipe emi:create/crushing/create/crushing/iron_horse_armor not present in recipe manager. Consider prefixing its path with '/' if it is synthetic.
[13:58:52] [Thread-13/ERROR] (EMI) [EMI] Recipe emi:create/crushing/create/crushing/obsidian not present in recipe manager. Consider prefixing its path with '/' if it is synthetic.
[13:58:52] [Thread-13/ERROR] (EMI) [EMI] Recipe emi:create/crushing/create/crushing/deepslate_emerald_ore not present in recipe manager. Consider prefixing its path with '/' if it is synthetic.
[13:58:52] [Thread-13/ERROR] (EMI) [EMI] Recipe emi:create/crushing/create/crushing/iron_ore not present in recipe manager. Consider prefixing its path with '/' if it is synthetic.
[13:58:52] [Thread-13/ERROR] (EMI) [EMI] Recipe emi:create/crushing/create/crushing/raw_gold_block not present in recipe manager. Consider prefixing its path with '/' if it is synthetic.
[13:58:52] [Thread-13/ERROR] (EMI) [EMI] Recipe emi:create/crushing/create/crushing/raw_copper not present in recipe manager. Consider prefixing its path with '/' if it is synthetic.
[13:58:52] [Thread-13/ERROR] (EMI) [EMI] Recipe emi:create/crushing/create/crushing/tuff not present in recipe manager. Consider prefixing its path with '/' if it is synthetic.
[13:58:52] [Thread-13/ERROR] (EMI) [EMI] Recipe emi:create/crushing/create/crushing/gold_ore not present in recipe manager. Consider prefixing its path with '/' if it is synthetic.
[13:58:52] [Thread-13/ERROR] (EMI) [EMI] Recipe emi:create/crushing/create/crushing/gravel not present in recipe manager. Consider prefixing its path with '/' if it is synthetic.
[13:58:52] [Thread-13/ERROR] (EMI) [EMI] Recipe emi:create/crushing/create/crushing/amethyst_cluster not present in recipe manager. Consider prefixing its path with '/' if it is synthetic.
[13:58:52] [Thread-13/ERROR] (EMI) [EMI] Recipe emi:create/crushing/create/crushing/golden_horse_armor not present in recipe manager. Consider prefixing its path with '/' if it is synthetic.
[13:58:52] [Thread-13/ERROR] (EMI) [EMI] Recipe emi:create/crushing/create/crushing/raw_iron_block not present in recipe manager. Consider prefixing its path with '/' if it is synthetic.
[13:58:52] [Thread-13/ERROR] (EMI) [EMI] Recipe emi:create/crushing/create/crushing/nether_wart_block not present in recipe manager. Consider prefixing its path with '/' if it is synthetic.
[13:58:52] [Thread-13/ERROR] (EMI) [EMI] Recipe emi:create/crushing/create/crushing/raw_zinc not present in recipe manager. Consider prefixing its path with '/' if it is synthetic.
[13:58:52] [Thread-13/ERROR] (EMI) [EMI] Recipe emi:create/crushing/create/crushing/zinc_ore not present in recipe manager. Consider prefixing its path with '/' if it is synthetic.
[13:58:52] [Thread-13/ERROR] (EMI) [EMI] Recipe emi:create/crushing/create/crushing/deepslate_coal_ore not present in recipe manager. Consider prefixing its path with '/' if it is synthetic.
[13:58:52] [Thread-13/ERROR] (EMI) [EMI] Recipe emi:create/crushing/create/crushing/prismarine_crystals not present in recipe manager. Consider prefixing its path with '/' if it is synthetic.
[13:58:52] [Thread-13/ERROR] (EMI) [EMI] Recipe emi:create/crushing/create/crushing/asurine_recycling not present in recipe manager. Consider prefixing its path with '/' if it is synthetic.
[13:58:52] [Thread-13/ERROR] (EMI) [EMI] Recipe emi:create/crushing/create/milling/grass not present in recipe manager. Consider prefixing its path with '/' if it is synthetic.
[13:58:52] [Thread-13/ERROR] (EMI) [EMI] Recipe emi:create/crushing/create/milling/fern not present in recipe manager. Consider prefixing its path with '/' if it is synthetic.
[13:58:52] [Thread-13/ERROR] (EMI) [EMI] Recipe emi:create/crushing/create/milling/pink_tulip not present in recipe manager. Consider prefixing its path with '/' if it is synthetic.
[13:58:52] [Thread-13/ERROR] (EMI) [EMI] Recipe emi:create/crushing/create/milling/andesite not present in recipe manager. Consider prefixing its path with '/' if it is synthetic.
[13:58:52] [Thread-13/ERROR] (EMI) [EMI] Recipe emi:create/crushing/create/milling/sandstone not present in recipe manager. Consider prefixing its path with '/' if it is synthetic.
[13:58:52] [Thread-13/ERROR] (EMI) [EMI] Recipe emi:create/crushing/create/milling/charcoal not present in recipe manager. Consider prefixing its path with '/' if it is synthetic.
[13:58:52] [Thread-13/ERROR] (EMI) [EMI] Recipe emi:create/crushing/create/milling/peony not present in recipe manager. Consider prefixing its path with '/' if it is synthetic.
[13:58:52] [Thread-13/ERROR] (EMI) [EMI] Recipe emi:create/crushing/create/milling/sunflower not present in recipe manager. Consider prefixing its path with '/' if it is synthetic.
[13:58:52] [Thread-13/ERROR] (EMI) [EMI] Recipe emi:create/crushing/create/milling/sugar_cane not present in recipe manager. Consider prefixing its path with '/' if it is synthetic.
[13:58:52] [Thread-13/ERROR] (EMI) [EMI] Recipe emi:create/crushing/create/milling/blue_orchid not present in recipe manager. Consider prefixing its path with '/' if it is synthetic.
[13:58:52] [Thread-13/ERROR] (EMI) [EMI] Recipe emi:create/crushing/create/milling/cornflower not present in recipe manager. Consider prefixing its path with '/' if it is synthetic.
[13:58:52] [Thread-13/ERROR] (EMI) [EMI] Recipe emi:create/crushing/create/milling/cactus not present in recipe manager. Consider prefixing its path with '/' if it is synthetic.
[13:58:52] [Thread-13/ERROR] (EMI) [EMI] Recipe emi:create/crushing/create/milling/allium not present in recipe manager. Consider prefixing its path with '/' if it is synthetic.
[13:58:52] [Thread-13/ERROR] (EMI) [EMI] Recipe emi:create/crushing/create/milling/white_tulip not present in recipe manager. Consider prefixing its path with '/' if it is synthetic.
[13:58:52] [Thread-13/ERROR] (EMI) [EMI] Recipe emi:create/crushing/create/milling/lilac not present in recipe manager. Consider prefixing its path with '/' if it is synthetic.
[13:58:52] [Thread-13/ERROR] (EMI) [EMI] Recipe emi:create/crushing/create/milling/bone not present in recipe manager. Consider prefixing its path with '/' if it is synthetic.
[13:58:52] [Thread-13/ERROR] (EMI) [EMI] Recipe emi:create/crushing/create/milling/cocoa_beans not present in recipe manager. Consider prefixing its path with '/' if it is synthetic.
[13:58:52] [Thread-13/ERROR] (EMI) [EMI] Recipe emi:create/crushing/create/milling/red_tulip not present in recipe manager. Consider prefixing its path with '/' if it is synthetic.
[13:58:52] [Thread-13/ERROR] (EMI) [EMI] Recipe emi:create/crushing/create/milling/dandelion not present in recipe manager. Consider prefixing its path with '/' if it is synthetic.
[13:58:52] [Thread-13/ERROR] (EMI) [EMI] Recipe emi:create/crushing/create/milling/lily_of_the_valley not present in recipe manager. Consider prefixing its path with '/' if it is synthetic.
[13:58:52] [Thread-13/ERROR] (EMI) [EMI] Recipe emi:create/crushing/create/milling/azure_bluet not present in recipe manager. Consider prefixing its path with '/' if it is synthetic.
[13:58:52] [Thread-13/ERROR] (EMI) [EMI] Recipe emi:create/crushing/create/milling/clay not present in recipe manager. Consider prefixing its path with '/' if it is synthetic.
[13:58:52] [Thread-13/ERROR] (EMI) [EMI] Recipe emi:create/crushing/create/milling/saddle not present in recipe manager. Consider prefixing its path with '/' if it is synthetic.
[13:58:52] [Thread-13/ERROR] (EMI) [EMI] Recipe emi:create/crushing/create/milling/granite not present in recipe manager. Consider prefixing its path with '/' if it is synthetic.
[13:58:52] [Thread-13/ERROR] (EMI) [EMI] Recipe emi:create/crushing/create/milling/rose_bush not present in recipe manager. Consider prefixing its path with '/' if it is synthetic.
[13:58:52] [Thread-13/ERROR] (EMI) [EMI] Recipe emi:create/crushing/create/milling/poppy not present in recipe manager. Consider prefixing its path with '/' if it is synthetic.
[13:58:52] [Thread-13/ERROR] (EMI) [EMI] Recipe emi:create/crushing/create/milling/lapis_lazuli not present in recipe manager. Consider prefixing its path with '/' if it is synthetic.
[13:58:52] [Thread-13/ERROR] (EMI) [EMI] Recipe emi:create/crushing/create/milling/wither_rose not present in recipe manager. Consider prefixing its path with '/' if it is synthetic.
[13:58:52] [Thread-13/ERROR] (EMI) [EMI] Recipe emi:create/crushing/create/milling/bone_meal not present in recipe manager. Consider prefixing its path with '/' if it is synthetic.
[13:58:52] [Thread-13/ERROR] (EMI) [EMI] Recipe emi:create/crushing/create/milling/cobblestone not present in recipe manager. Consider prefixing its path with '/' if it is synthetic.
[13:58:52] [Thread-13/ERROR] (EMI) [EMI] Recipe emi:create/crushing/create/milling/ink_sac not present in recipe manager. Consider prefixing its path with '/' if it is synthetic.
[13:58:52] [Thread-13/ERROR] (EMI) [EMI] Recipe emi:create/crushing/create/milling/coal not present in recipe manager. Consider prefixing its path with '/' if it is synthetic.
[13:58:52] [Thread-13/ERROR] (EMI) [EMI] Recipe emi:create/crushing/create/milling/large_fern not present in recipe manager. Consider prefixing its path with '/' if it is synthetic.
[13:58:52] [Thread-13/ERROR] (EMI) [EMI] Recipe emi:create/crushing/create/milling/tall_grass not present in recipe manager. Consider prefixing its path with '/' if it is synthetic.
[13:58:52] [Thread-13/ERROR] (EMI) [EMI] Recipe emi:create/crushing/create/milling/wheat not present in recipe manager. Consider prefixing its path with '/' if it is synthetic.
[13:58:52] [Thread-13/ERROR] (EMI) [EMI] Recipe emi:create/crushing/create/milling/sea_pickle not present in recipe manager. Consider prefixing its path with '/' if it is synthetic.
[13:58:52] [Thread-13/ERROR] (EMI) [EMI] Recipe emi:create/crushing/create/milling/dripstone_block not present in recipe manager. Consider prefixing its path with '/' if it is synthetic.
[13:58:52] [Thread-13/ERROR] (EMI) [EMI] Recipe emi:create/crushing/create/milling/calcite not present in recipe manager. Consider prefixing its path with '/' if it is synthetic.
[13:58:52] [Thread-13/ERROR] (EMI) [EMI] Recipe emi:create/crushing/create/milling/beetroot not present in recipe manager. Consider prefixing its path with '/' if it is synthetic.
[13:58:52] [Thread-13/ERROR] (EMI) [EMI] Recipe emi:create/crushing/create/milling/orange_tulip not present in recipe manager. Consider prefixing its path with '/' if it is synthetic.
[13:58:52] [Thread-13/ERROR] (EMI) [EMI] Recipe emi:create/crushing/create/milling/oxeye_daisy not present in recipe manager. Consider prefixing its path with '/' if it is synthetic.
[13:58:52] [Thread-13/ERROR] (EMI) [EMI] Recipe emi:create/crushing/create/milling/terracotta not present in recipe manager. Consider prefixing its path with '/' if it is synthetic.
[13:58:52] [Thread-13/ERROR] (EMI) [EMI] Recipe emi:create/fan_smoking/minecraft/cooked_chicken_from_smoking not present in recipe manager. Consider prefixing its path with '/' if it is synthetic.
[13:58:52] [Thread-13/ERROR] (EMI) [EMI] Recipe emi:create/fan_smoking/smorestuff/cracker_smoking not present in recipe manager. Consider prefixing its path with '/' if it is synthetic.
[13:58:52] [Thread-13/ERROR] (EMI) [EMI] Recipe emi:create/fan_smoking/minecraft/cooked_salmon_from_smoking not present in recipe manager. Consider prefixing its path with '/' if it is synthetic.
[13:58:52] [Thread-13/ERROR] (EMI) [EMI] Recipe emi:create/fan_smoking/create/smoking/bread not present in recipe manager. Consider prefixing its path with '/' if it is synthetic.
[13:58:52] [Thread-13/ERROR] (EMI) [EMI] Recipe emi:create/fan_smoking/minecraft/dried_kelp_from_smoking not present in recipe manager. Consider prefixing its path with '/' if it is synthetic.
[13:58:52] [Thread-13/ERROR] (EMI) [EMI] Recipe emi:create/fan_smoking/minecraft/cooked_beef_from_smoking not present in recipe manager. Consider prefixing its path with '/' if it is synthetic.
[13:58:52] [Thread-13/ERROR] (EMI) [EMI] Recipe emi:create/fan_smoking/minecraft/cooked_rabbit_from_smoking not present in recipe manager. Consider prefixing its path with '/' if it is synthetic.
[13:58:52] [Thread-13/ERROR] (EMI) [EMI] Recipe emi:create/fan_smoking/minecraft/baked_potato_from_smoking not present in recipe manager. Consider prefixing its path with '/' if it is synthetic.
[13:58:52] [Thread-13/ERROR] (EMI) [EMI] Recipe emi:create/fan_smoking/minecraft/cooked_porkchop_from_smoking not present in recipe manager. Consider prefixing its path with '/' if it is synthetic.
[13:58:52] [Thread-13/ERROR] (EMI) [EMI] Recipe emi:create/fan_smoking/smorestuff/traditional_smore_smoking not present in recipe manager. Consider prefixing its path with '/' if it is synthetic.
[13:58:52] [Thread-13/ERROR] (EMI) [EMI] Recipe emi:create/fan_smoking/minecraft/cooked_cod_from_smoking not present in recipe manager. Consider prefixing its path with '/' if it is synthetic.
[13:58:52] [Thread-13/ERROR] (EMI) [EMI] Recipe emi:create/fan_smoking/minecraft/cooked_mutton_from_smoking not present in recipe manager. Consider prefixing its path with '/' if it is synthetic.
[13:58:52] [Thread-13/ERROR] (EMI) [EMI] Recipe emi:create/fan_blasting/minecraft/nether_brick not present in recipe manager. Consider prefixing its path with '/' if it is synthetic.
[13:58:52] [Thread-13/ERROR] (EMI) [EMI] Recipe emi:create/fan_blasting/minecraft/stone not present in recipe manager. Consider prefixing its path with '/' if it is synthetic.
[13:58:52] [Thread-13/ERROR] (EMI) [EMI] Recipe emi:create/fan_blasting/minecraft/light_gray_glazed_terracotta not present in recipe manager. Consider prefixing its path with '/' if it is synthetic.
[13:58:52] [Thread-13/ERROR] (EMI) [EMI] Recipe emi:create/fan_blasting/minecraft/charcoal not present in recipe manager. Consider prefixing its path with '/' if it is synthetic.
[13:58:52] [Thread-13/ERROR] (EMI) [EMI] Recipe emi:create/fan_blasting/minecraft/smooth_quartz not present in recipe manager. Consider prefixing its path with '/' if it is synthetic.
[13:58:52] [Thread-13/ERROR] (EMI) [EMI] Recipe emi:create/fan_blasting/minecraft/smooth_sandstone not present in recipe manager. Consider prefixing its path with '/' if it is synthetic.
[13:58:52] [Thread-13/ERROR] (EMI) [EMI] Recipe emi:create/fan_blasting/minecraft/cracked_deepslate_bricks not present in recipe manager. Consider prefixing its path with '/' if it is synthetic.
[13:58:52] [Thread-13/ERROR] (EMI) [EMI] Recipe emi:create/fan_blasting/minecraft/black_glazed_terracotta not present in recipe manager. Consider prefixing its path with '/' if it is synthetic.
[13:58:52] [Thread-13/ERROR] (EMI) [EMI] Recipe emi:create/fan_blasting/create/smelting/glass_pane_from_framed_glass_pane not present in recipe manager. Consider prefixing its path with '/' if it is synthetic.
[13:58:52] [Thread-13/ERROR] (EMI) [EMI] Recipe emi:create/fan_blasting/minecraft/magenta_glazed_terracotta not present in recipe manager. Consider prefixing its path with '/' if it is synthetic.
[13:58:52] [Thread-13/ERROR] (EMI) [EMI] Recipe emi:create/fan_blasting/minecraft/light_blue_glazed_terracotta not present in recipe manager. Consider prefixing its path with '/' if it is synthetic.
[13:58:52] [Thread-13/ERROR] (EMI) [EMI] Recipe emi:create/fan_blasting/minecraft/sponge not present in recipe manager. Consider prefixing its path with '/' if it is synthetic.
[13:58:52] [Thread-13/ERROR] (EMI) [EMI] Recipe emi:create/fan_blasting/create/smelting/glass_pane_from_vertical_framed_glass_pane not present in recipe manager. Consider prefixing its path with '/' if it is synthetic.
[13:58:52] [Thread-13/ERROR] (EMI) [EMI] Recipe emi:create/fan_blasting/minecraft/purple_glazed_terracotta not present in recipe manager. Consider prefixing its path with '/' if it is synthetic.
[13:58:52] [Thread-13/ERROR] (EMI) [EMI] Recipe emi:create/fan_blasting/create/smelting/glass_from_tiled_glass not present in recipe manager. Consider prefixing its path with '/' if it is synthetic.
[13:58:52] [Thread-13/ERROR] (EMI) [EMI] Recipe emi:create/fan_blasting/minecraft/cracked_deepslate_tiles not present in recipe manager. Consider prefixing its path with '/' if it is synthetic.
[13:58:52] [Thread-13/ERROR] (EMI) [EMI] Recipe emi:create/fan_blasting/minecraft/green_dye not present in recipe manager. Consider prefixing its path with '/' if it is synthetic.
[13:58:52] [Thread-13/ERROR] (EMI) [EMI] Recipe emi:create/fan_blasting/create/smelting/glass_from_vertical_framed_glass not present in recipe manager. Consider prefixing its path with '/' if it is synthetic.
[13:58:52] [Thread-13/ERROR] (EMI) [EMI] Recipe emi:create/fan_blasting/minecraft/pink_glazed_terracotta not present in recipe manager. Consider prefixing its path with '/' if it is synthetic.
[13:58:52] [Thread-13/ERROR] (EMI) [EMI] Recipe emi:create/fan_blasting/minecraft/cracked_stone_bricks not present in recipe manager. Consider prefixing its path with '/' if it is synthetic.
[13:58:52] [Thread-13/ERROR] (EMI) [EMI] Recipe emi:create/fan_blasting/create/smelting/glass_pane_from_tiled_glass_pane not present in recipe manager. Consider prefixing its path with '/' if it is synthetic.
[13:58:52] [Thread-13/ERROR] (EMI) [EMI] Recipe emi:create/fan_blasting/create/smelting/glass_from_horizontal_framed_glass not present in recipe manager. Consider prefixing its path with '/' if it is synthetic.
[13:58:52] [Thread-13/ERROR] (EMI) [EMI] Recipe emi:create/fan_blasting/minecraft/brown_glazed_terracotta not present in recipe manager. Consider prefixing its path with '/' if it is synthetic.
[13:58:52] [Thread-13/ERROR] (EMI) [EMI] Recipe emi:create/fan_blasting/create/smelting/glass_pane_from_horizontal_framed_glass_pane not present in recipe manager. Consider prefixing its path with '/' if it is synthetic.
[13:58:52] [Thread-13/ERROR] (EMI) [EMI] Recipe emi:create/fan_blasting/minecraft/smooth_stone not present in recipe manager. Consider prefixing its path with '/' if it is synthetic.
[13:58:52] [Thread-13/ERROR] (EMI) [EMI] Recipe emi:create/fan_blasting/minecraft/smooth_basalt not present in recipe manager. Consider prefixing its path with '/' if it is synthetic.
[13:58:52] [Thread-13/ERROR] (EMI) [EMI] Recipe emi:create/fan_blasting/minecraft/glass not present in recipe manager. Consider prefixing its path with '/' if it is synthetic.
[13:58:52] [Thread-13/ERROR] (EMI) [EMI] Recipe emi:create/fan_blasting/minecraft/red_glazed_terracotta not present in recipe manager. Consider prefixing its path with '/' if it is synthetic.
[13:58:52] [Thread-13/ERROR] (EMI) [EMI] Recipe emi:create/fan_blasting/minecraft/white_glazed_terracotta not present in recipe manager. Consider prefixing its path with '/' if it is synthetic.
[13:58:52] [Thread-13/ERROR] (EMI) [EMI] Recipe emi:create/fan_blasting/minecraft/terracotta not present in recipe manager. Consider prefixing its path with '/' if it is synthetic.
[13:58:52] [Thread-13/ERROR] (EMI) [EMI] Recipe emi:create/fan_blasting/minecraft/yellow_glazed_terracotta not present in recipe manager. Consider prefixing its path with '/' if it is synthetic.
[13:58:52] [Thread-13/ERROR] (EMI) [EMI] Recipe emi:create/fan_blasting/minecraft/cyan_glazed_terracotta not present in recipe manager. Consider prefixing its path with '/' if it is synthetic.
[13:58:52] [Thread-13/ERROR] (EMI) [EMI] Recipe emi:create/fan_blasting/minecraft/green_glazed_terracotta not present in recipe manager. Consider prefixing its path with '/' if it is synthetic.
[13:58:52] [Thread-13/ERROR] (EMI) [EMI] Recipe emi:create/fan_blasting/minecraft/orange_glazed_terracotta not present in recipe manager. Consider prefixing its path with '/' if it is synthetic.
[13:58:52] [Thread-13/ERROR] (EMI) [EMI] Recipe emi:create/fan_blasting/minecraft/gray_glazed_terracotta not present in recipe manager. Consider prefixing its path with '/' if it is synthetic.
[13:58:52] [Thread-13/ERROR] (EMI) [EMI] Recipe emi:create/fan_blasting/minecraft/lime_glazed_terracotta not present in recipe manager. Consider prefixing its path with '/' if it is synthetic.
[13:58:52] [Thread-13/ERROR] (EMI) [EMI] Recipe emi:create/fan_blasting/minecraft/brick not present in recipe manager. Consider prefixing its path with '/' if it is synthetic.
[13:58:52] [Thread-13/ERROR] (EMI) [EMI] Recipe emi:create/fan_blasting/minecraft/smooth_red_sandstone not present in recipe manager. Consider prefixing its path with '/' if it is synthetic.
[13:58:52] [Thread-13/ERROR] (EMI) [EMI] Recipe emi:create/fan_blasting/minecraft/cracked_polished_blackstone_bricks not present in recipe manager. Consider prefixing its path with '/' if it is synthetic.
[13:58:52] [Thread-13/ERROR] (EMI) [EMI] Recipe emi:create/fan_blasting/minecraft/lime_dye_from_smelting not present in recipe manager. Consider prefixing its path with '/' if it is synthetic.
[13:58:52] [Thread-13/ERROR] (EMI) [EMI] Recipe emi:create/fan_blasting/minecraft/popped_chorus_fruit not present in recipe manager. Consider prefixing its path with '/' if it is synthetic.
[13:58:52] [Thread-13/ERROR] (EMI) [EMI] Recipe emi:create/fan_blasting/minecraft/cracked_nether_bricks not present in recipe manager. Consider prefixing its path with '/' if it is synthetic.
[13:58:52] [Thread-13/ERROR] (EMI) [EMI] Recipe emi:create/fan_blasting/create/smelting/scoria not present in recipe manager. Consider prefixing its path with '/' if it is synthetic.
[13:58:52] [Thread-13/ERROR] (EMI) [EMI] Recipe emi:create/fan_blasting/create/smelting/glass_from_framed_glass not present in recipe manager. Consider prefixing its path with '/' if it is synthetic.
[13:58:52] [Thread-13/ERROR] (EMI) [EMI] Recipe emi:create/fan_blasting/minecraft/blue_glazed_terracotta not present in recipe manager. Consider prefixing its path with '/' if it is synthetic.
[13:58:52] [Thread-13/ERROR] (EMI) [EMI] Recipe emi:create/fan_blasting/minecraft/deepslate not present in recipe manager. Consider prefixing its path with '/' if it is synthetic.
[13:58:52] [Thread-13/ERROR] (EMI) [EMI] Recipe emi:create/fan_blasting/minecraft/copper_ingot_from_blasting_deepslate_copper_ore not present in recipe manager. Consider prefixing its path with '/' if it is synthetic.
[13:58:52] [Thread-13/ERROR] (EMI) [EMI] Recipe emi:create/fan_blasting/minecraft/redstone_from_blasting_deepslate_redstone_ore not present in recipe manager. Consider prefixing its path with '/' if it is synthetic.
[13:58:52] [Thread-13/ERROR] (EMI) [EMI] Recipe emi:create/fan_blasting/minecraft/iron_ingot_from_blasting_raw_iron not present in recipe manager. Consider prefixing its path with '/' if it is synthetic.
[13:58:52] [Thread-13/ERROR] (EMI) [EMI] Recipe emi:create/fan_blasting/create/blasting/zinc_ingot_from_ore not present in recipe manager. Consider prefixing its path with '/' if it is synthetic.
[13:58:52] [Thread-13/ERROR] (EMI) [EMI] Recipe emi:create/fan_blasting/minecraft/emerald_from_blasting_deepslate_emerald_ore not present in recipe manager. Consider prefixing its path with '/' if it is synthetic.
[13:58:52] [Thread-13/ERROR] (EMI) [EMI] Recipe emi:create/fan_blasting/minecraft/netherite_scrap_from_blasting not present in recipe manager. Consider prefixing its path with '/' if it is synthetic.
[13:58:52] [Thread-13/ERROR] (EMI) [EMI] Recipe emi:create/fan_blasting/create/blasting/copper_ingot_from_crushed not present in recipe manager. Consider prefixing its path with '/' if it is synthetic.
[13:58:52] [Thread-13/ERROR] (EMI) [EMI] Recipe emi:create/fan_blasting/minecraft/gold_ingot_from_blasting_raw_gold not present in recipe manager. Consider prefixing its path with '/' if it is synthetic.
[13:58:52] [Thread-13/ERROR] (EMI) [EMI] Recipe emi:create/fan_blasting/minecraft/iron_nugget_from_blasting not present in recipe manager. Consider prefixing its path with '/' if it is synthetic.
[13:58:52] [Thread-13/ERROR] (EMI) [EMI] Recipe emi:create/fan_blasting/create/blasting/zinc_ingot_from_raw_ore not present in recipe manager. Consider prefixing its path with '/' if it is synthetic.
[13:58:52] [Thread-13/ERROR] (EMI) [EMI] Recipe emi:create/fan_blasting/minecraft/gold_ingot_from_blasting_nether_gold_ore not present in recipe manager. Consider prefixing its path with '/' if it is synthetic.
[13:58:52] [Thread-13/ERROR] (EMI) [EMI] Recipe emi:create/fan_blasting/minecraft/lapis_lazuli_from_blasting_lapis_ore not present in recipe manager. Consider prefixing its path with '/' if it is synthetic.
[13:58:52] [Thread-13/ERROR] (EMI) [EMI] Recipe emi:create/fan_blasting/minecraft/gold_ingot_from_blasting_gold_ore not present in recipe manager. Consider prefixing its path with '/' if it is synthetic.
[13:58:52] [Thread-13/ERROR] (EMI) [EMI] Recipe emi:create/fan_blasting/create/blasting/zinc_ingot_from_crushed not present in recipe manager. Consider prefixing its path with '/' if it is synthetic.
[13:58:52] [Thread-13/ERROR] (EMI) [EMI] Recipe emi:create/fan_blasting/minecraft/iron_ingot_from_blasting_deepslate_iron_ore not present in recipe manager. Consider prefixing its path with '/' if it is synthetic.
[13:58:52] [Thread-13/ERROR] (EMI) [EMI] Recipe emi:create/fan_blasting/minecraft/coal_from_blasting_coal_ore not present in recipe manager. Consider prefixing its path with '/' if it is synthetic.
[13:58:52] [Thread-13/ERROR] (EMI) [EMI] Recipe emi:create/fan_blasting/minecraft/iron_ingot_from_blasting_iron_ore not present in recipe manager. Consider prefixing its path with '/' if it is synthetic.
[13:58:52] [Thread-13/ERROR] (EMI) [EMI] Recipe emi:create/fan_blasting/minecraft/diamond_from_blasting_deepslate_diamond_ore not present in recipe manager. Consider prefixing its path with '/' if it is synthetic.
[13:58:52] [Thread-13/ERROR] (EMI) [EMI] Recipe emi:create/fan_blasting/minecraft/quartz_from_blasting not present in recipe manager. Consider prefixing its path with '/' if it is synthetic.
[13:58:52] [Thread-13/ERROR] (EMI) [EMI] Recipe emi:create/fan_blasting/minecraft/redstone_from_blasting_redstone_ore not present in recipe manager. Consider prefixing its path with '/' if it is synthetic.
[13:58:52] [Thread-13/ERROR] (EMI) [EMI] Recipe emi:create/fan_blasting/minecraft/lapis_lazuli_from_blasting_deepslate_lapis_ore not present in recipe manager. Consider prefixing its path with '/' if it is synthetic.
[13:58:52] [Thread-13/ERROR] (EMI) [EMI] Recipe emi:create/fan_blasting/minecraft/diamond_from_blasting_diamond_ore not present in recipe manager. Consider prefixing its path with '/' if it is synthetic.
[13:58:52] [Thread-13/ERROR] (EMI) [EMI] Recipe emi:create/fan_blasting/minecraft/emerald_from_blasting_emerald_ore not present in recipe manager. Consider prefixing its path with '/' if it is synthetic.
[13:58:52] [Thread-13/ERROR] (EMI) [EMI] Recipe emi:create/fan_blasting/create/blasting/iron_ingot_from_crushed not present in recipe manager. Consider prefixing its path with '/' if it is synthetic.
[13:58:52] [Thread-13/ERROR] (EMI) [EMI] Recipe emi:create/fan_blasting/minecraft/gold_nugget_from_blasting not present in recipe manager. Consider prefixing its path with '/' if it is synthetic.
[13:58:52] [Thread-13/ERROR] (EMI) [EMI] Recipe emi:create/fan_blasting/create/blasting/gold_ingot_from_crushed not present in recipe manager. Consider prefixing its path with '/' if it is synthetic.
[13:58:52] [Thread-13/ERROR] (EMI) [EMI] Recipe emi:create/fan_blasting/minecraft/copper_ingot_from_blasting_raw_copper not present in recipe manager. Consider prefixing its path with '/' if it is synthetic.
[13:58:52] [Thread-13/ERROR] (EMI) [EMI] Recipe emi:create/fan_blasting/minecraft/coal_from_blasting_deepslate_coal_ore not present in recipe manager. Consider prefixing its path with '/' if it is synthetic.
[13:58:52] [Thread-13/ERROR] (EMI) [EMI] Recipe emi:create/fan_blasting/minecraft/gold_ingot_from_blasting_deepslate_gold_ore not present in recipe manager. Consider prefixing its path with '/' if it is synthetic.
[13:58:52] [Thread-13/ERROR] (EMI) [EMI] Recipe emi:create/fan_blasting/minecraft/copper_ingot_from_blasting_copper_ore not present in recipe manager. Consider prefixing its path with '/' if it is synthetic.
[13:58:52] [Thread-13/ERROR] (EMI) [EMI] Recipe emi:create/shapeless/create/crafting/kinetics/framed_glass_trapdoor not present in recipe manager. Consider prefixing its path with '/' if it is synthetic.
[13:58:52] [Thread-13/ERROR] (EMI) [EMI] Recipe emi:create/shapeless/create/cut_tuff_brick_slab_recycling not present in recipe manager. Consider prefixing its path with '/' if it is synthetic.
[13:58:52] [Thread-13/ERROR] (EMI) [EMI] Recipe emi:create/shapeless/minecraft/gray_candle not present in recipe manager. Consider prefixing its path with '/' if it is synthetic.
[13:58:52] [Thread-13/ERROR] (EMI) [EMI] Recipe emi:create/shapeless/minecraft/rabbit_stew_from_brown_mushroom not present in recipe manager. Consider prefixing its path with '/' if it is synthetic.
[13:58:52] [Thread-13/ERROR] (EMI) [EMI] Recipe emi:create/shapeless/create/crafting/kinetics/brass_door not present in recipe manager. Consider prefixing its path with '/' if it is synthetic.
[13:58:52] [Thread-13/ERROR] (EMI) [EMI] Recipe emi:create/shapeless/minecraft/waxed_oxidized_cut_copper_from_honeycomb not present in recipe manager. Consider prefixing its path with '/' if it is synthetic.
[13:58:52] [Thread-13/ERROR] (EMI) [EMI] Recipe emi:create/shapeless/create/crafting/appliances/crafting_blueprint not present in recipe manager. Consider prefixing its path with '/' if it is synthetic.
[13:58:52] [Thread-13/ERROR] (EMI) [EMI] Recipe emi:create/shapeless/create/cut_crimsite_slab_recycling not present in recipe manager. Consider prefixing its path with '/' if it is synthetic.
[13:58:52] [Thread-13/ERROR] (EMI) [EMI] Recipe emi:create/shapeless/create/crafting/kinetics/light_gray_seat not present in recipe manager. Consider prefixing its path with '/' if it is synthetic.
[13:58:52] [Thread-13/ERROR] (EMI) [EMI] Recipe emi:create/shapeless/minecraft/gray_dye not present in recipe manager. Consider prefixing its path with '/' if it is synthetic.
[13:58:52] [Thread-13/ERROR] (EMI) [EMI] Recipe emi:create/shapeless/create/crafting/kinetics/green_valve_handle_from_other_valve_handle not present in recipe manager. Consider prefixing its path with '/' if it is synthetic.
[13:58:52] [Thread-13/ERROR] (EMI) [EMI] Recipe emi:create/shapeless/create/crafting/kinetics/magenta_seat_from_other_seat not present in recipe manager. Consider prefixing its path with '/' if it is synthetic.
[13:58:52] [Thread-13/ERROR] (EMI) [EMI] Recipe emi:create/shapeless/create/cut_scorchia_slab_recycling not present in recipe manager. Consider prefixing its path with '/' if it is synthetic.
[13:58:52] [Thread-13/ERROR] (EMI) [EMI] Recipe emi:create/shapeless/create/crafting/kinetics/black_seat_from_other_seat not present in recipe manager. Consider prefixing its path with '/' if it is synthetic.
[13:58:52] [Thread-13/ERROR] (EMI) [EMI] Recipe emi:create/shapeless/minecraft/dye_light_gray_wool not present in recipe manager. Consider prefixing its path with '/' if it is synthetic.
[13:58:52] [Thread-13/ERROR] (EMI) [EMI] Recipe emi:create/shapeless/minecraft/writable_book not present in recipe manager. Consider prefixing its path with '/' if it is synthetic.
[13:58:52] [Thread-13/ERROR] (EMI) [EMI] Recipe emi:create/shapeless/minecraft/glow_item_frame not present in recipe manager. Consider prefixing its path with '/' if it is synthetic.
[13:58:52] [Thread-13/ERROR] (EMI) [EMI] Recipe emi:create/shapeless/create/crafting/materials/sand_paper not present in recipe manager. Consider prefixing its path with '/' if it is synthetic.
[13:58:52] [Thread-13/ERROR] (EMI) [EMI] Recipe emi:create/shapeless/create/crafting/schematics/empty_schematic not present in recipe manager. Consider prefixing its path with '/' if it is synthetic.
[13:58:52] [Thread-13/ERROR] (EMI) [EMI] Recipe emi:create/shapeless/create/polished_cut_dripstone_slab_recycling not present in recipe manager. Consider prefixing its path with '/' if it is synthetic.
[13:58:52] [Thread-13/ERROR] (EMI) [EMI] Recipe emi:create/shapeless/minecraft/purple_candle not present in recipe manager. Consider prefixing its path with '/' if it is synthetic.
[13:58:52] [Thread-13/ERROR] (EMI) [EMI] Recipe emi:create/shapeless/create/cut_limestone_brick_slab_recycling not present in recipe manager. Consider prefixing its path with '/' if it is synthetic.
[13:58:52] [Thread-13/ERROR] (EMI) [EMI] Recipe emi:create/shapeless/create/small_deepslate_brick_slab_recycling not present in recipe manager. Consider prefixing its path with '/' if it is synthetic.
[13:58:52] [Thread-13/ERROR] (EMI) [EMI] Recipe emi:create/shapeless/minecraft/magenta_dye_from_blue_red_white_dye not present in recipe manager. Consider prefixing its path with '/' if it is synthetic.
[13:58:52] [Thread-13/ERROR] (EMI) [EMI] Recipe emi:create/shapeless/minecraft/bamboo_chest_raft not present in recipe manager. Consider prefixing its path with '/' if it is synthetic.
[13:58:52] [Thread-13/ERROR] (EMI) [EMI] Recipe emi:create/shapeless/create/small_veridium_brick_slab_recycling not present in recipe manager. Consider prefixing its path with '/' if it is synthetic.
[13:58:52] [Thread-13/ERROR] (EMI) [EMI] Recipe emi:create/shapeless/create/cut_granite_brick_slab_recycling not present in recipe manager. Consider prefixing its path with '/' if it is synthetic.
[13:58:52] [Thread-13/ERROR] (EMI) [EMI] Recipe emi:create/shapeless/create/crafting/kinetics/large_cogwheel not present in recipe manager. Consider prefixing its path with '/' if it is synthetic.
[13:58:52] [Thread-13/ERROR] (EMI) [EMI] Recipe emi:create/shapeless/create/small_crimsite_brick_slab_recycling not present in recipe manager. Consider prefixing its path with '/' if it is synthetic.
[13:58:52] [Thread-13/ERROR] (EMI) [EMI] Recipe emi:create/shapeless/create/small_granite_brick_slab_recycling not present in recipe manager. Consider prefixing its path with '/' if it is synthetic.
[13:58:52] [Thread-13/ERROR] (EMI) [EMI] Recipe emi:create/shapeless/create/crafting/kinetics/black_valve_handle_from_other_valve_handle not present in recipe manager. Consider prefixing its path with '/' if it is synthetic.
[13:58:52] [Thread-13/ERROR] (EMI) [EMI] Recipe emi:create/shapeless/create/small_andesite_brick_slab_recycling not present in recipe manager. Consider prefixing its path with '/' if it is synthetic.
[13:58:52] [Thread-13/ERROR] (EMI) [EMI] Recipe emi:create/shapeless/create/crafting/materials/rose_quartz not present in recipe manager. Consider prefixing its path with '/' if it is synthetic.
[13:58:52] [Thread-13/ERROR] (EMI) [EMI] Recipe emi:create/shapeless/minecraft/waxed_weathered_copper_from_honeycomb not present in recipe manager. Consider prefixing its path with '/' if it is synthetic.
[13:58:52] [Thread-13/ERROR] (EMI) [EMI] Recipe emi:create/shapeless/create/crafting/kinetics/framed_glass_door not present in recipe manager. Consider prefixing its path with '/' if it is synthetic.
[13:58:52] [Thread-13/ERROR] (EMI) [EMI] Recipe emi:create/shapeless/minecraft/pink_dye_from_red_white_dye not present in recipe manager. Consider prefixing its path with '/' if it is synthetic.
[13:58:52] [Thread-13/ERROR] (EMI) [EMI] Recipe emi:create/shapeless/create/polished_cut_scoria_slab_recycling not present in recipe manager. Consider prefixing its path with '/' if it is synthetic.
[13:58:52] [Thread-13/ERROR] (EMI) [EMI] Recipe emi:create/shapeless/minecraft/cyan_concrete_powder not present in recipe manager. Consider prefixing its path with '/' if it is synthetic.
[13:58:52] [Thread-13/ERROR] (EMI) [EMI] Recipe emi:create/shapeless/minecraft/dye_green_carpet not present in recipe manager. Consider prefixing its path with '/' if it is synthetic.
[13:58:52] [Thread-13/ERROR] (EMI) [EMI] Recipe emi:create/shapeless/minecraft/mojang_banner_pattern not present in recipe manager. Consider prefixing its path with '/' if it is synthetic.
[13:58:52] [Thread-13/ERROR] (EMI) [EMI] Recipe emi:create/shapeless/create/crafting/copper/waxed_weathered_copper_tile_stairs_from_honeycomb not present in recipe manager. Consider prefixing its path with '/' if it is synthetic.
[13:58:52] [Thread-13/ERROR] (EMI) [EMI] Recipe emi:create/shapeless/minecraft/dye_pink_wool not present in recipe manager. Consider prefixing its path with '/' if it is synthetic.
[13:58:52] [Thread-13/ERROR] (EMI) [EMI] Recipe emi:create/shapeless/minecraft/fire_charge not present in recipe manager. Consider prefixing its path with '/' if it is synthetic.
[13:58:52] [Thread-13/ERROR] (EMI) [EMI] Recipe emi:create/shapeless/create/crafting/copper/waxed_exposed_copper_tiles_from_honeycomb not present in recipe manager. Consider prefixing its path with '/' if it is synthetic.
[13:58:52] [Thread-13/ERROR] (EMI) [EMI] Recipe emi:create/shapeless/create/cut_andesite_slab_recycling not present in recipe manager. Consider prefixing its path with '/' if it is synthetic.
[13:58:52] [Thread-13/ERROR] (EMI) [EMI] Recipe emi:create/shapeless/minecraft/dye_green_bed not present in recipe manager. Consider prefixing its path with '/' if it is synthetic.
[13:58:52] [Thread-13/ERROR] (EMI) [EMI] Recipe emi:create/shapeless/minecraft/green_concrete_powder not present in recipe manager. Consider prefixing its path with '/' if it is synthetic.
[13:58:52] [Thread-13/ERROR] (EMI) [EMI] Recipe emi:create/shapeless/create/crafting/kinetics/cyan_seat_from_other_seat not present in recipe manager. Consider prefixing its path with '/' if it is synthetic.
[13:58:52] [Thread-13/ERROR] (EMI) [EMI] Recipe emi:create/shapeless/minecraft/dye_white_bed not present in recipe manager. Consider prefixing its path with '/' if it is synthetic.
[13:58:52] [Thread-13/ERROR] (EMI) [EMI] Recipe emi:create/shapeless/minecraft/yellow_candle not present in recipe manager. Consider prefixing its path with '/' if it is synthetic.
[13:58:52] [Thread-13/ERROR] (EMI) [EMI] Recipe emi:create/shapeless/create/crafting/kinetics/track_signal not present in recipe manager. Consider prefixing its path with '/' if it is synthetic.
[13:58:52] [Thread-13/ERROR] (EMI) [EMI] Recipe emi:create/shapeless/create/crafting/kinetics/depot not present in recipe manager. Consider prefixing its path with '/' if it is synthetic.
[13:58:52] [Thread-13/ERROR] (EMI) [EMI] Recipe emi:create/shapeless/minecraft/yellow_concrete_powder not present in recipe manager. Consider prefixing its path with '/' if it is synthetic.
[13:58:52] [Thread-13/ERROR] (EMI) [EMI] Recipe emi:create/shapeless/create/crafting/kinetics/yellow_valve_handle_from_other_valve_handle not present in recipe manager. Consider prefixing its path with '/' if it is synthetic.
[13:58:52] [Thread-13/ERROR] (EMI) [EMI] Recipe emi:create/shapeless/minecraft/red_concrete_powder not present in recipe manager. Consider prefixing its path with '/' if it is synthetic.
[13:58:52] [Thread-13/ERROR] (EMI) [EMI] Recipe emi:create/shapeless/create/crafting/kinetics/yellow_seat_from_other_seat not present in recipe manager. Consider prefixing its path with '/' if it is synthetic.
[13:58:52] [Thread-13/ERROR] (EMI) [EMI] Recipe emi:create/shapeless/create/crafting/kinetics/nixie_tube not present in recipe manager. Consider prefixing its path with '/' if it is synthetic.
[13:58:52] [Thread-13/ERROR] (EMI) [EMI] Recipe emi:create/shapeless/minecraft/gray_concrete_powder not present in recipe manager. Consider prefixing its path with '/' if it is synthetic.
[13:58:52] [Thread-13/ERROR] (EMI) [EMI] Recipe emi:create/shapeless/minecraft/light_blue_concrete_powder not present in recipe manager. Consider prefixing its path with '/' if it is synthetic.
[13:58:52] [Thread-13/ERROR] (EMI) [EMI] Recipe emi:create/shapeless/minecraft/dye_light_blue_bed not present in recipe manager. Consider prefixing its path with '/' if it is synthetic.
[13:58:52] [Thread-13/ERROR] (EMI) [EMI] Recipe emi:create/shapeless/minecraft/mushroom_stew not present in recipe manager. Consider prefixing its path with '/' if it is synthetic.
[13:58:52] [Thread-13/ERROR] (EMI) [EMI] Recipe emi:create/shapeless/minecraft/lime_candle not present in recipe manager. Consider prefixing its path with '/' if it is synthetic.
[13:58:52] [Thread-13/ERROR] (EMI) [EMI] Recipe emi:create/shapeless/minecraft/mossy_stone_bricks_from_vine not present in recipe manager. Consider prefixing its path with '/' if it is synthetic.
[13:58:52] [Thread-13/ERROR] (EMI) [EMI] Recipe emi:create/shapeless/minecraft/dye_white_carpet not present in recipe manager. Consider prefixing its path with '/' if it is synthetic.
[13:58:52] [Thread-13/ERROR] (EMI) [EMI] Recipe emi:create/shapeless/minecraft/dye_yellow_bed not present in recipe manager. Consider prefixing its path with '/' if it is synthetic.
[13:58:52] [Thread-13/ERROR] (EMI) [EMI] Recipe emi:create/shapeless/minecraft/flint_and_steel not present in recipe manager. Consider prefixing its path with '/' if it is synthetic.
[13:58:52] [Thread-13/ERROR] (EMI) [EMI] Recipe emi:create/shapeless/minecraft/red_candle not present in recipe manager. Consider prefixing its path with '/' if it is synthetic.
[13:58:52] [Thread-13/ERROR] (EMI) [EMI] Recipe emi:create/shapeless/create/small_dripstone_brick_slab_recycling not present in recipe manager. Consider prefixing its path with '/' if it is synthetic.
[13:58:52] [Thread-13/ERROR] (EMI) [EMI] Recipe emi:create/shapeless/create/crafting/copper/waxed_exposed_copper_shingles_from_honeycomb not present in recipe manager. Consider prefixing its path with '/' if it is synthetic.
[13:58:52] [Thread-13/ERROR] (EMI) [EMI] Recipe emi:create/shapeless/create/crafting/kinetics/blue_seat not present in recipe manager. Consider prefixing its path with '/' if it is synthetic.
[13:58:52] [Thread-13/ERROR] (EMI) [EMI] Recipe emi:create/shapeless/minecraft/dye_orange_wool not present in recipe manager. Consider prefixing its path with '/' if it is synthetic.
[13:58:52] [Thread-13/ERROR] (EMI) [EMI] Recipe emi:create/shapeless/minecraft/spruce_chest_boat not present in recipe manager. Consider prefixing its path with '/' if it is synthetic.
[13:58:52] [Thread-13/ERROR] (EMI) [EMI] Recipe emi:create/shapeless/minecraft/dye_light_blue_wool not present in recipe manager. Consider prefixing its path with '/' if it is synthetic.
[13:58:52] [Thread-13/ERROR] (EMI) [EMI] Recipe emi:create/shapeless/create/cut_granite_slab_recycling not present in recipe manager. Consider prefixing its path with '/' if it is synthetic.
[13:58:52] [Thread-13/ERROR] (EMI) [EMI] Recipe emi:create/shapeless/create/crafting/copper/waxed_copper_tile_slab_from_honeycomb not present in recipe manager. Consider prefixing its path with '/' if it is synthetic.
[13:58:52] [Thread-13/ERROR] (EMI) [EMI] Recipe emi:create/shapeless/minecraft/brown_concrete_powder not present in recipe manager. Consider prefixing its path with '/' if it is synthetic.
[13:58:52] [Thread-13/ERROR] (EMI) [EMI] Recipe emi:create/shapeless/create/crafting/kinetics/gray_valve_handle_from_other_valve_handle not present in recipe manager. Consider prefixing its path with '/' if it is synthetic.
[13:58:52] [Thread-13/ERROR] (EMI) [EMI] Recipe emi:create/shapeless/create/crafting/kinetics/cyan_valve_handle_from_other_valve_handle not present in recipe manager. Consider prefixing its path with '/' if it is synthetic.
[13:58:52] [Thread-13/ERROR] (EMI) [EMI] Recipe emi:create/shapeless/create/crafting/kinetics/magenta_seat not present in recipe manager. Consider prefixing its path with '/' if it is synthetic.
[13:58:52] [Thread-13/ERROR] (EMI) [EMI] Recipe emi:create/shapeless/minecraft/mangrove_chest_boat not present in recipe manager. Consider prefixing its path with '/' if it is synthetic.
[13:58:52] [Thread-13/ERROR] (EMI) [EMI] Recipe emi:create/shapeless/create/crafting/kinetics/light_blue_seat not present in recipe manager. Consider prefixing its path with '/' if it is synthetic.
[13:58:52] [Thread-13/ERROR] (EMI) [EMI] Recipe emi:create/shapeless/create/crafting/kinetics/gray_seat not present in recipe manager. Consider prefixing its path with '/' if it is synthetic.
[13:58:52] [Thread-13/ERROR] (EMI) [EMI] Recipe emi:create/shapeless/create/crafting/kinetics/brown_seat not present in recipe manager. Consider prefixing its path with '/' if it is synthetic.
[13:58:52] [Thread-13/ERROR] (EMI) [EMI] Recipe emi:create/shapeless/create/cut_crimsite_brick_slab_recycling not present in recipe manager. Consider prefixing its path with '/' if it is synthetic.
[13:58:52] [Thread-13/ERROR] (EMI) [EMI] Recipe emi:create/shapeless/minecraft/dye_yellow_wool not present in recipe manager. Consider prefixing its path with '/' if it is synthetic.
[13:58:52] [Thread-13/ERROR] (EMI) [EMI] Recipe emi:create/shapeless/create/small_asurine_brick_slab_recycling not present in recipe manager. Consider prefixing its path with '/' if it is synthetic.
[13:58:52] [Thread-13/ERROR] (EMI) [EMI] Recipe emi:create/shapeless/minecraft/dye_brown_carpet not present in recipe manager. Consider prefixing its path with '/' if it is synthetic.
[13:58:52] [Thread-13/ERROR] (EMI) [EMI] Recipe emi:create/shapeless/minecraft/dye_lime_wool not present in recipe manager. Consider prefixing its path with '/' if it is synthetic.
[13:58:52] [Thread-13/ERROR] (EMI) [EMI] Recipe emi:create/shapeless/minecraft/dye_black_bed not present in recipe manager. Consider prefixing its path with '/' if it is synthetic.
[13:58:52] [Thread-13/ERROR] (EMI) [EMI] Recipe emi:create/shapeless/minecraft/furnace_minecart not present in recipe manager. Consider prefixing its path with '/' if it is synthetic.
[13:58:52] [Thread-13/ERROR] (EMI) [EMI] Recipe emi:create/shapeless/create/crafting/kinetics/cogwheel not present in recipe manager. Consider prefixing its path with '/' if it is synthetic.
[13:58:52] [Thread-13/ERROR] (EMI) [EMI] Recipe emi:create/shapeless/minecraft/mossy_cobblestone_from_vine not present in recipe manager. Consider prefixing its path with '/' if it is synthetic.
[13:58:52] [Thread-13/ERROR] (EMI) [EMI] Recipe emi:create/shapeless/minecraft/white_concrete_powder not present in recipe manager. Consider prefixing its path with '/' if it is synthetic.
[13:58:52] [Thread-13/ERROR] (EMI) [EMI] Recipe emi:create/shapeless/minecraft/mossy_stone_bricks_from_moss_block not present in recipe manager. Consider prefixing its path with '/' if it is synthetic.
[13:58:52] [Thread-13/ERROR] (EMI) [EMI] Recipe emi:create/shapeless/create/crafting/kinetics/blue_valve_handle_from_other_valve_handle not present in recipe manager. Consider prefixing its path with '/' if it is synthetic.
[13:58:52] [Thread-13/ERROR] (EMI) [EMI] Recipe emi:create/shapeless/create/crafting/kinetics/red_valve_handle_from_other_valve_handle not present in recipe manager. Consider prefixing its path with '/' if it is synthetic.
[13:58:52] [Thread-13/ERROR] (EMI) [EMI] Recipe emi:create/shapeless/create/crafting/kinetics/adjustable_chain_gearshift not present in recipe manager. Consider prefixing its path with '/' if it is synthetic.
[13:58:52] [Thread-13/ERROR] (EMI) [EMI] Recipe emi:create/shapeless/create/crafting/kinetics/schedule not present in recipe manager. Consider prefixing its path with '/' if it is synthetic.
[13:58:52] [Thread-13/ERROR] (EMI) [EMI] Recipe emi:create/shapeless/minecraft/lime_concrete_powder not present in recipe manager. Consider prefixing its path with '/' if it is synthetic.
[13:58:52] [Thread-13/ERROR] (EMI) [EMI] Recipe emi:create/shapeless/create/cut_scoria_slab_recycling not present in recipe manager. Consider prefixing its path with '/' if it is synthetic.
[13:58:52] [Thread-13/ERROR] (EMI) [EMI] Recipe emi:create/shapeless/create/cut_diorite_slab_recycling not present in recipe manager. Consider prefixing its path with '/' if it is synthetic.
[13:58:52] [Thread-13/ERROR] (EMI) [EMI] Recipe emi:create/shapeless/minecraft/jungle_chest_boat not present in recipe manager. Consider prefixing its path with '/' if it is synthetic.
[13:58:52] [Thread-13/ERROR] (EMI) [EMI] Recipe emi:create/shapeless/minecraft/dye_black_carpet not present in recipe manager. Consider prefixing its path with '/' if it is synthetic.
[13:58:52] [Thread-13/ERROR] (EMI) [EMI] Recipe emi:create/shapeless/minecraft/book not present in recipe manager. Consider prefixing its path with '/' if it is synthetic.
[13:58:52] [Thread-13/ERROR] (EMI) [EMI] Recipe emi:create/shapeless/minecraft/dye_gray_carpet not present in recipe manager. Consider prefixing its path with '/' if it is synthetic.
[13:58:52] [Thread-13/ERROR] (EMI) [EMI] Recipe emi:create/shapeless/create/cut_asurine_slab_recycling not present in recipe manager. Consider prefixing its path with '/' if it is synthetic.
[13:58:52] [Thread-13/ERROR] (EMI) [EMI] Recipe emi:create/shapeless/minecraft/pink_concrete_powder not present in recipe manager. Consider prefixing its path with '/' if it is synthetic.
[13:58:52] [Thread-13/ERROR] (EMI) [EMI] Recipe emi:create/shapeless/minecraft/waxed_copper_block_from_honeycomb not present in recipe manager. Consider prefixing its path with '/' if it is synthetic.
[13:58:52] [Thread-13/ERROR] (EMI) [EMI] Recipe emi:create/shapeless/minecraft/magenta_concrete_powder not present in recipe manager. Consider prefixing its path with '/' if it is synthetic.
[13:58:52] [Thread-13/ERROR] (EMI) [EMI] Recipe emi:create/shapeless/minecraft/waxed_weathered_cut_copper_slab_from_honeycomb not present in recipe manager. Consider prefixing its path with '/' if it is synthetic.
[13:58:52] [Thread-13/ERROR] (EMI) [EMI] Recipe emi:create/shapeless/minecraft/light_blue_candle not present in recipe manager. Consider prefixing its path with '/' if it is synthetic.
[13:58:52] [Thread-13/ERROR] (EMI) [EMI] Recipe emi:create/shapeless/create/small_tuff_brick_slab_recycling not present in recipe manager. Consider prefixing its path with '/' if it is synthetic.
[13:58:52] [Thread-13/ERROR] (EMI) [EMI] Recipe emi:create/shapeless/minecraft/pink_candle not present in recipe manager. Consider prefixing its path with '/' if it is synthetic.
[13:58:52] [Thread-13/ERROR] (EMI) [EMI] Recipe emi:create/shapeless/create/polished_cut_andesite_slab_recycling not present in recipe manager. Consider prefixing its path with '/' if it is synthetic.
[13:58:52] [Thread-13/ERROR] (EMI) [EMI] Recipe emi:create/shapeless/minecraft/creeper_banner_pattern not present in recipe manager. Consider prefixing its path with '/' if it is synthetic.
[13:58:52] [Thread-13/ERROR] (EMI) [EMI] Recipe emi:create/shapeless/create/crafting/kinetics/train_door not present in recipe manager. Consider prefixing its path with '/' if it is synthetic.
[13:58:52] [Thread-13/ERROR] (EMI) [EMI] Recipe emi:create/shapeless/minecraft/dye_gray_wool not present in recipe manager. Consider prefixing its path with '/' if it is synthetic.
[13:58:52] [Thread-13/ERROR] (EMI) [EMI] Recipe emi:create/shapeless/create/crafting/kinetics/encased_chain_drive not present in recipe manager. Consider prefixing its path with '/' if it is synthetic.
[13:58:52] [Thread-13/ERROR] (EMI) [EMI] Recipe emi:create/shapeless/minecraft/dye_gray_bed not present in recipe manager. Consider prefixing its path with '/' if it is synthetic.
[13:58:52] [Thread-13/ERROR] (EMI) [EMI] Recipe emi:create/shapeless/create/small_scoria_brick_slab_recycling not present in recipe manager. Consider prefixing its path with '/' if it is synthetic.
[13:58:52] [Thread-13/ERROR] (EMI) [EMI] Recipe emi:create/shapeless/minecraft/dye_light_gray_bed not present in recipe manager. Consider prefixing its path with '/' if it is synthetic.
[13:58:52] [Thread-13/ERROR] (EMI) [EMI] Recipe emi:create/shapeless/create/polished_cut_tuff_slab_recycling not present in recipe manager. Consider prefixing its path with '/' if it is synthetic.
[13:58:52] [Thread-13/ERROR] (EMI) [EMI] Recipe emi:create/shapeless/minecraft/blue_concrete_powder not present in recipe manager. Consider prefixing its path with '/' if it is synthetic.
[13:58:52] [Thread-13/ERROR] (EMI) [EMI] Recipe emi:create/shapeless/create/crafting/copper/waxed_copper_tiles_from_honeycomb not present in recipe manager. Consider prefixing its path with '/' if it is synthetic.
[13:58:52] [Thread-13/ERROR] (EMI) [EMI] Recipe emi:create/shapeless/create/crafting/copper/waxed_weathered_copper_tiles_from_honeycomb not present in recipe manager. Consider prefixing its path with '/' if it is synthetic.
[13:58:52] [Thread-13/ERROR] (EMI) [EMI] Recipe emi:create/shapeless/minecraft/rabbit_stew_from_red_mushroom not present in recipe manager. Consider prefixing its path with '/' if it is synthetic.
[13:58:52] [Thread-13/ERROR] (EMI) [EMI] Recipe emi:create/shapeless/minecraft/waxed_oxidized_cut_copper_stairs_from_honeycomb not present in recipe manager. Consider prefixing its path with '/' if it is synthetic.
[13:58:52] [Thread-13/ERROR] (EMI) [EMI] Recipe emi:create/shapeless/create/crafting/kinetics/lime_valve_handle_from_other_valve_handle not present in recipe manager. Consider prefixing its path with '/' if it is synthetic.
[13:58:52] [Thread-13/ERROR] (EMI) [EMI] Recipe emi:create/shapeless/create/crafting/kinetics/orange_valve_handle_from_other_valve_handle not present in recipe manager. Consider prefixing its path with '/' if it is synthetic.
[13:58:52] [Thread-13/ERROR] (EMI) [EMI] Recipe emi:create/shapeless/minecraft/netherite_ingot not present in recipe manager. Consider prefixing its path with '/' if it is synthetic.
[13:58:52] [Thread-13/ERROR] (EMI) [EMI] Recipe emi:create/shapeless/minecraft/blue_candle not present in recipe manager. Consider prefixing its path with '/' if it is synthetic.
[13:58:52] [Thread-13/ERROR] (EMI) [EMI] Recipe emi:create/shapeless/create/cut_andesite_brick_slab_recycling not present in recipe manager. Consider prefixing its path with '/' if it is synthetic.
[13:58:52] [Thread-13/ERROR] (EMI) [EMI] Recipe emi:create/shapeless/minecraft/flower_banner_pattern not present in recipe manager. Consider prefixing its path with '/' if it is synthetic.
[13:58:52] [Thread-13/ERROR] (EMI) [EMI] Recipe emi:create/shapeless/create/crafting/copper/waxed_exposed_copper_tile_stairs_from_honeycomb not present in recipe manager. Consider prefixing its path with '/' if it is synthetic.
[13:58:52] [Thread-13/ERROR] (EMI) [EMI] Recipe emi:create/shapeless/minecraft/orange_dye_from_red_yellow not present in recipe manager. Consider prefixing its path with '/' if it is synthetic.
[13:58:52] [Thread-13/ERROR] (EMI) [EMI] Recipe emi:create/shapeless/create/crafting/kinetics/track_station not present in recipe manager. Consider prefixing its path with '/' if it is synthetic.
[13:58:52] [Thread-13/ERROR] (EMI) [EMI] Recipe emi:create/shapeless/create/crafting/copper/waxed_weathered_copper_shingle_stairs_from_honeycomb not present in recipe manager. Consider prefixing its path with '/' if it is synthetic.
[13:58:52] [Thread-13/ERROR] (EMI) [EMI] Recipe emi:create/shapeless/minecraft/cyan_candle not present in recipe manager. Consider prefixing its path with '/' if it is synthetic.
[13:58:52] [Thread-13/ERROR] (EMI) [EMI] Recipe emi:create/shapeless/create/crafting/copper/waxed_oxidized_copper_shingle_stairs_from_honeycomb not present in recipe manager. Consider prefixing its path with '/' if it is synthetic.
[13:58:52] [Thread-13/ERROR] (EMI) [EMI] Recipe emi:create/shapeless/minecraft/magenta_candle not present in recipe manager. Consider prefixing its path with '/' if it is synthetic.
[13:58:52] [Thread-13/ERROR] (EMI) [EMI] Recipe emi:create/shapeless/minecraft/magenta_dye_from_blue_red_pink not present in recipe manager. Consider prefixing its path with '/' if it is synthetic.
[13:58:52] [Thread-13/ERROR] (EMI) [EMI] Recipe emi:create/shapeless/minecraft/black_concrete_powder not present in recipe manager. Consider prefixing its path with '/' if it is synthetic.
[13:58:52] [Thread-13/ERROR] (EMI) [EMI] Recipe emi:create/shapeless/minecraft/purple_concrete_powder not present in recipe manager. Consider prefixing its path with '/' if it is synthetic.
[13:58:52] [Thread-13/ERROR] (EMI) [EMI] Recipe emi:create/shapeless/create/crafting/kinetics/light_gray_valve_handle_from_other_valve_handle not present in recipe manager. Consider prefixing its path with '/' if it is synthetic.
[13:58:52] [Thread-13/ERROR] (EMI) [EMI] Recipe emi:create/shapeless/create/polished_cut_diorite_slab_recycling not present in recipe manager. Consider prefixing its path with '/' if it is synthetic.
[13:58:52] [Thread-13/ERROR] (EMI) [EMI] Recipe emi:create/shapeless/minecraft/light_gray_dye_from_black_white_dye not present in recipe manager. Consider prefixing its path with '/' if it is synthetic.
[13:58:52] [Thread-13/ERROR] (EMI) [EMI] Recipe emi:create/shapeless/minecraft/tnt_minecart not present in recipe manager. Consider prefixing its path with '/' if it is synthetic.
[13:58:52] [Thread-13/ERROR] (EMI) [EMI] Recipe emi:create/shapeless/minecraft/dye_red_wool not present in recipe manager. Consider prefixing its path with '/' if it is synthetic.
[13:58:52] [Thread-13/ERROR] (EMI) [EMI] Recipe emi:create/shapeless/create/crafting/materials/red_sand_paper not present in recipe manager. Consider prefixing its path with '/' if it is synthetic.
[13:58:52] [Thread-13/ERROR] (EMI) [EMI] Recipe emi:create/shapeless/minecraft/dye_magenta_bed not present in recipe manager. Consider prefixing its path with '/' if it is synthetic.
[13:58:52] [Thread-13/ERROR] (EMI) [EMI] Recipe emi:create/shapeless/minecraft/waxed_cut_copper_from_honeycomb not present in recipe manager. Consider prefixing its path with '/' if it is synthetic.
[13:58:52] [Thread-13/ERROR] (EMI) [EMI] Recipe emi:create/shapeless/minecraft/dye_magenta_carpet not present in recipe manager. Consider prefixing its path with '/' if it is synthetic.
[13:58:52] [Thread-13/ERROR] (EMI) [EMI] Recipe emi:create/shapeless/create/crafting/kinetics/light_blue_valve_handle_from_other_valve_handle not present in recipe manager. Consider prefixing its path with '/' if it is synthetic.
[13:58:52] [Thread-13/ERROR] (EMI) [EMI] Recipe emi:create/shapeless/create/polished_cut_ochrum_slab_recycling not present in recipe manager. Consider prefixing its path with '/' if it is synthetic.
[13:58:52] [Thread-13/ERROR] (EMI) [EMI] Recipe emi:create/shapeless/minecraft/dye_orange_bed not present in recipe manager. Consider prefixing its path with '/' if it is synthetic.
[13:58:52] [Thread-13/ERROR] (EMI) [EMI] Recipe emi:create/shapeless/minecraft/muddy_mangrove_roots not present in recipe manager. Consider prefixing its path with '/' if it is synthetic.
[13:58:52] [Thread-13/ERROR] (EMI) [EMI] Recipe emi:create/shapeless/create/crafting/copper/waxed_weathered_copper_shingle_slab_from_honeycomb not present in recipe manager. Consider prefixing its path with '/' if it is synthetic.
[13:58:52] [Thread-13/ERROR] (EMI) [EMI] Recipe emi:create/shapeless/create/crafting/kinetics/large_cogwheel_from_little not present in recipe manager. Consider prefixing its path with '/' if it is synthetic.
[13:58:52] [Thread-13/ERROR] (EMI) [EMI] Recipe emi:create/shapeless/create/polished_cut_crimsite_slab_recycling not present in recipe manager. Consider prefixing its path with '/' if it is synthetic.
[13:58:52] [Thread-13/ERROR] (EMI) [EMI] Recipe emi:create/shapeless/create/crafting/kinetics/magenta_valve_handle_from_other_valve_handle not present in recipe manager. Consider prefixing its path with '/' if it is synthetic.
[13:58:52] [Thread-13/ERROR] (EMI) [EMI] Recipe emi:create/shapeless/create/crafting/copper/waxed_oxidized_copper_tile_slab_from_honeycomb not present in recipe manager. Consider prefixing its path with '/' if it is synthetic.
[13:58:52] [Thread-13/ERROR] (EMI) [EMI] Recipe emi:create/shapeless/create/crafting/kinetics/train_trapdoor not present in recipe manager. Consider prefixing its path with '/' if it is synthetic.
[13:58:52] [Thread-13/ERROR] (EMI) [EMI] Recipe emi:create/shapeless/create/small_calcite_brick_slab_recycling not present in recipe manager. Consider prefixing its path with '/' if it is synthetic.
[13:58:52] [Thread-13/ERROR] (EMI) [EMI] Recipe emi:create/shapeless/minecraft/waxed_exposed_cut_copper_from_honeycomb not present in recipe manager. Consider prefixing its path with '/' if it is synthetic.
[13:58:52] [Thread-13/ERROR] (EMI) [EMI] Recipe emi:create/shapeless/minecraft/mossy_cobblestone_from_moss_block not present in recipe manager. Consider prefixing its path with '/' if it is synthetic.
[13:58:52] [Thread-13/ERROR] (EMI) [EMI] Recipe emi:create/shapeless/minecraft/trapped_chest not present in recipe manager. Consider prefixing its path with '/' if it is synthetic.
[13:58:52] [Thread-13/ERROR] (EMI) [EMI] Recipe emi:create/shapeless/create/crafting/kinetics/mechanical_pump not present in recipe manager. Consider prefixing its path with '/' if it is synthetic.
[13:58:52] [Thread-13/ERROR] (EMI) [EMI] Recipe emi:create/shapeless/create/cut_tuff_slab_recycling not present in recipe manager. Consider prefixing its path with '/' if it is synthetic.
[13:58:52] [Thread-13/ERROR] (EMI) [EMI] Recipe emi:create/shapeless/minecraft/beetroot_soup not present in recipe manager. Consider prefixing its path with '/' if it is synthetic.
[13:58:52] [Thread-13/ERROR] (EMI) [EMI] Recipe emi:create/shapeless/minecraft/brown_candle not present in recipe manager. Consider prefixing its path with '/' if it is synthetic.
[13:58:52] [Thread-13/ERROR] (EMI) [EMI] Recipe emi:create/shapeless/create/crafting/kinetics/portable_storage_interface not present in recipe manager. Consider prefixing its path with '/' if it is synthetic.
[13:58:52] [Thread-13/ERROR] (EMI) [EMI] Recipe emi:create/shapeless/create/crafting/kinetics/cyan_seat not present in recipe manager. Consider prefixing its path with '/' if it is synthetic.
[13:58:52] [Thread-13/ERROR] (EMI) [EMI] Recipe emi:create/shapeless/create/crafting/kinetics/track_observer not present in recipe manager. Consider prefixing its path with '/' if it is synthetic.
[13:58:52] [Thread-13/ERROR] (EMI) [EMI] Recipe emi:create/shapeless/minecraft/dye_blue_wool not present in recipe manager. Consider prefixing its path with '/' if it is synthetic.
[13:58:52] [Thread-13/ERROR] (EMI) [EMI] Recipe emi:create/shapeless/create/polished_cut_asurine_slab_recycling not present in recipe manager. Consider prefixing its path with '/' if it is synthetic.
[13:58:52] [Thread-13/ERROR] (EMI) [EMI] Recipe emi:create/shapeless/minecraft/waxed_weathered_cut_copper_from_honeycomb not present in recipe manager. Consider prefixing its path with '/' if it is synthetic.
[13:58:52] [Thread-13/ERROR] (EMI) [EMI] Recipe emi:create/shapeless/minecraft/dye_red_bed not present in recipe manager. Consider prefixing its path with '/' if it is synthetic.
[13:58:52] [Thread-13/ERROR] (EMI) [EMI] Recipe emi:create/shapeless/minecraft/cherry_chest_boat not present in recipe manager. Consider prefixing its path with '/' if it is synthetic.
[13:58:52] [Thread-13/ERROR] (EMI) [EMI] Recipe emi:create/shapeless/create/crafting/kinetics/gearshift not present in recipe manager. Consider prefixing its path with '/' if it is synthetic.
[13:58:52] [Thread-13/ERROR] (EMI) [EMI] Recipe emi:create/shapeless/minecraft/dye_lime_bed not present in recipe manager. Consider prefixing its path with '/' if it is synthetic.
[13:58:52] [Thread-13/ERROR] (EMI) [EMI] Recipe emi:create/shapeless/minecraft/light_gray_dye_from_gray_white_dye not present in recipe manager. Consider prefixing its path with '/' if it is synthetic.
[13:58:52] [Thread-13/ERROR] (EMI) [EMI] Recipe emi:create/shapeless/create/polished_cut_scorchia_slab_recycling not present in recipe manager. Consider prefixing its path with '/' if it is synthetic.
[13:58:52] [Thread-13/ERROR] (EMI) [EMI] Recipe emi:create/shapeless/minecraft/magenta_dye_from_purple_and_pink not present in recipe manager. Consider prefixing its path with '/' if it is synthetic.
[13:58:52] [Thread-13/ERROR] (EMI) [EMI] Recipe emi:create/shapeless/minecraft/oak_chest_boat not present in recipe manager. Consider prefixing its path with '/' if it is synthetic.
[13:58:52] [Thread-13/ERROR] (EMI) [EMI] Recipe emi:create/shapeless/create/cut_calcite_brick_slab_recycling not present in recipe manager. Consider prefixing its path with '/' if it is synthetic.
[13:58:52] [Thread-13/ERROR] (EMI) [EMI] Recipe emi:create/shapeless/create/cut_dripstone_slab_recycling not present in recipe manager. Consider prefixing its path with '/' if it is synthetic.
[13:58:52] [Thread-13/ERROR] (EMI) [EMI] Recipe emi:create/shapeless/minecraft/dye_magenta_wool not present in recipe manager. Consider prefixing its path with '/' if it is synthetic.
[13:58:52] [Thread-13/ERROR] (EMI) [EMI] Recipe emi:create/shapeless/create/crafting/kinetics/yellow_seat not present in recipe manager. Consider prefixing its path with '/' if it is synthetic.
[13:58:52] [Thread-13/ERROR] (EMI) [EMI] Recipe emi:create/shapeless/create/crafting/kinetics/lime_seat not present in recipe manager. Consider prefixing its path with '/' if it is synthetic.
[13:58:52] [Thread-13/ERROR] (EMI) [EMI] Recipe emi:create/shapeless/minecraft/waxed_oxidized_cut_copper_slab_from_honeycomb not present in recipe manager. Consider prefixing its path with '/' if it is synthetic.
[13:58:52] [Thread-13/ERROR] (EMI) [EMI] Recipe emi:create/shapeless/create/polished_cut_veridium_slab_recycling not present in recipe manager. Consider prefixing its path with '/' if it is synthetic.
[13:58:52] [Thread-13/ERROR] (EMI) [EMI] Recipe emi:create/shapeless/create/crafting/kinetics/rose_quartz_lamp not present in recipe manager. Consider prefixing its path with '/' if it is synthetic.
[13:58:52] [Thread-13/ERROR] (EMI) [EMI] Recipe emi:create/shapeless/create/crafting/kinetics/sequenced_gearshift not present in recipe manager. Consider prefixing its path with '/' if it is synthetic.
[13:58:52] [Thread-13/ERROR] (EMI) [EMI] Recipe emi:create/shapeless/create/crafting/kinetics/green_seat not present in recipe manager. Consider prefixing its path with '/' if it is synthetic.
[13:58:52] [Thread-13/ERROR] (EMI) [EMI] Recipe emi:create/shapeless/create/crafting/kinetics/black_seat not present in recipe manager. Consider prefixing its path with '/' if it is synthetic.
[13:58:52] [Thread-13/ERROR] (EMI) [EMI] Recipe emi:create/shapeless/create/crafting/schematics/schematic_and_quill not present in recipe manager. Consider prefixing its path with '/' if it is synthetic.
[13:58:52] [Thread-13/ERROR] (EMI) [EMI] Recipe emi:create/shapeless/minecraft/dye_blue_bed not present in recipe manager. Consider prefixing its path with '/' if it is synthetic.
[13:58:52] [Thread-13/ERROR] (EMI) [EMI] Recipe emi:create/shapeless/create/crafting/kinetics/portable_fluid_interface not present in recipe manager. Consider prefixing its path with '/' if it is synthetic.
[13:58:52] [Thread-13/ERROR] (EMI) [EMI] Recipe emi:create/shapeless/minecraft/dye_light_blue_carpet not present in recipe manager. Consider prefixing its path with '/' if it is synthetic.
[13:58:52] [Thread-13/ERROR] (EMI) [EMI] Recipe emi:create/shapeless/minecraft/dark_oak_chest_boat not present in recipe manager. Consider prefixing its path with '/' if it is synthetic.
[13:58:52] [Thread-13/ERROR] (EMI) [EMI] Recipe emi:create/shapeless/create/crafting/copper/waxed_copper_shingles_from_honeycomb not present in recipe manager. Consider prefixing its path with '/' if it is synthetic.
[13:58:52] [Thread-13/ERROR] (EMI) [EMI] Recipe emi:create/shapeless/minecraft/dye_red_carpet not present in recipe manager. Consider prefixing its path with '/' if it is synthetic.
[13:58:52] [Thread-13/ERROR] (EMI) [EMI] Recipe emi:create/shapeless/create/crafting/copper/waxed_oxidized_copper_shingles_from_honeycomb not present in recipe manager. Consider prefixing its path with '/' if it is synthetic.
[13:58:52] [Thread-13/ERROR] (EMI) [EMI] Recipe emi:create/shapeless/minecraft/acacia_chest_boat not present in recipe manager. Consider prefixing its path with '/' if it is synthetic.
[13:58:52] [Thread-13/ERROR] (EMI) [EMI] Recipe emi:create/shapeless/create/small_scorchia_brick_slab_recycling not present in recipe manager. Consider prefixing its path with '/' if it is synthetic.
[13:58:52] [Thread-13/ERROR] (EMI) [EMI] Recipe emi:create/shapeless/create/crafting/kinetics/blue_seat_from_other_seat not present in recipe manager. Consider prefixing its path with '/' if it is synthetic.
[13:58:52] [Thread-13/ERROR] (EMI) [EMI] Recipe emi:create/shapeless/create/small_ochrum_brick_slab_recycling not present in recipe manager. Consider prefixing its path with '/' if it is synthetic.
[13:58:52] [Thread-13/ERROR] (EMI) [EMI] Recipe emi:create/shapeless/create/cut_asurine_brick_slab_recycling not present in recipe manager. Consider prefixing its path with '/' if it is synthetic.
[13:58:52] [Thread-13/ERROR] (EMI) [EMI] Recipe emi:create/shapeless/create/crafting/kinetics/brown_valve_handle_from_other_valve_handle not present in recipe manager. Consider prefixing its path with '/' if it is synthetic.
[13:58:52] [Thread-13/ERROR] (EMI) [EMI] Recipe emi:create/shapeless/create/cut_deepslate_brick_slab_recycling not present in recipe manager. Consider prefixing its path with '/' if it is synthetic.
[13:58:52] [Thread-13/ERROR] (EMI) [EMI] Recipe emi:create/shapeless/minecraft/waxed_exposed_copper_from_honeycomb not present in recipe manager. Consider prefixing its path with '/' if it is synthetic.
[13:58:52] [Thread-13/ERROR] (EMI) [EMI] Recipe emi:create/shapeless/create/crafting/kinetics/pink_seat_from_other_seat not present in recipe manager. Consider prefixing its path with '/' if it is synthetic.
[13:58:52] [Thread-13/ERROR] (EMI) [EMI] Recipe emi:create/shapeless/minecraft/waxed_cut_copper_slab_from_honeycomb not present in recipe manager. Consider prefixing its path with '/' if it is synthetic.
[13:58:52] [Thread-13/ERROR] (EMI) [EMI] Recipe emi:create/shapeless/create/crafting/kinetics/placard not present in recipe manager. Consider prefixing its path with '/' if it is synthetic.
[13:58:52] [Thread-13/ERROR] (EMI) [EMI] Recipe emi:create/shapeless/minecraft/honey_bottle not present in recipe manager. Consider prefixing its path with '/' if it is synthetic.
[13:58:52] [Thread-13/ERROR] (EMI) [EMI] Recipe emi:create/shapeless/create/crafting/copper/waxed_copper_tile_stairs_from_honeycomb not present in recipe manager. Consider prefixing its path with '/' if it is synthetic.
[13:58:52] [Thread-13/ERROR] (EMI) [EMI] Recipe emi:create/shapeless/create/crafting/kinetics/andesite_door not present in recipe manager. Consider prefixing its path with '/' if it is synthetic.
[13:58:52] [Thread-13/ERROR] (EMI) [EMI] Recipe emi:create/shapeless/create/crafting/kinetics/white_valve_handle_from_other_valve_handle not present in recipe manager. Consider prefixing its path with '/' if it is synthetic.
[13:58:52] [Thread-13/ERROR] (EMI) [EMI] Recipe emi:create/shapeless/create/crafting/kinetics/light_blue_seat_from_other_seat not present in recipe manager. Consider prefixing its path with '/' if it is synthetic.
[13:58:52] [Thread-13/ERROR] (EMI) [EMI] Recipe emi:create/shapeless/create/crafting/kinetics/purple_seat_from_other_seat not present in recipe manager. Consider prefixing its path with '/' if it is synthetic.
[13:58:52] [Thread-13/ERROR] (EMI) [EMI] Recipe emi:create/shapeless/minecraft/orange_concrete_powder not present in recipe manager. Consider prefixing its path with '/' if it is synthetic.
[13:58:52] [Thread-13/ERROR] (EMI) [EMI] Recipe emi:create/shapeless/create/small_limestone_brick_slab_recycling not present in recipe manager. Consider prefixing its path with '/' if it is synthetic.
[13:58:52] [Thread-13/ERROR] (EMI) [EMI] Recipe emi:create/shapeless/create/crafting/copper/waxed_copper_shingle_slab_from_honeycomb not present in recipe manager. Consider prefixing its path with '/' if it is synthetic.
[13:58:52] [Thread-13/ERROR] (EMI) [EMI] Recipe emi:create/shapeless/create/cut_calcite_slab_recycling not present in recipe manager. Consider prefixing its path with '/' if it is synthetic.
[13:58:52] [Thread-13/ERROR] (EMI) [EMI] Recipe emi:create/shapeless/create/cut_ochrum_slab_recycling not present in recipe manager. Consider prefixing its path with '/' if it is synthetic.
[13:58:52] [Thread-13/ERROR] (EMI) [EMI] Recipe emi:create/shapeless/create/crafting/copper/waxed_oxidized_copper_shingle_slab_from_honeycomb not present in recipe manager. Consider prefixing its path with '/' if it is synthetic.
[13:58:52] [Thread-13/ERROR] (EMI) [EMI] Recipe emi:create/shapeless/minecraft/dye_pink_bed not present in recipe manager. Consider prefixing its path with '/' if it is synthetic.
[13:58:52] [Thread-13/ERROR] (EMI) [EMI] Recipe emi:create/shapeless/create/polished_cut_deepslate_slab_recycling not present in recipe manager. Consider prefixing its path with '/' if it is synthetic.
[13:58:52] [Thread-13/ERROR] (EMI) [EMI] Recipe emi:create/shapeless/create/crafting/kinetics/pink_seat not present in recipe manager. Consider prefixing its path with '/' if it is synthetic.
[13:58:52] [Thread-13/ERROR] (EMI) [EMI] Recipe emi:create/shapeless/create/cut_ochrum_brick_slab_recycling not present in recipe manager. Consider prefixing its path with '/' if it is synthetic.
[13:58:52] [Thread-13/ERROR] (EMI) [EMI] Recipe emi:create/shapeless/minecraft/skull_banner_pattern not present in recipe manager. Consider prefixing its path with '/' if it is synthetic.
[13:58:52] [Thread-13/ERROR] (EMI) [EMI] Recipe emi:create/shapeless/create/small_diorite_brick_slab_recycling not present in recipe manager. Consider prefixing its path with '/' if it is synthetic.
[13:58:52] [Thread-13/ERROR] (EMI) [EMI] Recipe emi:create/shapeless/minecraft/granite not present in recipe manager. Consider prefixing its path with '/' if it is synthetic.
[13:58:52] [Thread-13/ERROR] (EMI) [EMI] Recipe emi:create/shapeless/minecraft/waxed_exposed_cut_copper_stairs_from_honeycomb not present in recipe manager. Consider prefixing its path with '/' if it is synthetic.
[13:58:52] [Thread-13/ERROR] (EMI) [EMI] Recipe emi:create/shapeless/create/crafting/kinetics/clutch not present in recipe manager. Consider prefixing its path with '/' if it is synthetic.
[13:58:52] [Thread-13/ERROR] (EMI) [EMI] Recipe emi:create/shapeless/minecraft/dye_cyan_carpet not present in recipe manager. Consider prefixing its path with '/' if it is synthetic.
[13:58:52] [Thread-13/ERROR] (EMI) [EMI] Recipe emi:create/shapeless/minecraft/firework_rocket_simple not present in recipe manager. Consider prefixing its path with '/' if it is synthetic.
[13:58:52] [Thread-13/ERROR] (EMI) [EMI] Recipe emi:create/shapeless/minecraft/andesite not present in recipe manager. Consider prefixing its path with '/' if it is synthetic.
[13:58:52] [Thread-13/ERROR] (EMI) [EMI] Recipe emi:create/shapeless/create/crafting/kinetics/lime_seat_from_other_seat not present in recipe manager. Consider prefixing its path with '/' if it is synthetic.
[13:58:52] [Thread-13/ERROR] (EMI) [EMI] Recipe emi:create/shapeless/minecraft/waxed_exposed_cut_copper_slab_from_honeycomb not present in recipe manager. Consider prefixing its path with '/' if it is synthetic.
[13:58:52] [Thread-13/ERROR] (EMI) [EMI] Recipe emi:create/shapeless/create/crafting/copper/waxed_oxidized_copper_tile_stairs_from_honeycomb not present in recipe manager. Consider prefixing its path with '/' if it is synthetic.
[13:58:52] [Thread-13/ERROR] (EMI) [EMI] Recipe emi:create/shapeless/create/crafting/copper/waxed_weathered_copper_tile_slab_from_honeycomb not present in recipe manager. Consider prefixing its path with '/' if it is synthetic.
[13:58:52] [Thread-13/ERROR] (EMI) [EMI] Recipe emi:create/shapeless/create/cut_limestone_slab_recycling not present in recipe manager. Consider prefixing its path with '/' if it is synthetic.
[13:58:52] [Thread-13/ERROR] (EMI) [EMI] Recipe emi:create/shapeless/minecraft/dye_yellow_carpet not present in recipe manager. Consider prefixing its path with '/' if it is synthetic.
[13:58:52] [Thread-13/ERROR] (EMI) [EMI] Recipe emi:create/shapeless/create/crafting/kinetics/orange_seat_from_other_seat not present in recipe manager. Consider prefixing its path with '/' if it is synthetic.
[13:58:52] [Thread-13/ERROR] (EMI) [EMI] Recipe emi:create/shapeless/minecraft/white_candle not present in recipe manager. Consider prefixing its path with '/' if it is synthetic.
[13:58:52] [Thread-13/ERROR] (EMI) [EMI] Recipe emi:create/shapeless/minecraft/dye_white_wool not present in recipe manager. Consider prefixing its path with '/' if it is synthetic.
[13:58:52] [Thread-13/ERROR] (EMI) [EMI] Recipe emi:create/shapeless/create/crafting/kinetics/red_seat not present in recipe manager. Consider prefixing its path with '/' if it is synthetic.
[13:58:52] [Thread-13/ERROR] (EMI) [EMI] Recipe emi:create/shapeless/create/cut_veridium_brick_slab_recycling not present in recipe manager. Consider prefixing its path with '/' if it is synthetic.
[13:58:52] [Thread-13/ERROR] (EMI) [EMI] Recipe emi:create/shapeless/create/polished_cut_calcite_slab_recycling not present in recipe manager. Consider prefixing its path with '/' if it is synthetic.
[13:58:52] [Thread-13/ERROR] (EMI) [EMI] Recipe emi:create/shapeless/create/crafting/kinetics/brown_seat_from_other_seat not present in recipe manager. Consider prefixing its path with '/' if it is synthetic.
[13:58:52] [Thread-13/ERROR] (EMI) [EMI] Recipe emi:create/shapeless/minecraft/dye_light_gray_carpet not present in recipe manager. Consider prefixing its path with '/' if it is synthetic.
[13:58:52] [Thread-13/ERROR] (EMI) [EMI] Recipe emi:create/shapeless/create/crafting/kinetics/red_seat_from_other_seat not present in recipe manager. Consider prefixing its path with '/' if it is synthetic.
[13:58:52] [Thread-13/ERROR] (EMI) [EMI] Recipe emi:create/shapeless/create/crafting/kinetics/track_observer_from_other_plates not present in recipe manager. Consider prefixing its path with '/' if it is synthetic.
[13:58:52] [Thread-13/ERROR] (EMI) [EMI] Recipe emi:create/shapeless/minecraft/dye_purple_carpet not present in recipe manager. Consider prefixing its path with '/' if it is synthetic.
[13:58:52] [Thread-13/ERROR] (EMI) [EMI] Recipe emi:create/shapeless/minecraft/dye_orange_carpet not present in recipe manager. Consider prefixing its path with '/' if it is synthetic.
[13:58:52] [Thread-13/ERROR] (EMI) [EMI] Recipe emi:create/shapeless/create/crafting/kinetics/orange_seat not present in recipe manager. Consider prefixing its path with '/' if it is synthetic.
[13:58:52] [Thread-13/ERROR] (EMI) [EMI] Recipe emi:create/shapeless/minecraft/dye_cyan_bed not present in recipe manager. Consider prefixing its path with '/' if it is synthetic.
[13:58:52] [Thread-13/ERROR] (EMI) [EMI] Recipe emi:create/shapeless/minecraft/waxed_oxidized_copper_from_honeycomb not present in recipe manager. Consider prefixing its path with '/' if it is synthetic.
[13:58:52] [Thread-13/ERROR] (EMI) [EMI] Recipe emi:create/shapeless/create/crafting/kinetics/copper_door not present in recipe manager. Consider prefixing its path with '/' if it is synthetic.
[13:58:52] [Thread-13/ERROR] (EMI) [EMI] Recipe emi:create/shapeless/create/crafting/copper/waxed_oxidized_copper_tiles_from_honeycomb not present in recipe manager. Consider prefixing its path with '/' if it is synthetic.
[13:58:52] [Thread-13/ERROR] (EMI) [EMI] Recipe emi:create/shapeless/create/crafting/appliances/tree_fertilizer not present in recipe manager. Consider prefixing its path with '/' if it is synthetic.
[13:58:52] [Thread-13/ERROR] (EMI) [EMI] Recipe emi:create/shapeless/create/crafting/kinetics/light_gray_seat_from_other_seat not present in recipe manager. Consider prefixing its path with '/' if it is synthetic.
[13:58:52] [Thread-13/ERROR] (EMI) [EMI] Recipe emi:create/shapeless/minecraft/magma_cream not present in recipe manager. Consider prefixing its path with '/' if it is synthetic.
[13:58:52] [Thread-13/ERROR] (EMI) [EMI] Recipe emi:create/shapeless/create/polished_cut_limestone_slab_recycling not present in recipe manager. Consider prefixing its path with '/' if it is synthetic.
[13:58:52] [Thread-13/ERROR] (EMI) [EMI] Recipe emi:create/shapeless/minecraft/light_gray_candle not present in recipe manager. Consider prefixing its path with '/' if it is synthetic.
[13:58:52] [Thread-13/ERROR] (EMI) [EMI] Recipe emi:create/shapeless/minecraft/birch_chest_boat not present in recipe manager. Consider prefixing its path with '/' if it is synthetic.
[13:58:52] [Thread-13/ERROR] (EMI) [EMI] Recipe emi:create/shapeless/create/cut_dripstone_brick_slab_recycling not present in recipe manager. Consider prefixing its path with '/' if it is synthetic.
[13:58:52] [Thread-13/ERROR] (EMI) [EMI] Recipe emi:create/shapeless/minecraft/dye_lime_carpet not present in recipe manager. Consider prefixing its path with '/' if it is synthetic.
[13:58:52] [Thread-13/ERROR] (EMI) [EMI] Recipe emi:create/shapeless/create/crafting/kinetics/fluid_valve not present in recipe manager. Consider prefixing its path with '/' if it is synthetic.
[13:58:52] [Thread-13/ERROR] (EMI) [EMI] Recipe emi:create/shapeless/minecraft/ender_eye not present in recipe manager. Consider prefixing its path with '/' if it is synthetic.
[13:58:52] [Thread-13/ERROR] (EMI) [EMI] Recipe emi:create/shapeless/create/crafting/kinetics/purple_seat not present in recipe manager. Consider prefixing its path with '/' if it is synthetic.
[13:58:52] [Thread-13/ERROR] (EMI) [EMI] Recipe emi:create/shapeless/create/crafting/kinetics/pink_valve_handle_from_other_valve_handle not present in recipe manager. Consider prefixing its path with '/' if it is synthetic.
[13:58:52] [Thread-13/ERROR] (EMI) [EMI] Recipe emi:create/shapeless/create/cut_scorchia_brick_slab_recycling not present in recipe manager. Consider prefixing its path with '/' if it is synthetic.
[13:58:52] [Thread-13/ERROR] (EMI) [EMI] Recipe emi:create/shapeless/minecraft/chest_minecart not present in recipe manager. Consider prefixing its path with '/' if it is synthetic.
[13:58:52] [Thread-13/ERROR] (EMI) [EMI] Recipe emi:create/shapeless/create/crafting/kinetics/white_seat not present in recipe manager. Consider prefixing its path with '/' if it is synthetic.
[13:58:52] [Thread-13/ERROR] (EMI) [EMI] Recipe emi:create/shapeless/minecraft/green_candle not present in recipe manager. Consider prefixing its path with '/' if it is synthetic.
[13:58:52] [Thread-13/ERROR] (EMI) [EMI] Recipe emi:create/shapeless/minecraft/dye_blue_carpet not present in recipe manager. Consider prefixing its path with '/' if it is synthetic.
[13:58:52] [Thread-13/ERROR] (EMI) [EMI] Recipe emi:create/shapeless/minecraft/waxed_weathered_cut_copper_stairs_from_honeycomb not present in recipe manager. Consider prefixing its path with '/' if it is synthetic.
[13:58:52] [Thread-13/ERROR] (EMI) [EMI] Recipe emi:create/shapeless/minecraft/fermented_spider_eye not present in recipe manager. Consider prefixing its path with '/' if it is synthetic.
[13:58:52] [Thread-13/ERROR] (EMI) [EMI] Recipe emi:create/shapeless/create/crafting/copper/waxed_exposed_copper_shingle_stairs_from_honeycomb not present in recipe manager. Consider prefixing its path with '/' if it is synthetic.
[13:58:52] [Thread-13/ERROR] (EMI) [EMI] Recipe emi:create/shapeless/minecraft/dye_cyan_wool not present in recipe manager. Consider prefixing its path with '/' if it is synthetic.
[13:58:52] [Thread-13/ERROR] (EMI) [EMI] Recipe emi:create/shapeless/minecraft/pumpkin_pie not present in recipe manager. Consider prefixing its path with '/' if it is synthetic.
[13:58:52] [Thread-13/ERROR] (EMI) [EMI] Recipe emi:create/shapeless/create/polished_cut_granite_slab_recycling not present in recipe manager. Consider prefixing its path with '/' if it is synthetic.
[13:58:52] [Thread-13/ERROR] (EMI) [EMI] Recipe emi:create/shapeless/create/crafting/appliances/dough not present in recipe manager. Consider prefixing its path with '/' if it is synthetic.
[13:58:52] [Thread-13/ERROR] (EMI) [EMI] Recipe emi:create/shapeless/minecraft/dye_black_wool not present in recipe manager. Consider prefixing its path with '/' if it is synthetic.
[13:58:52] [Thread-13/ERROR] (EMI) [EMI] Recipe emi:create/shapeless/minecraft/dye_green_wool not present in recipe manager. Consider prefixing its path with '/' if it is synthetic.
[13:58:52] [Thread-13/ERROR] (EMI) [EMI] Recipe emi:create/shapeless/minecraft/hopper_minecart not present in recipe manager. Consider prefixing its path with '/' if it is synthetic.
[13:58:52] [Thread-13/ERROR] (EMI) [EMI] Recipe emi:create/shapeless/minecraft/dye_pink_carpet not present in recipe manager. Consider prefixing its path with '/' if it is synthetic.
[13:58:52] [Thread-13/ERROR] (EMI) [EMI] Recipe emi:create/shapeless/create/cut_deepslate_slab_recycling not present in recipe manager. Consider prefixing its path with '/' if it is synthetic.
[13:58:52] [Thread-13/ERROR] (EMI) [EMI] Recipe emi:create/shapeless/minecraft/waxed_cut_copper_stairs_from_honeycomb not present in recipe manager. Consider prefixing its path with '/' if it is synthetic.
[13:58:52] [Thread-13/ERROR] (EMI) [EMI] Recipe emi:create/shapeless/create/cut_diorite_brick_slab_recycling not present in recipe manager. Consider prefixing its path with '/' if it is synthetic.
[13:58:52] [Thread-13/ERROR] (EMI) [EMI] Recipe emi:create/shapeless/minecraft/dye_brown_bed not present in recipe manager. Consider prefixing its path with '/' if it is synthetic.
[13:58:52] [Thread-13/ERROR] (EMI) [EMI] Recipe emi:create/shapeless/minecraft/black_candle not present in recipe manager. Consider prefixing its path with '/' if it is synthetic.
[13:58:52] [Thread-13/ERROR] (EMI) [EMI] Recipe emi:create/shapeless/minecraft/light_gray_concrete_powder not present in recipe manager. Consider prefixing its path with '/' if it is synthetic.
[13:58:52] [Thread-13/ERROR] (EMI) [EMI] Recipe emi:create/shapeless/create/crafting/copper/waxed_exposed_copper_tile_slab_from_honeycomb not present in recipe manager. Consider prefixing its path with '/' if it is synthetic.
[13:58:52] [Thread-13/ERROR] (EMI) [EMI] Recipe emi:create/shapeless/create/crafting/kinetics/green_seat_from_other_seat not present in recipe manager. Consider prefixing its path with '/' if it is synthetic.
[13:58:52] [Thread-13/ERROR] (EMI) [EMI] Recipe emi:create/shapeless/minecraft/dye_brown_wool not present in recipe manager. Consider prefixing its path with '/' if it is synthetic.
[13:58:52] [Thread-13/ERROR] (EMI) [EMI] Recipe emi:create/shapeless/minecraft/lime_dye not present in recipe manager. Consider prefixing its path with '/' if it is synthetic.
[13:58:52] [Thread-13/ERROR] (EMI) [EMI] Recipe emi:create/shapeless/create/crafting/kinetics/purple_valve_handle_from_other_valve_handle not present in recipe manager. Consider prefixing its path with '/' if it is synthetic.
[13:58:52] [Thread-13/ERROR] (EMI) [EMI] Recipe emi:create/shapeless/minecraft/orange_candle not present in recipe manager. Consider prefixing its path with '/' if it is synthetic.
[13:58:52] [Thread-13/ERROR] (EMI) [EMI] Recipe emi:create/shapeless/create/cut_veridium_slab_recycling not present in recipe manager. Consider prefixing its path with '/' if it is synthetic.
[13:58:52] [Thread-13/ERROR] (EMI) [EMI] Recipe emi:create/shapeless/minecraft/purple_dye not present in recipe manager. Consider prefixing its path with '/' if it is synthetic.
[13:58:52] [Thread-13/ERROR] (EMI) [EMI] Recipe emi:create/shapeless/create/crafting/appliances/slime_ball not present in recipe manager. Consider prefixing its path with '/' if it is synthetic.
[13:58:52] [Thread-13/ERROR] (EMI) [EMI] Recipe emi:create/shapeless/create/crafting/copper/waxed_copper_shingle_stairs_from_honeycomb not present in recipe manager. Consider prefixing its path with '/' if it is synthetic.
[13:58:52] [Thread-13/ERROR] (EMI) [EMI] Recipe emi:create/shapeless/create/crafting/copper/waxed_weathered_copper_shingles_from_honeycomb not present in recipe manager. Consider prefixing its path with '/' if it is synthetic.
[13:58:52] [Thread-13/ERROR] (EMI) [EMI] Recipe emi:create/shapeless/minecraft/light_blue_dye_from_blue_white_dye not present in recipe manager. Consider prefixing its path with '/' if it is synthetic.
[13:58:52] [Thread-13/ERROR] (EMI) [EMI] Recipe emi:create/shapeless/minecraft/cyan_dye not present in recipe manager. Consider prefixing its path with '/' if it is synthetic.
[13:58:52] [Thread-13/ERROR] (EMI) [EMI] Recipe emi:create/shapeless/create/crafting/kinetics/gray_seat_from_other_seat not present in recipe manager. Consider prefixing its path with '/' if it is synthetic.
[13:58:52] [Thread-13/ERROR] (EMI) [EMI] Recipe emi:create/shapeless/create/cut_scoria_brick_slab_recycling not present in recipe manager. Consider prefixing its path with '/' if it is synthetic.
[13:58:52] [Thread-13/ERROR] (EMI) [EMI] Recipe emi:create/shapeless/minecraft/packed_mud not present in recipe manager. Consider prefixing its path with '/' if it is synthetic.
[13:58:52] [Thread-13/ERROR] (EMI) [EMI] Recipe emi:create/shapeless/minecraft/dye_purple_bed not present in recipe manager. Consider prefixing its path with '/' if it is synthetic.
[13:58:52] [Thread-13/ERROR] (EMI) [EMI] Recipe emi:create/shapeless/create/crafting/copper/waxed_exposed_copper_shingle_slab_from_honeycomb not present in recipe manager. Consider prefixing its path with '/' if it is synthetic.
[13:58:52] [Thread-13/ERROR] (EMI) [EMI] Recipe emi:create/shapeless/minecraft/dye_purple_wool not present in recipe manager. Consider prefixing its path with '/' if it is synthetic.
[13:58:52] [Thread-13/ERROR] (EMI) [EMI] Recipe emi:create/shapeless/create/crafting/kinetics/white_seat_from_other_seat not present in recipe manager. Consider prefixing its path with '/' if it is synthetic.
[13:58:52] [Thread-13/ERROR] (EMI) [EMI] Recipe create:potion_mixing_vanilla_0 not present in recipe manager. Consider prefixing its path with '/' if it is synthetic.
[13:58:52] [Thread-13/ERROR] (EMI) [EMI] Recipe create:potion_mixing_vanilla_1 not present in recipe manager. Consider prefixing its path with '/' if it is synthetic.
[13:58:52] [Thread-13/ERROR] (EMI) [EMI] Recipe create:potion_mixing_vanilla_2 not present in recipe manager. Consider prefixing its path with '/' if it is synthetic.
[13:58:52] [Thread-13/ERROR] (EMI) [EMI] Recipe create:potion_mixing_vanilla_3 not present in recipe manager. Consider prefixing its path with '/' if it is synthetic.
[13:58:52] [Thread-13/ERROR] (EMI) [EMI] Recipe create:potion_mixing_vanilla_4 not present in recipe manager. Consider prefixing its path with '/' if it is synthetic.
[13:58:52] [Thread-13/ERROR] (EMI) [EMI] Recipe create:potion_mixing_vanilla_5 not present in recipe manager. Consider prefixing its path with '/' if it is synthetic.
[13:58:52] [Thread-13/ERROR] (EMI) [EMI] Recipe create:potion_mixing_vanilla_6 not present in recipe manager. Consider prefixing its path with '/' if it is synthetic.
[13:58:52] [Thread-13/ERROR] (EMI) [EMI] Recipe create:potion_mixing_vanilla_7 not present in recipe manager. Consider prefixing its path with '/' if it is synthetic.
[13:58:52] [Thread-13/ERROR] (EMI) [EMI] Recipe create:potion_mixing_vanilla_8 not present in recipe manager. Consider prefixing its path with '/' if it is synthetic.
[13:58:52] [Thread-13/ERROR] (EMI) [EMI] Recipe create:potion_mixing_vanilla_9 not present in recipe manager. Consider prefixing its path with '/' if it is synthetic.
[13:58:52] [Thread-13/ERROR] (EMI) [EMI] Recipe create:potion_mixing_vanilla_10 not present in recipe manager. Consider prefixing its path with '/' if it is synthetic.
[13:58:52] [Thread-13/ERROR] (EMI) [EMI] Recipe create:potion_mixing_vanilla_11 not present in recipe manager. Consider prefixing its path with '/' if it is synthetic.
[13:58:52] [Thread-13/ERROR] (EMI) [EMI] Recipe create:potion_mixing_vanilla_12 not present in recipe manager. Consider prefixing its path with '/' if it is synthetic.
[13:58:52] [Thread-13/ERROR] (EMI) [EMI] Recipe create:potion_mixing_vanilla_13 not present in recipe manager. Consider prefixing its path with '/' if it is synthetic.
[13:58:52] [Thread-13/ERROR] (EMI) [EMI] Recipe create:potion_mixing_vanilla_14 not present in recipe manager. Consider prefixing its path with '/' if it is synthetic.
[13:58:52] [Thread-13/ERROR] (EMI) [EMI] Recipe create:potion_mixing_vanilla_15 not present in recipe manager. Consider prefixing its path with '/' if it is synthetic.
[13:58:52] [Thread-13/ERROR] (EMI) [EMI] Recipe create:potion_mixing_vanilla_16 not present in recipe manager. Consider prefixing its path with '/' if it is synthetic.
[13:58:52] [Thread-13/ERROR] (EMI) [EMI] Recipe create:potion_mixing_vanilla_17 not present in recipe manager. Consider prefixing its path with '/' if it is synthetic.
[13:58:52] [Thread-13/ERROR] (EMI) [EMI] Recipe create:potion_mixing_vanilla_18 not present in recipe manager. Consider prefixing its path with '/' if it is synthetic.
[13:58:52] [Thread-13/ERROR] (EMI) [EMI] Recipe create:potion_mixing_vanilla_19 not present in recipe manager. Consider prefixing its path with '/' if it is synthetic.
[13:58:52] [Thread-13/ERROR] (EMI) [EMI] Recipe create:potion_mixing_vanilla_20 not present in recipe manager. Consider prefixing its path with '/' if it is synthetic.
[13:58:52] [Thread-13/ERROR] (EMI) [EMI] Recipe create:potion_mixing_vanilla_21 not present in recipe manager. Consider prefixing its path with '/' if it is synthetic.
[13:58:52] [Thread-13/ERROR] (EMI) [EMI] Recipe create:potion_mixing_vanilla_22 not present in recipe manager. Consider prefixing its path with '/' if it is synthetic.
[13:58:52] [Thread-13/ERROR] (EMI) [EMI] Recipe create:potion_mixing_vanilla_23 not present in recipe manager. Consider prefixing its path with '/' if it is synthetic.
[13:58:52] [Thread-13/ERROR] (EMI) [EMI] Recipe create:potion_mixing_vanilla_24 not present in recipe manager. Consider prefixing its path with '/' if it is synthetic.
[13:58:52] [Thread-13/ERROR] (EMI) [EMI] Recipe create:potion_mixing_vanilla_25 not present in recipe manager. Consider prefixing its path with '/' if it is synthetic.
[13:58:52] [Thread-13/ERROR] (EMI) [EMI] Recipe create:potion_mixing_vanilla_26 not present in recipe manager. Consider prefixing its path with '/' if it is synthetic.
[13:58:52] [Thread-13/ERROR] (EMI) [EMI] Recipe create:potion_mixing_vanilla_27 not present in recipe manager. Consider prefixing its path with '/' if it is synthetic.
[13:58:52] [Thread-13/ERROR] (EMI) [EMI] Recipe create:potion_mixing_vanilla_28 not present in recipe manager. Consider prefixing its path with '/' if it is synthetic.
[13:58:52] [Thread-13/ERROR] (EMI) [EMI] Recipe create:potion_mixing_vanilla_29 not present in recipe manager. Consider prefixing its path with '/' if it is synthetic.
[13:58:52] [Thread-13/ERROR] (EMI) [EMI] Recipe create:potion_mixing_vanilla_30 not present in recipe manager. Consider prefixing its path with '/' if it is synthetic.
[13:58:52] [Thread-13/ERROR] (EMI) [EMI] Recipe create:potion_mixing_vanilla_31 not present in recipe manager. Consider prefixing its path with '/' if it is synthetic.
[13:58:52] [Thread-13/ERROR] (EMI) [EMI] Recipe create:potion_mixing_vanilla_32 not present in recipe manager. Consider prefixing its path with '/' if it is synthetic.
[13:58:52] [Thread-13/ERROR] (EMI) [EMI] Recipe create:potion_mixing_vanilla_33 not present in recipe manager. Consider prefixing its path with '/' if it is synthetic.
[13:58:52] [Thread-13/ERROR] (EMI) [EMI] Recipe create:potion_mixing_vanilla_34 not present in recipe manager. Consider prefixing its path with '/' if it is synthetic.
[13:58:52] [Thread-13/ERROR] (EMI) [EMI] Recipe create:potion_mixing_vanilla_35 not present in recipe manager. Consider prefixing its path with '/' if it is synthetic.
[13:58:52] [Thread-13/ERROR] (EMI) [EMI] Recipe create:potion_mixing_vanilla_36 not present in recipe manager. Consider prefixing its path with '/' if it is synthetic.
[13:58:52] [Thread-13/ERROR] (EMI) [EMI] Recipe create:potion_mixing_vanilla_37 not present in recipe manager. Consider prefixing its path with '/' if it is synthetic.
[13:58:52] [Thread-13/ERROR] (EMI) [EMI] Recipe create:potion_mixing_vanilla_38 not present in recipe manager. Consider prefixing its path with '/' if it is synthetic.
[13:58:52] [Thread-13/ERROR] (EMI) [EMI] Recipe create:potion_mixing_vanilla_39 not present in recipe manager. Consider prefixing its path with '/' if it is synthetic.
[13:58:52] [Thread-13/ERROR] (EMI) [EMI] Recipe create:potion_mixing_vanilla_40 not present in recipe manager. Consider prefixing its path with '/' if it is synthetic.
[13:58:52] [Thread-13/ERROR] (EMI) [EMI] Recipe create:potion_mixing_vanilla_41 not present in recipe manager. Consider prefixing its path with '/' if it is synthetic.
[13:58:52] [Thread-13/ERROR] (EMI) [EMI] Recipe create:potion_mixing_vanilla_42 not present in recipe manager. Consider prefixing its path with '/' if it is synthetic.
[13:58:52] [Thread-13/ERROR] (EMI) [EMI] Recipe create:potion_mixing_vanilla_43 not present in recipe manager. Consider prefixing its path with '/' if it is synthetic.
[13:58:52] [Thread-13/ERROR] (EMI) [EMI] Recipe create:potion_mixing_vanilla_44 not present in recipe manager. Consider prefixing its path with '/' if it is synthetic.
[13:58:52] [Thread-13/ERROR] (EMI) [EMI] Recipe create:potion_mixing_vanilla_45 not present in recipe manager. Consider prefixing its path with '/' if it is synthetic.
[13:58:52] [Thread-13/ERROR] (EMI) [EMI] Recipe create:potion_mixing_vanilla_46 not present in recipe manager. Consider prefixing its path with '/' if it is synthetic.
[13:58:52] [Thread-13/ERROR] (EMI) [EMI] Recipe create:potion_mixing_vanilla_47 not present in recipe manager. Consider prefixing its path with '/' if it is synthetic.
[13:58:52] [Thread-13/ERROR] (EMI) [EMI] Recipe create:potion_mixing_vanilla_48 not present in recipe manager. Consider prefixing its path with '/' if it is synthetic.
[13:58:52] [Thread-13/ERROR] (EMI) [EMI] Recipe create:potion_mixing_vanilla_49 not present in recipe manager. Consider prefixing its path with '/' if it is synthetic.
[13:58:52] [Thread-13/ERROR] (EMI) [EMI] Recipe create:potion_mixing_vanilla_50 not present in recipe manager. Consider prefixing its path with '/' if it is synthetic.
[13:58:52] [Thread-13/ERROR] (EMI) [EMI] Recipe create:potion_mixing_vanilla_51 not present in recipe manager. Consider prefixing its path with '/' if it is synthetic.
[13:58:52] [Thread-13/ERROR] (EMI) [EMI] Recipe create:potion_mixing_vanilla_52 not present in recipe manager. Consider prefixing its path with '/' if it is synthetic.
[13:58:52] [Thread-13/ERROR] (EMI) [EMI] Recipe create:potion_mixing_vanilla_53 not present in recipe manager. Consider prefixing its path with '/' if it is synthetic.
[13:58:52] [Thread-13/ERROR] (EMI) [EMI] Recipe create:potion_mixing_vanilla_54 not present in recipe manager. Consider prefixing its path with '/' if it is synthetic.
[13:58:52] [Thread-13/ERROR] (EMI) [EMI] Recipe create:potion_mixing_vanilla_55 not present in recipe manager. Consider prefixing its path with '/' if it is synthetic.
[13:58:52] [Thread-13/ERROR] (EMI) [EMI] Recipe create:potion_mixing_vanilla_56 not present in recipe manager. Consider prefixing its path with '/' if it is synthetic.
[13:58:52] [Thread-13/ERROR] (EMI) [EMI] Recipe create:potion_mixing_vanilla_57 not present in recipe manager. Consider prefixing its path with '/' if it is synthetic.
[13:58:52] [Thread-13/ERROR] (EMI) [EMI] Recipe create:potion_mixing_vanilla_58 not present in recipe manager. Consider prefixing its path with '/' if it is synthetic.
[13:58:52] [Thread-13/ERROR] (EMI) [EMI] Recipe create:potion_mixing_vanilla_59 not present in recipe manager. Consider prefixing its path with '/' if it is synthetic.
[13:58:52] [Thread-13/ERROR] (EMI) [EMI] Recipe create:potion_mixing_vanilla_60 not present in recipe manager. Consider prefixing its path with '/' if it is synthetic.
[13:58:52] [Thread-13/ERROR] (EMI) [EMI] Recipe create:potion_mixing_vanilla_61 not present in recipe manager. Consider prefixing its path with '/' if it is synthetic.
[13:58:52] [Thread-13/ERROR] (EMI) [EMI] Recipe create:potion_mixing_vanilla_62 not present in recipe manager. Consider prefixing its path with '/' if it is synthetic.
[13:58:52] [Thread-13/ERROR] (EMI) [EMI] Recipe create:potion_mixing_vanilla_63 not present in recipe manager. Consider prefixing its path with '/' if it is synthetic.
[13:58:52] [Thread-13/ERROR] (EMI) [EMI] Recipe create:potion_mixing_vanilla_64 not present in recipe manager. Consider prefixing its path with '/' if it is synthetic.
[13:58:52] [Thread-13/ERROR] (EMI) [EMI] Recipe create:potion_mixing_vanilla_65 not present in recipe manager. Consider prefixing its path with '/' if it is synthetic.
[13:58:52] [Thread-13/ERROR] (EMI) [EMI] Recipe create:potion_mixing_vanilla_66 not present in recipe manager. Consider prefixing its path with '/' if it is synthetic.
[13:58:52] [Thread-13/ERROR] (EMI) [EMI] Recipe create:potion_mixing_vanilla_67 not present in recipe manager. Consider prefixing its path with '/' if it is synthetic.
[13:58:52] [Thread-13/ERROR] (EMI) [EMI] Recipe create:potion_mixing_vanilla_68 not present in recipe manager. Consider prefixing its path with '/' if it is synthetic.
[13:58:52] [Thread-13/ERROR] (EMI) [EMI] Recipe create:potion_mixing_vanilla_69 not present in recipe manager. Consider prefixing its path with '/' if it is synthetic.
[13:58:52] [Thread-13/ERROR] (EMI) [EMI] Recipe create:potion_mixing_vanilla_70 not present in recipe manager. Consider prefixing its path with '/' if it is synthetic.
[13:58:52] [Thread-13/ERROR] (EMI) [EMI] Recipe create:potion_mixing_vanilla_71 not present in recipe manager. Consider prefixing its path with '/' if it is synthetic.
[13:58:52] [Thread-13/ERROR] (EMI) [EMI] Recipe create:potion_mixing_vanilla_72 not present in recipe manager. Consider prefixing its path with '/' if it is synthetic.
[13:58:52] [Thread-13/ERROR] (EMI) [EMI] Recipe create:potion_mixing_vanilla_73 not present in recipe manager. Consider prefixing its path with '/' if it is synthetic.
[13:58:52] [Thread-13/ERROR] (EMI) [EMI] Recipe create:potion_mixing_vanilla_74 not present in recipe manager. Consider prefixing its path with '/' if it is synthetic.
[13:58:52] [Thread-13/ERROR] (EMI) [EMI] Recipe create:potion_mixing_vanilla_75 not present in recipe manager. Consider prefixing its path with '/' if it is synthetic.
[13:58:52] [Thread-13/ERROR] (EMI) [EMI] Recipe create:potion_mixing_vanilla_76 not present in recipe manager. Consider prefixing its path with '/' if it is synthetic.
[13:58:52] [Thread-13/ERROR] (EMI) [EMI] Recipe create:potion_mixing_vanilla_77 not present in recipe manager. Consider prefixing its path with '/' if it is synthetic.
[13:58:52] [Thread-13/ERROR] (EMI) [EMI] Recipe create:potion_mixing_vanilla_78 not present in recipe manager. Consider prefixing its path with '/' if it is synthetic.
[13:58:52] [Thread-13/ERROR] (EMI) [EMI] Recipe create:potion_mixing_vanilla_79 not present in recipe manager. Consider prefixing its path with '/' if it is synthetic.
[13:58:52] [Thread-13/ERROR] (EMI) [EMI] Recipe create:potion_mixing_vanilla_80 not present in recipe manager. Consider prefixing its path with '/' if it is synthetic.
[13:58:52] [Thread-13/ERROR] (EMI) [EMI] Recipe create:potion_mixing_vanilla_81 not present in recipe manager. Consider prefixing its path with '/' if it is synthetic.
[13:58:52] [Thread-13/ERROR] (EMI) [EMI] Recipe create:potion_mixing_vanilla_82 not present in recipe manager. Consider prefixing its path with '/' if it is synthetic.
[13:58:52] [Thread-13/ERROR] (EMI) [EMI] Recipe create:potion_mixing_vanilla_83 not present in recipe manager. Consider prefixing its path with '/' if it is synthetic.
[13:58:52] [Thread-13/ERROR] (EMI) [EMI] Recipe create:potion_mixing_vanilla_84 not present in recipe manager. Consider prefixing its path with '/' if it is synthetic.
[13:58:52] [Thread-13/ERROR] (EMI) [EMI] Recipe create:potion_mixing_vanilla_85 not present in recipe manager. Consider prefixing its path with '/' if it is synthetic.
[13:58:52] [Thread-13/ERROR] (EMI) [EMI] Recipe create:potion_mixing_vanilla_86 not present in recipe manager. Consider prefixing its path with '/' if it is synthetic.
[13:58:52] [Thread-13/ERROR] (EMI) [EMI] Recipe create:potion_mixing_vanilla_87 not present in recipe manager. Consider prefixing its path with '/' if it is synthetic.
[13:58:52] [Thread-13/ERROR] (EMI) [EMI] Recipe create:potion_mixing_vanilla_88 not present in recipe manager. Consider prefixing its path with '/' if it is synthetic.
[13:58:52] [Thread-13/ERROR] (EMI) [EMI] Recipe create:potion_mixing_vanilla_89 not present in recipe manager. Consider prefixing its path with '/' if it is synthetic.
[13:58:52] [Thread-13/ERROR] (EMI) [EMI] Recipe create:potion_mixing_vanilla_90 not present in recipe manager. Consider prefixing its path with '/' if it is synthetic.
[13:58:52] [Thread-13/ERROR] (EMI) [EMI] Recipe create:potion_mixing_vanilla_91 not present in recipe manager. Consider prefixing its path with '/' if it is synthetic.
[13:58:52] [Thread-13/ERROR] (EMI) [EMI] Recipe create:potion_mixing_vanilla_92 not present in recipe manager. Consider prefixing its path with '/' if it is synthetic.
[13:58:52] [Thread-13/ERROR] (EMI) [EMI] Recipe create:potion_mixing_vanilla_93 not present in recipe manager. Consider prefixing its path with '/' if it is synthetic.
[13:58:52] [Thread-13/ERROR] (EMI) [EMI] Recipe create:potion_mixing_vanilla_94 not present in recipe manager. Consider prefixing its path with '/' if it is synthetic.
[13:58:52] [Thread-13/ERROR] (EMI) [EMI] Recipe create:potion_mixing_vanilla_95 not present in recipe manager. Consider prefixing its path with '/' if it is synthetic.
[13:58:52] [Thread-13/ERROR] (EMI) [EMI] Recipe create:potion_mixing_vanilla_96 not present in recipe manager. Consider prefixing its path with '/' if it is synthetic.
[13:58:52] [Thread-13/ERROR] (EMI) [EMI] Recipe create:potion_mixing_vanilla_97 not present in recipe manager. Consider prefixing its path with '/' if it is synthetic.
[13:58:52] [Thread-13/ERROR] (EMI) [EMI] Recipe create:potion_mixing_vanilla_98 not present in recipe manager. Consider prefixing its path with '/' if it is synthetic.
[13:58:52] [Thread-13/ERROR] (EMI) [EMI] Recipe create:potion_mixing_vanilla_99 not present in recipe manager. Consider prefixing its path with '/' if it is synthetic.
[13:58:52] [Thread-13/ERROR] (EMI) [EMI] Recipe create:potion_mixing_vanilla_100 not present in recipe manager. Consider prefixing its path with '/' if it is synthetic.
[13:58:52] [Thread-13/ERROR] (EMI) [EMI] Recipe create:potion_mixing_vanilla_101 not present in recipe manager. Consider prefixing its path with '/' if it is synthetic.
[13:58:52] [Thread-13/ERROR] (EMI) [EMI] Recipe create:potion_mixing_vanilla_102 not present in recipe manager. Consider prefixing its path with '/' if it is synthetic.
[13:58:52] [Thread-13/ERROR] (EMI) [EMI] Recipe create:potion_mixing_vanilla_103 not present in recipe manager. Consider prefixing its path with '/' if it is synthetic.
[13:58:52] [Thread-13/ERROR] (EMI) [EMI] Recipe create:potion_mixing_vanilla_104 not present in recipe manager. Consider prefixing its path with '/' if it is synthetic.
[13:58:52] [Thread-13/ERROR] (EMI) [EMI] Recipe create:potion_mixing_vanilla_105 not present in recipe manager. Consider prefixing its path with '/' if it is synthetic.
[13:58:52] [Thread-13/ERROR] (EMI) [EMI] Recipe create:potion_mixing_vanilla_106 not present in recipe manager. Consider prefixing its path with '/' if it is synthetic.
[13:58:52] [Thread-13/ERROR] (EMI) [EMI] Recipe create:potion_mixing_vanilla_107 not present in recipe manager. Consider prefixing its path with '/' if it is synthetic.
[13:58:52] [Thread-13/ERROR] (EMI) [EMI] Recipe create:potion_mixing_vanilla_108 not present in recipe manager. Consider prefixing its path with '/' if it is synthetic.
[13:58:52] [Thread-13/ERROR] (EMI) [EMI] Recipe create:potion_mixing_vanilla_109 not present in recipe manager. Consider prefixing its path with '/' if it is synthetic.
[13:58:52] [Thread-13/ERROR] (EMI) [EMI] Recipe create:potion_mixing_vanilla_110 not present in recipe manager. Consider prefixing its path with '/' if it is synthetic.
[13:58:52] [Thread-13/ERROR] (EMI) [EMI] Recipe create:potion_mixing_vanilla_111 not present in recipe manager. Consider prefixing its path with '/' if it is synthetic.
[13:58:52] [Thread-13/ERROR] (EMI) [EMI] Recipe create:potion_mixing_vanilla_112 not present in recipe manager. Consider prefixing its path with '/' if it is synthetic.
[13:58:52] [Thread-13/ERROR] (EMI) [EMI] Recipe create:potion_mixing_vanilla_113 not present in recipe manager. Consider prefixing its path with '/' if it is synthetic.
[13:58:52] [Thread-13/ERROR] (EMI) [EMI] Recipe create:potion_mixing_vanilla_114 not present in recipe manager. Consider prefixing its path with '/' if it is synthetic.
[13:58:52] [Thread-13/ERROR] (EMI) [EMI] Recipe create:potion_mixing_vanilla_115 not present in recipe manager. Consider prefixing its path with '/' if it is synthetic.
[13:58:52] [Thread-13/ERROR] (EMI) [EMI] Recipe create:potion_mixing_vanilla_116 not present in recipe manager. Consider prefixing its path with '/' if it is synthetic.
[13:58:52] [Thread-13/ERROR] (EMI) [EMI] Recipe create:potion_mixing_vanilla_117 not present in recipe manager. Consider prefixing its path with '/' if it is synthetic.
[13:58:52] [Thread-13/ERROR] (EMI) [EMI] Recipe create:potion_mixing_vanilla_118 not present in recipe manager. Consider prefixing its path with '/' if it is synthetic.
[13:58:52] [Thread-13/ERROR] (EMI) [EMI] Recipe create:potion_mixing_vanilla_119 not present in recipe manager. Consider prefixing its path with '/' if it is synthetic.
[13:58:52] [Thread-13/ERROR] (EMI) [EMI] Recipe create:potion_mixing_vanilla_120 not present in recipe manager. Consider prefixing its path with '/' if it is synthetic.
[13:58:52] [Thread-13/ERROR] (EMI) [EMI] Recipe create:potion_mixing_vanilla_121 not present in recipe manager. Consider prefixing its path with '/' if it is synthetic.
[13:58:52] [Thread-13/ERROR] (EMI) [EMI] Recipe create:potion_mixing_vanilla_122 not present in recipe manager. Consider prefixing its path with '/' if it is synthetic.
[13:58:52] [Thread-13/ERROR] (EMI) [EMI] Recipe create:potion_mixing_vanilla_123 not present in recipe manager. Consider prefixing its path with '/' if it is synthetic.
[13:58:52] [Thread-13/ERROR] (EMI) [EMI] Recipe create:potion_mixing_vanilla_124 not present in recipe manager. Consider prefixing its path with '/' if it is synthetic.
[13:58:52] [Thread-13/ERROR] (EMI) [EMI] Recipe create:potion_mixing_vanilla_125 not present in recipe manager. Consider prefixing its path with '/' if it is synthetic.
[13:58:52] [Thread-13/ERROR] (EMI) [EMI] Recipe create:potion_mixing_vanilla_126 not present in recipe manager. Consider prefixing its path with '/' if it is synthetic.
[13:58:52] [Thread-13/ERROR] (EMI) [EMI] Recipe create:potion_mixing_vanilla_127 not present in recipe manager. Consider prefixing its path with '/' if it is synthetic.
[13:58:52] [Thread-13/ERROR] (EMI) [EMI] Recipe create:potion_mixing_vanilla_128 not present in recipe manager. Consider prefixing its path with '/' if it is synthetic.
[13:58:52] [Thread-13/ERROR] (EMI) [EMI] Recipe create:potion_mixing_vanilla_129 not present in recipe manager. Consider prefixing its path with '/' if it is synthetic.
[13:58:52] [Thread-13/ERROR] (EMI) [EMI] Recipe create:potion_mixing_vanilla_130 not present in recipe manager. Consider prefixing its path with '/' if it is synthetic.
[13:58:52] [Thread-13/ERROR] (EMI) [EMI] Recipe create:potion_mixing_vanilla_131 not present in recipe manager. Consider prefixing its path with '/' if it is synthetic.
[13:58:52] [Thread-13/ERROR] (EMI) [EMI] Recipe create:potion_mixing_vanilla_132 not present in recipe manager. Consider prefixing its path with '/' if it is synthetic.
[13:58:52] [Thread-13/ERROR] (EMI) [EMI] Recipe create:potion_mixing_vanilla_133 not present in recipe manager. Consider prefixing its path with '/' if it is synthetic.
[13:58:52] [Thread-13/ERROR] (EMI) [EMI] Recipe create:potion_mixing_vanilla_134 not present in recipe manager. Consider prefixing its path with '/' if it is synthetic.
[13:58:52] [Thread-13/ERROR] (EMI) [EMI] Recipe create:potion_mixing_vanilla_135 not present in recipe manager. Consider prefixing its path with '/' if it is synthetic.
[13:58:52] [Thread-13/ERROR] (EMI) [EMI] Recipe create:potion_mixing_vanilla_136 not present in recipe manager. Consider prefixing its path with '/' if it is synthetic.
[13:58:52] [Thread-13/ERROR] (EMI) [EMI] Recipe create:potion_mixing_vanilla_137 not present in recipe manager. Consider prefixing its path with '/' if it is synthetic.
[13:58:52] [Thread-13/ERROR] (EMI) [EMI] Recipe create:potion_mixing_vanilla_138 not present in recipe manager. Consider prefixing its path with '/' if it is synthetic.
[13:58:52] [Thread-13/ERROR] (EMI) [EMI] Recipe create:potion_mixing_vanilla_139 not present in recipe manager. Consider prefixing its path with '/' if it is synthetic.
[13:58:52] [Thread-13/ERROR] (EMI) [EMI] Recipe create:potion_mixing_vanilla_140 not present in recipe manager. Consider prefixing its path with '/' if it is synthetic.
[13:58:52] [Thread-13/ERROR] (EMI) [EMI] Recipe create:potion_mixing_vanilla_141 not present in recipe manager. Consider prefixing its path with '/' if it is synthetic.
[13:58:52] [Thread-13/ERROR] (EMI) [EMI] Recipe create:potion_mixing_vanilla_142 not present in recipe manager. Consider prefixing its path with '/' if it is synthetic.
[13:58:52] [Thread-13/ERROR] (EMI) [EMI] Recipe create:potion_mixing_vanilla_143 not present in recipe manager. Consider prefixing its path with '/' if it is synthetic.
[13:58:52] [Thread-13/ERROR] (EMI) [EMI] Recipe create:potion_mixing_vanilla_144 not present in recipe manager. Consider prefixing its path with '/' if it is synthetic.
[13:58:52] [Thread-13/ERROR] (EMI) [EMI] Recipe create:potion_mixing_vanilla_145 not present in recipe manager. Consider prefixing its path with '/' if it is synthetic.
[13:58:52] [Thread-13/ERROR] (EMI) [EMI] Recipe create:potion_mixing_vanilla_146 not present in recipe manager. Consider prefixing its path with '/' if it is synthetic.
[13:58:52] [Thread-13/ERROR] (EMI) [EMI] Recipe create:potion_mixing_vanilla_147 not present in recipe manager. Consider prefixing its path with '/' if it is synthetic.
[13:58:52] [Thread-13/ERROR] (EMI) [EMI] Recipe create:potion_mixing_vanilla_148 not present in recipe manager. Consider prefixing its path with '/' if it is synthetic.
[13:58:52] [Thread-13/ERROR] (EMI) [EMI] Recipe create:potion_mixing_vanilla_149 not present in recipe manager. Consider prefixing its path with '/' if it is synthetic.
[13:58:52] [Thread-13/ERROR] (EMI) [EMI] Recipe create:potion_mixing_vanilla_150 not present in recipe manager. Consider prefixing its path with '/' if it is synthetic.
[13:58:52] [Thread-13/ERROR] (EMI) [EMI] Recipe create:potion_mixing_vanilla_151 not present in recipe manager. Consider prefixing its path with '/' if it is synthetic.
[13:58:52] [Thread-13/ERROR] (EMI) [EMI] Recipe create:potion_mixing_vanilla_152 not present in recipe manager. Consider prefixing its path with '/' if it is synthetic.
[13:58:52] [Thread-13/ERROR] (EMI) [EMI] Recipe create:potion_mixing_vanilla_153 not present in recipe manager. Consider prefixing its path with '/' if it is synthetic.
[13:58:52] [Thread-13/ERROR] (EMI) [EMI] Recipe create:potion_mixing_vanilla_154 not present in recipe manager. Consider prefixing its path with '/' if it is synthetic.
[13:58:52] [Thread-13/ERROR] (EMI) [EMI] Recipe create:potion_mixing_vanilla_155 not present in recipe manager. Consider prefixing its path with '/' if it is synthetic.
[13:58:52] [Thread-13/ERROR] (EMI) [EMI] Recipe create:potion_mixing_vanilla_156 not present in recipe manager. Consider prefixing its path with '/' if it is synthetic.
[13:58:52] [Thread-13/ERROR] (EMI) [EMI] Recipe create:potion_mixing_vanilla_157 not present in recipe manager. Consider prefixing its path with '/' if it is synthetic.
[13:58:52] [Thread-13/ERROR] (EMI) [EMI] Recipe create:potion_mixing_vanilla_158 not present in recipe manager. Consider prefixing its path with '/' if it is synthetic.
[13:58:52] [Thread-13/ERROR] (EMI) [EMI] Recipe create:potion_mixing_vanilla_159 not present in recipe manager. Consider prefixing its path with '/' if it is synthetic.
[13:58:52] [Thread-13/ERROR] (EMI) [EMI] Recipe create:potion_mixing_vanilla_160 not present in recipe manager. Consider prefixing its path with '/' if it is synthetic.
[13:58:52] [Thread-13/ERROR] (EMI) [EMI] Recipe create:potion_mixing_vanilla_161 not present in recipe manager. Consider prefixing its path with '/' if it is synthetic.
[13:58:52] [Thread-13/ERROR] (EMI) [EMI] Recipe create:potion_mixing_vanilla_162 not present in recipe manager. Consider prefixing its path with '/' if it is synthetic.
[13:58:52] [Thread-13/ERROR] (EMI) [EMI] Recipe create:potion_mixing_vanilla_163 not present in recipe manager. Consider prefixing its path with '/' if it is synthetic.
[13:58:52] [Thread-13/ERROR] (EMI) [EMI] Recipe create:potion_mixing_vanilla_164 not present in recipe manager. Consider prefixing its path with '/' if it is synthetic.
[13:58:52] [Thread-13/ERROR] (EMI) [EMI] Recipe create:potion_mixing_vanilla_165 not present in recipe manager. Consider prefixing its path with '/' if it is synthetic.
[13:58:52] [Thread-13/ERROR] (EMI) [EMI] Recipe create:potion_mixing_vanilla_166 not present in recipe manager. Consider prefixing its path with '/' if it is synthetic.
[13:58:52] [Thread-13/ERROR] (EMI) [EMI] Recipe create:potion_mixing_vanilla_167 not present in recipe manager. Consider prefixing its path with '/' if it is synthetic.
[13:58:52] [Thread-13/ERROR] (EMI) [EMI] Recipe create:potion_mixing_vanilla_168 not present in recipe manager. Consider prefixing its path with '/' if it is synthetic.
[13:58:52] [Thread-13/ERROR] (EMI) [EMI] Recipe create:potion_mixing_vanilla_169 not present in recipe manager. Consider prefixing its path with '/' if it is synthetic.
[13:58:52] [Thread-13/ERROR] (EMI) [EMI] Recipe create:potion_mixing_vanilla_170 not present in recipe manager. Consider prefixing its path with '/' if it is synthetic.
[13:58:52] [Thread-13/ERROR] (EMI) [EMI] Recipe create:potion_mixing_vanilla_171 not present in recipe manager. Consider prefixing its path with '/' if it is synthetic.
[13:58:52] [Thread-13/ERROR] (EMI) [EMI] Recipe create:potion_mixing_vanilla_172 not present in recipe manager. Consider prefixing its path with '/' if it is synthetic.
[13:58:52] [Thread-13/ERROR] (EMI) [EMI] Recipe create:potion_mixing_vanilla_173 not present in recipe manager. Consider prefixing its path with '/' if it is synthetic.
[13:58:52] [Thread-13/ERROR] (EMI) [EMI] Recipe create:potion_mixing_vanilla_174 not present in recipe manager. Consider prefixing its path with '/' if it is synthetic.
[13:58:52] [Thread-13/ERROR] (EMI) [EMI] Recipe create:potion_mixing_vanilla_175 not present in recipe manager. Consider prefixing its path with '/' if it is synthetic.
[13:58:52] [Thread-13/ERROR] (EMI) [EMI] Recipe create:potion_mixing_vanilla_176 not present in recipe manager. Consider prefixing its path with '/' if it is synthetic.
[13:58:52] [Thread-13/ERROR] (EMI) [EMI] Recipe create:potion_mixing_vanilla_177 not present in recipe manager. Consider prefixing its path with '/' if it is synthetic.
[13:58:52] [Thread-13/ERROR] (EMI) [EMI] Recipe create:potion_mixing_vanilla_178 not present in recipe manager. Consider prefixing its path with '/' if it is synthetic.
[13:58:52] [Thread-13/ERROR] (EMI) [EMI] Recipe create:potion_mixing_vanilla_179 not present in recipe manager. Consider prefixing its path with '/' if it is synthetic.
[13:58:52] [Thread-13/ERROR] (EMI) [EMI] Recipe create:potion_mixing_vanilla_180 not present in recipe manager. Consider prefixing its path with '/' if it is synthetic.
[13:58:52] [Thread-13/ERROR] (EMI) [EMI] Recipe create:potion_mixing_vanilla_181 not present in recipe manager. Consider prefixing its path with '/' if it is synthetic.
[13:58:52] [Thread-13/ERROR] (EMI) [EMI] Recipe create:potion_mixing_vanilla_182 not present in recipe manager. Consider prefixing its path with '/' if it is synthetic.
[13:58:52] [Thread-13/ERROR] (EMI) [EMI] Recipe create:potion_mixing_vanilla_183 not present in recipe manager. Consider prefixing its path with '/' if it is synthetic.
[13:58:52] [Thread-13/ERROR] (EMI) [EMI] Recipe create:potion_mixing_vanilla_184 not present in recipe manager. Consider prefixing its path with '/' if it is synthetic.
[13:58:52] [Thread-13/ERROR] (EMI) [EMI] Recipe create:potion_mixing_vanilla_185 not present in recipe manager. Consider prefixing its path with '/' if it is synthetic.
[13:58:52] [Thread-13/ERROR] (EMI) [EMI] Recipe create:potion_mixing_vanilla_186 not present in recipe manager. Consider prefixing its path with '/' if it is synthetic.
[13:58:52] [Thread-13/ERROR] (EMI) [EMI] Recipe create:potion_mixing_vanilla_187 not present in recipe manager. Consider prefixing its path with '/' if it is synthetic.
[13:58:52] [Thread-13/ERROR] (EMI) [EMI] Recipe create:potion_mixing_vanilla_188 not present in recipe manager. Consider prefixing its path with '/' if it is synthetic.
[13:58:52] [Thread-13/ERROR] (EMI) [EMI] Recipe create:potion_mixing_vanilla_189 not present in recipe manager. Consider prefixing its path with '/' if it is synthetic.
[13:58:52] [Thread-13/ERROR] (EMI) [EMI] Recipe create:potion_mixing_vanilla_190 not present in recipe manager. Consider prefixing its path with '/' if it is synthetic.
[13:58:52] [Thread-13/ERROR] (EMI) [EMI] Recipe create:potion_mixing_vanilla_191 not present in recipe manager. Consider prefixing its path with '/' if it is synthetic.
[13:58:52] [Thread-13/ERROR] (EMI) [EMI] Recipe create:potion_mixing_vanilla_192 not present in recipe manager. Consider prefixing its path with '/' if it is synthetic.
[13:58:52] [Thread-13/ERROR] (EMI) [EMI] Recipe create:potion_mixing_vanilla_193 not present in recipe manager. Consider prefixing its path with '/' if it is synthetic.
[13:58:52] [Thread-13/ERROR] (EMI) [EMI] Recipe create:potion_mixing_vanilla_194 not present in recipe manager. Consider prefixing its path with '/' if it is synthetic.
[13:58:52] [Thread-13/ERROR] (EMI) [EMI] Recipe create:potion_mixing_vanilla_195 not present in recipe manager. Consider prefixing its path with '/' if it is synthetic.
[13:58:52] [Thread-13/ERROR] (EMI) [EMI] Recipe create:potion_mixing_vanilla_196 not present in recipe manager. Consider prefixing its path with '/' if it is synthetic.
[13:58:52] [Thread-13/ERROR] (EMI) [EMI] Recipe create:potion_mixing_vanilla_197 not present in recipe manager. Consider prefixing its path with '/' if it is synthetic.
[13:58:52] [Thread-13/ERROR] (EMI) [EMI] Recipe create:potion_mixing_vanilla_198 not present in recipe manager. Consider prefixing its path with '/' if it is synthetic.
[13:58:52] [Thread-13/ERROR] (EMI) [EMI] Recipe create:potion_mixing_vanilla_199 not present in recipe manager. Consider prefixing its path with '/' if it is synthetic.
[13:58:52] [Thread-13/ERROR] (EMI) [EMI] Recipe create:potion_mixing_vanilla_200 not present in recipe manager. Consider prefixing its path with '/' if it is synthetic.
[13:58:52] [Thread-13/ERROR] (EMI) [EMI] Recipe create:potion_mixing_vanilla_201 not present in recipe manager. Consider prefixing its path with '/' if it is synthetic.
[13:58:52] [Thread-13/ERROR] (EMI) [EMI] Recipe create:potion_mixing_vanilla_202 not present in recipe manager. Consider prefixing its path with '/' if it is synthetic.
[13:58:52] [Thread-13/ERROR] (EMI) [EMI] Recipe create:potion_mixing_vanilla_203 not present in recipe manager. Consider prefixing its path with '/' if it is synthetic.
[13:58:52] [Thread-13/ERROR] (EMI) [EMI] Recipe create:potion_mixing_vanilla_204 not present in recipe manager. Consider prefixing its path with '/' if it is synthetic.
[13:58:52] [Thread-13/ERROR] (EMI) [EMI] Recipe create:potion_mixing_vanilla_205 not present in recipe manager. Consider prefixing its path with '/' if it is synthetic.
[13:58:52] [Thread-13/ERROR] (EMI) [EMI] Recipe create:potion_mixing_vanilla_206 not present in recipe manager. Consider prefixing its path with '/' if it is synthetic.
[13:58:52] [Thread-13/ERROR] (EMI) [EMI] Recipe create:potion_mixing_vanilla_207 not present in recipe manager. Consider prefixing its path with '/' if it is synthetic.
[13:58:52] [Thread-13/ERROR] (EMI) [EMI] Recipe create:potion_mixing_vanilla_208 not present in recipe manager. Consider prefixing its path with '/' if it is synthetic.
[13:58:52] [Thread-13/ERROR] (EMI) [EMI] Recipe create:potion_mixing_vanilla_209 not present in recipe manager. Consider prefixing its path with '/' if it is synthetic.
[13:58:52] [Thread-13/ERROR] (EMI) [EMI] Recipe create:potion_mixing_vanilla_210 not present in recipe manager. Consider prefixing its path with '/' if it is synthetic.
[13:58:52] [Thread-13/ERROR] (EMI) [EMI] Recipe create:potion_mixing_vanilla_211 not present in recipe manager. Consider prefixing its path with '/' if it is synthetic.
[13:58:52] [Thread-13/ERROR] (EMI) [EMI] Recipe create:potion_mixing_vanilla_212 not present in recipe manager. Consider prefixing its path with '/' if it is synthetic.
[13:58:52] [Thread-13/ERROR] (EMI) [EMI] Recipe create:potion_mixing_vanilla_213 not present in recipe manager. Consider prefixing its path with '/' if it is synthetic.
[13:58:52] [Thread-13/ERROR] (EMI) [EMI] Recipe create:potion_mixing_vanilla_214 not present in recipe manager. Consider prefixing its path with '/' if it is synthetic.
[13:58:52] [Thread-13/ERROR] (EMI) [EMI] Recipe create:potion_mixing_vanilla_215 not present in recipe manager. Consider prefixing its path with '/' if it is synthetic.
[13:58:52] [Thread-13/ERROR] (EMI) [EMI] Recipe create:potion_mixing_vanilla_216 not present in recipe manager. Consider prefixing its path with '/' if it is synthetic.
[13:58:52] [Thread-13/ERROR] (EMI) [EMI] Recipe create:potion_mixing_vanilla_217 not present in recipe manager. Consider prefixing its path with '/' if it is synthetic.
[13:58:52] [Thread-13/ERROR] (EMI) [EMI] Recipe create:potion_mixing_vanilla_218 not present in recipe manager. Consider prefixing its path with '/' if it is synthetic.
[13:58:52] [Thread-13/ERROR] (EMI) [EMI] Recipe create:potion_mixing_vanilla_219 not present in recipe manager. Consider prefixing its path with '/' if it is synthetic.
[13:58:52] [Thread-13/ERROR] (EMI) [EMI] Recipe create:potion_mixing_vanilla_220 not present in recipe manager. Consider prefixing its path with '/' if it is synthetic.
[13:58:52] [Thread-13/ERROR] (EMI) [EMI] Recipe create:potion_mixing_vanilla_221 not present in recipe manager. Consider prefixing its path with '/' if it is synthetic.
[13:58:52] [Thread-13/ERROR] (EMI) [EMI] Recipe create:potion_mixing_vanilla_222 not present in recipe manager. Consider prefixing its path with '/' if it is synthetic.
[13:58:52] [Thread-13/ERROR] (EMI) [EMI] Recipe create:potion_mixing_vanilla_223 not present in recipe manager. Consider prefixing its path with '/' if it is synthetic.
[13:58:52] [Thread-13/ERROR] (EMI) [EMI] Recipe create:potion_mixing_vanilla_224 not present in recipe manager. Consider prefixing its path with '/' if it is synthetic.
[13:58:52] [Thread-13/ERROR] (EMI) [EMI] Recipe create:potion_mixing_vanilla_225 not present in recipe manager. Consider prefixing its path with '/' if it is synthetic.
[13:58:52] [Thread-13/ERROR] (EMI) [EMI] Recipe create:potion_mixing_vanilla_226 not present in recipe manager. Consider prefixing its path with '/' if it is synthetic.
[13:58:52] [Thread-13/ERROR] (EMI) [EMI] Recipe create:potion_mixing_vanilla_227 not present in recipe manager. Consider prefixing its path with '/' if it is synthetic.
[13:58:52] [Thread-13/ERROR] (EMI) [EMI] Recipe create:potion_mixing_vanilla_228 not present in recipe manager. Consider prefixing its path with '/' if it is synthetic.
[13:58:52] [Thread-13/ERROR] (EMI) [EMI] Recipe create:potion_mixing_vanilla_229 not present in recipe manager. Consider prefixing its path with '/' if it is synthetic.
[13:58:52] [Thread-13/ERROR] (EMI) [EMI] Recipe create:potion_mixing_vanilla_230 not present in recipe manager. Consider prefixing its path with '/' if it is synthetic.
[13:58:52] [Thread-13/ERROR] (EMI) [EMI] Recipe create:potion_mixing_vanilla_231 not present in recipe manager. Consider prefixing its path with '/' if it is synthetic.
[13:58:52] [Thread-13/ERROR] (EMI) [EMI] Recipe create:potion_mixing_vanilla_232 not present in recipe manager. Consider prefixing its path with '/' if it is synthetic.
[13:58:52] [Thread-13/ERROR] (EMI) [EMI] Recipe create:potion_mixing_vanilla_233 not present in recipe manager. Consider prefixing its path with '/' if it is synthetic.
[13:58:52] [Thread-13/ERROR] (EMI) [EMI] Recipe create:potion_mixing_vanilla_234 not present in recipe manager. Consider prefixing its path with '/' if it is synthetic.
[13:58:52] [Thread-13/ERROR] (EMI) [EMI] Recipe create:potion_mixing_vanilla_235 not present in recipe manager. Consider prefixing its path with '/' if it is synthetic.
[13:58:52] [Thread-13/ERROR] (EMI) [EMI] Recipe create:potion_mixing_vanilla_236 not present in recipe manager. Consider prefixing its path with '/' if it is synthetic.
[13:58:52] [Thread-13/ERROR] (EMI) [EMI] Recipe create:potion_mixing_vanilla_237 not present in recipe manager. Consider prefixing its path with '/' if it is synthetic.
[13:58:52] [Thread-13/ERROR] (EMI) [EMI] Recipe create:potion_mixing_vanilla_238 not present in recipe manager. Consider prefixing its path with '/' if it is synthetic.
[13:58:52] [Thread-13/ERROR] (EMI) [EMI] Recipe create:potion_mixing_vanilla_239 not present in recipe manager. Consider prefixing its path with '/' if it is synthetic.
[13:58:52] [Thread-13/ERROR] (EMI) [EMI] Recipe create:potion_mixing_vanilla_240 not present in recipe manager. Consider prefixing its path with '/' if it is synthetic.
[13:58:52] [Thread-13/ERROR] (EMI) [EMI] Recipe create:potion_mixing_vanilla_241 not present in recipe manager. Consider prefixing its path with '/' if it is synthetic.
[13:58:52] [Thread-13/ERROR] (EMI) [EMI] Recipe create:potion_mixing_vanilla_242 not present in recipe manager. Consider prefixing its path with '/' if it is synthetic.
[13:58:52] [Thread-13/ERROR] (EMI) [EMI] Recipe create:potion_mixing_vanilla_243 not present in recipe manager. Consider prefixing its path with '/' if it is synthetic.
[13:58:52] [Thread-13/ERROR] (EMI) [EMI] Recipe create:potion_mixing_vanilla_244 not present in recipe manager. Consider prefixing its path with '/' if it is synthetic.
[13:58:52] [Thread-13/ERROR] (EMI) [EMI] Recipe create:potion_mixing_vanilla_245 not present in recipe manager. Consider prefixing its path with '/' if it is synthetic.
[13:58:52] [Thread-13/ERROR] (EMI) [EMI] Recipe create:potion_mixing_vanilla_246 not present in recipe manager. Consider prefixing its path with '/' if it is synthetic.
[13:58:52] [Thread-13/ERROR] (EMI) [EMI] Recipe create:potion_mixing_vanilla_247 not present in recipe manager. Consider prefixing its path with '/' if it is synthetic.
[13:58:52] [Thread-13/ERROR] (EMI) [EMI] Recipe create:potion_mixing_vanilla_248 not present in recipe manager. Consider prefixing its path with '/' if it is synthetic.
[13:58:52] [Thread-13/ERROR] (EMI) [EMI] Recipe emi:create/automatic_packing/minecraft/stripped_dark_oak_wood not present in recipe manager. Consider prefixing its path with '/' if it is synthetic.
[13:58:52] [Thread-13/ERROR] (EMI) [EMI] Recipe emi:create/automatic_packing/minecraft/bone_block not present in recipe manager. Consider prefixing its path with '/' if it is synthetic.
[13:58:52] [Thread-13/ERROR] (EMI) [EMI] Recipe emi:create/automatic_packing/minecraft/melon not present in recipe manager. Consider prefixing its path with '/' if it is synthetic.
[13:58:52] [Thread-13/ERROR] (EMI) [EMI] Recipe emi:create/automatic_packing/create/crafting/materials/zinc_ingot_from_compacting not present in recipe manager. Consider prefixing its path with '/' if it is synthetic.
[13:58:52] [Thread-13/ERROR] (EMI) [EMI] Recipe emi:create/automatic_packing/minecraft/nether_wart_block not present in recipe manager. Consider prefixing its path with '/' if it is synthetic.
[13:58:52] [Thread-13/ERROR] (EMI) [EMI] Recipe emi:create/automatic_packing/minecraft/coal_block not present in recipe manager. Consider prefixing its path with '/' if it is synthetic.
[13:58:52] [Thread-13/ERROR] (EMI) [EMI] Recipe emi:create/automatic_packing/minecraft/iron_block not present in recipe manager. Consider prefixing its path with '/' if it is synthetic.
[13:58:52] [Thread-13/ERROR] (EMI) [EMI] Recipe emi:create/automatic_packing/minecraft/birch_wood not present in recipe manager. Consider prefixing its path with '/' if it is synthetic.
[13:58:52] [Thread-13/ERROR] (EMI) [EMI] Recipe emi:create/automatic_packing/minecraft/oak_wood not present in recipe manager. Consider prefixing its path with '/' if it is synthetic.
[13:58:52] [Thread-13/ERROR] (EMI) [EMI] Recipe emi:create/automatic_packing/minecraft/emerald_block not present in recipe manager. Consider prefixing its path with '/' if it is synthetic.
[13:58:52] [Thread-13/ERROR] (EMI) [EMI] Recipe emi:create/automatic_packing/minecraft/copper_block not present in recipe manager. Consider prefixing its path with '/' if it is synthetic.
[13:58:52] [Thread-13/ERROR] (EMI) [EMI] Recipe emi:create/automatic_packing/minecraft/spruce_wood not present in recipe manager. Consider prefixing its path with '/' if it is synthetic.
[13:58:52] [Thread-13/ERROR] (EMI) [EMI] Recipe emi:create/automatic_packing/minecraft/honey_block not present in recipe manager. Consider prefixing its path with '/' if it is synthetic.
[13:58:52] [Thread-13/ERROR] (EMI) [EMI] Recipe emi:create/automatic_packing/minecraft/mangrove_wood not present in recipe manager. Consider prefixing its path with '/' if it is synthetic.
[13:58:52] [Thread-13/ERROR] (EMI) [EMI] Recipe emi:create/automatic_packing/minecraft/polished_basalt not present in recipe manager. Consider prefixing its path with '/' if it is synthetic.
[13:58:52] [Thread-13/ERROR] (EMI) [EMI] Recipe emi:create/automatic_packing/minecraft/stripped_oak_wood not present in recipe manager. Consider prefixing its path with '/' if it is synthetic.
[13:58:52] [Thread-13/ERROR] (EMI) [EMI] Recipe emi:create/automatic_packing/minecraft/sandstone not present in recipe manager. Consider prefixing its path with '/' if it is synthetic.
[13:58:52] [Thread-13/ERROR] (EMI) [EMI] Recipe emi:create/automatic_packing/minecraft/purpur_block not present in recipe manager. Consider prefixing its path with '/' if it is synthetic.
[13:58:52] [Thread-13/ERROR] (EMI) [EMI] Recipe emi:create/automatic_packing/minecraft/dried_kelp_block not present in recipe manager. Consider prefixing its path with '/' if it is synthetic.
[13:58:52] [Thread-13/ERROR] (EMI) [EMI] Recipe emi:create/automatic_packing/minecraft/stripped_crimson_hyphae not present in recipe manager. Consider prefixing its path with '/' if it is synthetic.
[13:58:52] [Thread-13/ERROR] (EMI) [EMI] Recipe emi:create/automatic_packing/create/crafting/materials/raw_zinc_block not present in recipe manager. Consider prefixing its path with '/' if it is synthetic.
[13:58:52] [Thread-13/ERROR] (EMI) [EMI] Recipe emi:create/automatic_packing/minecraft/cut_red_sandstone not present in recipe manager. Consider prefixing its path with '/' if it is synthetic.
[13:58:52] [Thread-13/ERROR] (EMI) [EMI] Recipe emi:create/automatic_packing/minecraft/prismarine_bricks not present in recipe manager. Consider prefixing its path with '/' if it is synthetic.
[13:58:52] [Thread-13/ERROR] (EMI) [EMI] Recipe emi:create/automatic_packing/minecraft/nether_bricks not present in recipe manager. Consider prefixing its path with '/' if it is synthetic.
[13:58:52] [Thread-13/ERROR] (EMI) [EMI] Recipe emi:create/automatic_packing/minecraft/stone_bricks not present in recipe manager. Consider prefixing its path with '/' if it is synthetic.
[13:58:52] [Thread-13/ERROR] (EMI) [EMI] Recipe emi:create/automatic_packing/minecraft/white_wool_from_string not present in recipe manager. Consider prefixing its path with '/' if it is synthetic.
[13:58:52] [Thread-13/ERROR] (EMI) [EMI] Recipe emi:create/automatic_packing/minecraft/crimson_hyphae not present in recipe manager. Consider prefixing its path with '/' if it is synthetic.
[13:58:52] [Thread-13/ERROR] (EMI) [EMI] Recipe emi:create/automatic_packing/minecraft/dripstone_block not present in recipe manager. Consider prefixing its path with '/' if it is synthetic.
[13:58:52] [Thread-13/ERROR] (EMI) [EMI] Recipe emi:create/automatic_packing/minecraft/blue_ice not present in recipe manager. Consider prefixing its path with '/' if it is synthetic.
[13:58:52] [Thread-13/ERROR] (EMI) [EMI] Recipe emi:create/automatic_packing/minecraft/prismarine not present in recipe manager. Consider prefixing its path with '/' if it is synthetic.
[13:58:52] [Thread-13/ERROR] (EMI) [EMI] Recipe emi:create/automatic_packing/minecraft/iron_ingot_from_nuggets not present in recipe manager. Consider prefixing its path with '/' if it is synthetic.
[13:58:52] [Thread-13/ERROR] (EMI) [EMI] Recipe emi:create/automatic_packing/minecraft/clay not present in recipe manager. Consider prefixing its path with '/' if it is synthetic.
[13:58:52] [Thread-13/ERROR] (EMI) [EMI] Recipe emi:create/automatic_packing/minecraft/waxed_weathered_cut_copper not present in recipe manager. Consider prefixing its path with '/' if it is synthetic.
[13:58:52] [Thread-13/ERROR] (EMI) [EMI] Recipe emi:create/automatic_packing/create/crafting/materials/zinc_block_from_compacting not present in recipe manager. Consider prefixing its path with '/' if it is synthetic.
[13:58:52] [Thread-13/ERROR] (EMI) [EMI] Recipe emi:create/automatic_packing/minecraft/stripped_cherry_wood not present in recipe manager. Consider prefixing its path with '/' if it is synthetic.
[13:58:52] [Thread-13/ERROR] (EMI) [EMI] Recipe emi:create/automatic_packing/minecraft/warped_hyphae not present in recipe manager. Consider prefixing its path with '/' if it is synthetic.
[13:58:52] [Thread-13/ERROR] (EMI) [EMI] Recipe emi:create/automatic_packing/minecraft/magma_block not present in recipe manager. Consider prefixing its path with '/' if it is synthetic.
[13:58:52] [Thread-13/ERROR] (EMI) [EMI] Recipe emi:create/automatic_packing/minecraft/hay_block not present in recipe manager. Consider prefixing its path with '/' if it is synthetic.
[13:58:52] [Thread-13/ERROR] (EMI) [EMI] Recipe emi:create/automatic_packing/create/crafting/materials/experience_block not present in recipe manager. Consider prefixing its path with '/' if it is synthetic.
[13:58:52] [Thread-13/ERROR] (EMI) [EMI] Recipe emi:create/automatic_packing/minecraft/cut_copper not present in recipe manager. Consider prefixing its path with '/' if it is synthetic.
[13:58:52] [Thread-13/ERROR] (EMI) [EMI] Recipe emi:create/automatic_packing/minecraft/netherite_block not present in recipe manager. Consider prefixing its path with '/' if it is synthetic.
[13:58:52] [Thread-13/ERROR] (EMI) [EMI] Recipe emi:create/automatic_packing/minecraft/slime_block not present in recipe manager. Consider prefixing its path with '/' if it is synthetic.
[13:58:52] [Thread-13/ERROR] (EMI) [EMI] Recipe emi:create/automatic_packing/minecraft/mud_bricks not present in recipe manager. Consider prefixing its path with '/' if it is synthetic.
[13:58:52] [Thread-13/ERROR] (EMI) [EMI] Recipe emi:create/automatic_packing/minecraft/bamboo_block not present in recipe manager. Consider prefixing its path with '/' if it is synthetic.
[13:58:52] [Thread-13/ERROR] (EMI) [EMI] Recipe emi:create/automatic_packing/minecraft/polished_blackstone_bricks not present in recipe manager. Consider prefixing its path with '/' if it is synthetic.
[13:58:52] [Thread-13/ERROR] (EMI) [EMI] Recipe emi:create/automatic_packing/minecraft/iron_trapdoor not present in recipe manager. Consider prefixing its path with '/' if it is synthetic.
[13:58:52] [Thread-13/ERROR] (EMI) [EMI] Recipe emi:create/automatic_packing/minecraft/jungle_wood not present in recipe manager. Consider prefixing its path with '/' if it is synthetic.
[13:58:52] [Thread-13/ERROR] (EMI) [EMI] Recipe emi:create/automatic_packing/minecraft/waxed_oxidized_cut_copper not present in recipe manager. Consider prefixing its path with '/' if it is synthetic.
[13:58:52] [Thread-13/ERROR] (EMI) [EMI] Recipe emi:create/automatic_packing/minecraft/polished_diorite not present in recipe manager. Consider prefixing its path with '/' if it is synthetic.
[13:58:52] [Thread-13/ERROR] (EMI) [EMI] Recipe emi:create/automatic_packing/create/crafting/materials/brass_block_from_compacting not present in recipe manager. Consider prefixing its path with '/' if it is synthetic.
[13:58:52] [Thread-13/ERROR] (EMI) [EMI] Recipe emi:create/automatic_packing/minecraft/waxed_cut_copper not present in recipe manager. Consider prefixing its path with '/' if it is synthetic.
[13:58:52] [Thread-13/ERROR] (EMI) [EMI] Recipe emi:create/automatic_packing/minecraft/stripped_birch_wood not present in recipe manager. Consider prefixing its path with '/' if it is synthetic.
[13:58:52] [Thread-13/ERROR] (EMI) [EMI] Recipe emi:create/automatic_packing/minecraft/polished_deepslate not present in recipe manager. Consider prefixing its path with '/' if it is synthetic.
[13:58:52] [Thread-13/ERROR] (EMI) [EMI] Recipe emi:create/automatic_packing/minecraft/quartz_bricks not present in recipe manager. Consider prefixing its path with '/' if it is synthetic.
[13:58:52] [Thread-13/ERROR] (EMI) [EMI] Recipe emi:create/automatic_packing/minecraft/crafting_table not present in recipe manager. Consider prefixing its path with '/' if it is synthetic.
[13:58:52] [Thread-13/ERROR] (EMI) [EMI] Recipe emi:create/automatic_packing/minecraft/dark_oak_wood not present in recipe manager. Consider prefixing its path with '/' if it is synthetic.
[13:58:52] [Thread-13/ERROR] (EMI) [EMI] Recipe emi:create/automatic_packing/minecraft/raw_gold_block not present in recipe manager. Consider prefixing its path with '/' if it is synthetic.
[13:58:52] [Thread-13/ERROR] (EMI) [EMI] Recipe emi:create/automatic_packing/minecraft/deepslate_bricks not present in recipe manager. Consider prefixing its path with '/' if it is synthetic.
[13:58:52] [Thread-13/ERROR] (EMI) [EMI] Recipe emi:create/automatic_packing/minecraft/stripped_acacia_wood not present in recipe manager. Consider prefixing its path with '/' if it is synthetic.
[13:58:52] [Thread-13/ERROR] (EMI) [EMI] Recipe emi:create/automatic_packing/minecraft/gold_ingot_from_nuggets not present in recipe manager. Consider prefixing its path with '/' if it is synthetic.
[13:58:52] [Thread-13/ERROR] (EMI) [EMI] Recipe emi:create/automatic_packing/create/crafting/materials/andesite_alloy_block not present in recipe manager. Consider prefixing its path with '/' if it is synthetic.
[13:58:52] [Thread-13/ERROR] (EMI) [EMI] Recipe emi:create/automatic_packing/minecraft/amethyst_block not present in recipe manager. Consider prefixing its path with '/' if it is synthetic.
[13:58:52] [Thread-13/ERROR] (EMI) [EMI] Recipe emi:create/automatic_packing/minecraft/raw_copper_block not present in recipe manager. Consider prefixing its path with '/' if it is synthetic.
[13:58:52] [Thread-13/ERROR] (EMI) [EMI] Recipe emi:create/automatic_packing/minecraft/raw_iron_block not present in recipe manager. Consider prefixing its path with '/' if it is synthetic.
[13:58:52] [Thread-13/ERROR] (EMI) [EMI] Recipe emi:create/automatic_packing/minecraft/redstone_block not present in recipe manager. Consider prefixing its path with '/' if it is synthetic.
[13:58:52] [Thread-13/ERROR] (EMI) [EMI] Recipe emi:create/automatic_packing/minecraft/honeycomb_block not present in recipe manager. Consider prefixing its path with '/' if it is synthetic.
[13:58:52] [Thread-13/ERROR] (EMI) [EMI] Recipe emi:create/automatic_packing/minecraft/quartz_block not present in recipe manager. Consider prefixing its path with '/' if it is synthetic.
[13:58:52] [Thread-13/ERROR] (EMI) [EMI] Recipe emi:create/automatic_packing/minecraft/music_disc_5 not present in recipe manager. Consider prefixing its path with '/' if it is synthetic.
[13:58:52] [Thread-13/ERROR] (EMI) [EMI] Recipe emi:create/automatic_packing/minecraft/waxed_exposed_cut_copper not present in recipe manager. Consider prefixing its path with '/' if it is synthetic.
[13:58:52] [Thread-13/ERROR] (EMI) [EMI] Recipe emi:create/automatic_packing/minecraft/bricks not present in recipe manager. Consider prefixing its path with '/' if it is synthetic.
[13:58:52] [Thread-13/ERROR] (EMI) [EMI] Recipe emi:create/automatic_packing/minecraft/exposed_cut_copper not present in recipe manager. Consider prefixing its path with '/' if it is synthetic.
[13:58:52] [Thread-13/ERROR] (EMI) [EMI] Recipe emi:create/automatic_packing/minecraft/polished_blackstone not present in recipe manager. Consider prefixing its path with '/' if it is synthetic.
[13:58:52] [Thread-13/ERROR] (EMI) [EMI] Recipe emi:create/automatic_packing/minecraft/packed_ice not present in recipe manager. Consider prefixing its path with '/' if it is synthetic.
[13:58:52] [Thread-13/ERROR] (EMI) [EMI] Recipe emi:create/automatic_packing/minecraft/diamond_block not present in recipe manager. Consider prefixing its path with '/' if it is synthetic.
[13:58:52] [Thread-13/ERROR] (EMI) [EMI] Recipe emi:create/automatic_packing/minecraft/glowstone not present in recipe manager. Consider prefixing its path with '/' if it is synthetic.
[13:58:52] [Thread-13/ERROR] (EMI) [EMI] Recipe emi:create/automatic_packing/minecraft/lapis_block not present in recipe manager. Consider prefixing its path with '/' if it is synthetic.
[13:58:52] [Thread-13/ERROR] (EMI) [EMI] Recipe emi:create/automatic_packing/minecraft/snow_block not present in recipe manager. Consider prefixing its path with '/' if it is synthetic.
[13:58:52] [Thread-13/ERROR] (EMI) [EMI] Recipe emi:create/automatic_packing/create/crafting/materials/brass_ingot_from_compacting not present in recipe manager. Consider prefixing its path with '/' if it is synthetic.
[13:58:52] [Thread-13/ERROR] (EMI) [EMI] Recipe emi:create/automatic_packing/minecraft/stripped_mangrove_wood not present in recipe manager. Consider prefixing its path with '/' if it is synthetic.
[13:58:52] [Thread-13/ERROR] (EMI) [EMI] Recipe emi:create/automatic_packing/minecraft/weathered_cut_copper not present in recipe manager. Consider prefixing its path with '/' if it is synthetic.
[13:58:52] [Thread-13/ERROR] (EMI) [EMI] Recipe emi:create/automatic_packing/minecraft/polished_granite not present in recipe manager. Consider prefixing its path with '/' if it is synthetic.
[13:58:52] [Thread-13/ERROR] (EMI) [EMI] Recipe emi:create/automatic_packing/minecraft/oxidized_cut_copper not present in recipe manager. Consider prefixing its path with '/' if it is synthetic.
[13:58:52] [Thread-13/ERROR] (EMI) [EMI] Recipe emi:create/automatic_packing/create/crafting/materials/copper_ingot not present in recipe manager. Consider prefixing its path with '/' if it is synthetic.
[13:58:52] [Thread-13/ERROR] (EMI) [EMI] Recipe emi:create/automatic_packing/minecraft/stripped_warped_hyphae not present in recipe manager. Consider prefixing its path with '/' if it is synthetic.
[13:58:52] [Thread-13/ERROR] (EMI) [EMI] Recipe emi:create/automatic_packing/minecraft/leather not present in recipe manager. Consider prefixing its path with '/' if it is synthetic.
[13:58:52] [Thread-13/ERROR] (EMI) [EMI] Recipe emi:create/automatic_packing/minecraft/end_stone_bricks not present in recipe manager. Consider prefixing its path with '/' if it is synthetic.
[13:58:52] [Thread-13/ERROR] (EMI) [EMI] Recipe emi:create/automatic_packing/minecraft/red_sandstone not present in recipe manager. Consider prefixing its path with '/' if it is synthetic.
[13:58:52] [Thread-13/ERROR] (EMI) [EMI] Recipe emi:create/automatic_packing/minecraft/cut_sandstone not present in recipe manager. Consider prefixing its path with '/' if it is synthetic.
[13:58:52] [Thread-13/ERROR] (EMI) [EMI] Recipe emi:create/automatic_packing/minecraft/deepslate_tiles not present in recipe manager. Consider prefixing its path with '/' if it is synthetic.
[13:58:52] [Thread-13/ERROR] (EMI) [EMI] Recipe emi:create/automatic_packing/minecraft/gold_block not present in recipe manager. Consider prefixing its path with '/' if it is synthetic.
[13:58:52] [Thread-13/ERROR] (EMI) [EMI] Recipe emi:create/automatic_packing/minecraft/cherry_wood not present in recipe manager. Consider prefixing its path with '/' if it is synthetic.
[13:58:52] [Thread-13/ERROR] (EMI) [EMI] Recipe emi:create/automatic_packing/minecraft/stripped_spruce_wood not present in recipe manager. Consider prefixing its path with '/' if it is synthetic.
[13:58:52] [Thread-13/ERROR] (EMI) [EMI] Recipe emi:create/automatic_packing/minecraft/acacia_wood not present in recipe manager. Consider prefixing its path with '/' if it is synthetic.
[13:58:52] [Thread-13/ERROR] (EMI) [EMI] Recipe emi:create/automatic_packing/minecraft/stripped_jungle_wood not present in recipe manager. Consider prefixing its path with '/' if it is synthetic.
[13:58:52] [Thread-13/ERROR] (EMI) [EMI] Recipe emi:create/automatic_packing/minecraft/polished_andesite not present in recipe manager. Consider prefixing its path with '/' if it is synthetic.
[13:58:52] [Thread-13/ERROR] (EMI) [EMI] Recipe create:conversion_0 not present in recipe manager. Consider prefixing its path with '/' if it is synthetic.
[13:58:52] [Thread-13/ERROR] (EMI) [EMI] Recipe create:conversion_1 not present in recipe manager. Consider prefixing its path with '/' if it is synthetic.
[13:58:52] [Thread-13/ERROR] (EMI) [EMI] Recipe create:conversion_2 not present in recipe manager. Consider prefixing its path with '/' if it is synthetic.
[13:58:52] [Thread-13/ERROR] (EMI) [EMI] Recipe create:conversion_3 not present in recipe manager. Consider prefixing its path with '/' if it is synthetic.
[13:58:52] [Thread-13/ERROR] (EMI) [EMI] Recipe emi:create/filling/minecraft/bucket/with/minecraft/water not present in recipe manager. Consider prefixing its path with '/' if it is synthetic.
[13:58:52] [Thread-13/ERROR] (EMI) [EMI] Recipe emi:create/filling/minecraft/bucket/with/minecraft/lava not present in recipe manager. Consider prefixing its path with '/' if it is synthetic.
[13:58:52] [Thread-13/ERROR] (EMI) [EMI] Recipe emi:create/filling/minecraft/bucket/with/create/honey not present in recipe manager. Consider prefixing its path with '/' if it is synthetic.
[13:58:52] [Thread-13/ERROR] (EMI) [EMI] Recipe emi:create/filling/minecraft/bucket/with/create/chocolate not present in recipe manager. Consider prefixing its path with '/' if it is synthetic.
[13:58:52] [Thread-13/ERROR] (EMI) [EMI] Recipe emi:create/filling/minecraft/bucket/with/milk/still_milk not present in recipe manager. Consider prefixing its path with '/' if it is synthetic.
[13:58:52] [Thread-13/ERROR] (EMI) [EMI] Recipe emi:create/filling/minecraft/bucket/with/smorestuff/marshmallow_still not present in recipe manager. Consider prefixing its path with '/' if it is synthetic.
[13:58:52] [Thread-13/ERROR] (EMI) [EMI] Recipe emi:create/draining/minecraft/water_bucket/from/minecraft/water not present in recipe manager. Consider prefixing its path with '/' if it is synthetic.
[13:58:52] [Thread-13/ERROR] (EMI) [EMI] Recipe emi:create/draining/minecraft/lava_bucket/from/minecraft/lava not present in recipe manager. Consider prefixing its path with '/' if it is synthetic.
[13:58:52] [Thread-13/ERROR] (EMI) [EMI] Recipe emi:create/draining/minecraft/milk_bucket/from/milk/still_milk not present in recipe manager. Consider prefixing its path with '/' if it is synthetic.
[13:58:52] [Thread-13/ERROR] (EMI) [EMI] Recipe emi:create/draining/minecraft/honey_bottle/from/create/honey not present in recipe manager. Consider prefixing its path with '/' if it is synthetic.
[13:58:52] [Thread-13/ERROR] (EMI) [EMI] Recipe emi:create/potion_filling/minecraft/water/from/minecraft/potion not present in recipe manager. Consider prefixing its path with '/' if it is synthetic.
[13:58:52] [Thread-13/ERROR] (EMI) [EMI] Recipe emi:create/potion_draining/minecraft/water/from/minecraft/potion not present in recipe manager. Consider prefixing its path with '/' if it is synthetic.
[13:58:52] [Thread-13/ERROR] (EMI) [EMI] Recipe emi:create/potion_filling/minecraft/mundane/from/minecraft/potion not present in recipe manager. Consider prefixing its path with '/' if it is synthetic.
[13:58:52] [Thread-13/ERROR] (EMI) [EMI] Recipe emi:create/potion_draining/minecraft/mundane/from/minecraft/potion not present in recipe manager. Consider prefixing its path with '/' if it is synthetic.
[13:58:52] [Thread-13/ERROR] (EMI) [EMI] Recipe emi:create/potion_filling/minecraft/thick/from/minecraft/potion not present in recipe manager. Consider prefixing its path with '/' if it is synthetic.
[13:58:52] [Thread-13/ERROR] (EMI) [EMI] Recipe emi:create/potion_draining/minecraft/thick/from/minecraft/potion not present in recipe manager. Consider prefixing its path with '/' if it is synthetic.
[13:58:52] [Thread-13/ERROR] (EMI) [EMI] Recipe emi:create/potion_filling/minecraft/awkward/from/minecraft/potion not present in recipe manager. Consider prefixing its path with '/' if it is synthetic.
[13:58:52] [Thread-13/ERROR] (EMI) [EMI] Recipe emi:create/potion_draining/minecraft/awkward/from/minecraft/potion not present in recipe manager. Consider prefixing its path with '/' if it is synthetic.
[13:58:52] [Thread-13/ERROR] (EMI) [EMI] Recipe emi:create/potion_filling/minecraft/night_vision/from/minecraft/potion not present in recipe manager. Consider prefixing its path with '/' if it is synthetic.
[13:58:52] [Thread-13/ERROR] (EMI) [EMI] Recipe emi:create/potion_draining/minecraft/night_vision/from/minecraft/potion not present in recipe manager. Consider prefixing its path with '/' if it is synthetic.
[13:58:52] [Thread-13/ERROR] (EMI) [EMI] Recipe emi:create/potion_filling/minecraft/long_night_vision/from/minecraft/potion not present in recipe manager. Consider prefixing its path with '/' if it is synthetic.
[13:58:52] [Thread-13/ERROR] (EMI) [EMI] Recipe emi:create/potion_draining/minecraft/long_night_vision/from/minecraft/potion not present in recipe manager. Consider prefixing its path with '/' if it is synthetic.
[13:58:52] [Thread-13/ERROR] (EMI) [EMI] Recipe emi:create/potion_filling/minecraft/invisibility/from/minecraft/potion not present in recipe manager. Consider prefixing its path with '/' if it is synthetic.
[13:58:52] [Thread-13/ERROR] (EMI) [EMI] Recipe emi:create/potion_draining/minecraft/invisibility/from/minecraft/potion not present in recipe manager. Consider prefixing its path with '/' if it is synthetic.
[13:58:52] [Thread-13/ERROR] (EMI) [EMI] Recipe emi:create/potion_filling/minecraft/long_invisibility/from/minecraft/potion not present in recipe manager. Consider prefixing its path with '/' if it is synthetic.
[13:58:52] [Thread-13/ERROR] (EMI) [EMI] Recipe emi:create/potion_draining/minecraft/long_invisibility/from/minecraft/potion not present in recipe manager. Consider prefixing its path with '/' if it is synthetic.
[13:58:52] [Thread-13/ERROR] (EMI) [EMI] Recipe emi:create/potion_filling/minecraft/leaping/from/minecraft/potion not present in recipe manager. Consider prefixing its path with '/' if it is synthetic.
[13:58:52] [Thread-13/ERROR] (EMI) [EMI] Recipe emi:create/potion_draining/minecraft/leaping/from/minecraft/potion not present in recipe manager. Consider prefixing its path with '/' if it is synthetic.
[13:58:52] [Thread-13/ERROR] (EMI) [EMI] Recipe emi:create/potion_filling/minecraft/long_leaping/from/minecraft/potion not present in recipe manager. Consider prefixing its path with '/' if it is synthetic.
[13:58:52] [Thread-13/ERROR] (EMI) [EMI] Recipe emi:create/potion_draining/minecraft/long_leaping/from/minecraft/potion not present in recipe manager. Consider prefixing its path with '/' if it is synthetic.
[13:58:52] [Thread-13/ERROR] (EMI) [EMI] Recipe emi:create/potion_filling/minecraft/strong_leaping/from/minecraft/potion not present in recipe manager. Consider prefixing its path with '/' if it is synthetic.
[13:58:52] [Thread-13/ERROR] (EMI) [EMI] Recipe emi:create/potion_draining/minecraft/strong_leaping/from/minecraft/potion not present in recipe manager. Consider prefixing its path with '/' if it is synthetic.
[13:58:52] [Thread-13/ERROR] (EMI) [EMI] Recipe emi:create/potion_filling/minecraft/fire_resistance/from/minecraft/potion not present in recipe manager. Consider prefixing its path with '/' if it is synthetic.
[13:58:52] [Thread-13/ERROR] (EMI) [EMI] Recipe emi:create/potion_draining/minecraft/fire_resistance/from/minecraft/potion not present in recipe manager. Consider prefixing its path with '/' if it is synthetic.
[13:58:52] [Thread-13/ERROR] (EMI) [EMI] Recipe emi:create/potion_filling/minecraft/long_fire_resistance/from/minecraft/potion not present in recipe manager. Consider prefixing its path with '/' if it is synthetic.
[13:58:52] [Thread-13/ERROR] (EMI) [EMI] Recipe emi:create/potion_draining/minecraft/long_fire_resistance/from/minecraft/potion not present in recipe manager. Consider prefixing its path with '/' if it is synthetic.
[13:58:52] [Thread-13/ERROR] (EMI) [EMI] Recipe emi:create/potion_filling/minecraft/swiftness/from/minecraft/potion not present in recipe manager. Consider prefixing its path with '/' if it is synthetic.
[13:58:52] [Thread-13/ERROR] (EMI) [EMI] Recipe emi:create/potion_draining/minecraft/swiftness/from/minecraft/potion not present in recipe manager. Consider prefixing its path with '/' if it is synthetic.
[13:58:52] [Thread-13/ERROR] (EMI) [EMI] Recipe emi:create/potion_filling/minecraft/long_swiftness/from/minecraft/potion not present in recipe manager. Consider prefixing its path with '/' if it is synthetic.
[13:58:52] [Thread-13/ERROR] (EMI) [EMI] Recipe emi:create/potion_draining/minecraft/long_swiftness/from/minecraft/potion not present in recipe manager. Consider prefixing its path with '/' if it is synthetic.
[13:58:52] [Thread-13/ERROR] (EMI) [EMI] Recipe emi:create/potion_filling/minecraft/strong_swiftness/from/minecraft/potion not present in recipe manager. Consider prefixing its path with '/' if it is synthetic.
[13:58:52] [Thread-13/ERROR] (EMI) [EMI] Recipe emi:create/potion_draining/minecraft/strong_swiftness/from/minecraft/potion not present in recipe manager. Consider prefixing its path with '/' if it is synthetic.
[13:58:52] [Thread-13/ERROR] (EMI) [EMI] Recipe emi:create/potion_filling/minecraft/slowness/from/minecraft/potion not present in recipe manager. Consider prefixing its path with '/' if it is synthetic.
[13:58:52] [Thread-13/ERROR] (EMI) [EMI] Recipe emi:create/potion_draining/minecraft/slowness/from/minecraft/potion not present in recipe manager. Consider prefixing its path with '/' if it is synthetic.
[13:58:52] [Thread-13/ERROR] (EMI) [EMI] Recipe emi:create/potion_filling/minecraft/long_slowness/from/minecraft/potion not present in recipe manager. Consider prefixing its path with '/' if it is synthetic.
[13:58:52] [Thread-13/ERROR] (EMI) [EMI] Recipe emi:create/potion_draining/minecraft/long_slowness/from/minecraft/potion not present in recipe manager. Consider prefixing its path with '/' if it is synthetic.
[13:58:52] [Thread-13/ERROR] (EMI) [EMI] Recipe emi:create/potion_filling/minecraft/strong_slowness/from/minecraft/potion not present in recipe manager. Consider prefixing its path with '/' if it is synthetic.
[13:58:52] [Thread-13/ERROR] (EMI) [EMI] Recipe emi:create/potion_draining/minecraft/strong_slowness/from/minecraft/potion not present in recipe manager. Consider prefixing its path with '/' if it is synthetic.
[13:58:52] [Thread-13/ERROR] (EMI) [EMI] Recipe emi:create/potion_filling/minecraft/turtle_master/from/minecraft/potion not present in recipe manager. Consider prefixing its path with '/' if it is synthetic.
[13:58:52] [Thread-13/ERROR] (EMI) [EMI] Recipe emi:create/potion_draining/minecraft/turtle_master/from/minecraft/potion not present in recipe manager. Consider prefixing its path with '/' if it is synthetic.
[13:58:52] [Thread-13/ERROR] (EMI) [EMI] Recipe emi:create/potion_filling/minecraft/long_turtle_master/from/minecraft/potion not present in recipe manager. Consider prefixing its path with '/' if it is synthetic.
[13:58:52] [Thread-13/ERROR] (EMI) [EMI] Recipe emi:create/potion_draining/minecraft/long_turtle_master/from/minecraft/potion not present in recipe manager. Consider prefixing its path with '/' if it is synthetic.
[13:58:52] [Thread-13/ERROR] (EMI) [EMI] Recipe emi:create/potion_filling/minecraft/strong_turtle_master/from/minecraft/potion not present in recipe manager. Consider prefixing its path with '/' if it is synthetic.
[13:58:52] [Thread-13/ERROR] (EMI) [EMI] Recipe emi:create/potion_draining/minecraft/strong_turtle_master/from/minecraft/potion not present in recipe manager. Consider prefixing its path with '/' if it is synthetic.
[13:58:52] [Thread-13/ERROR] (EMI) [EMI] Recipe emi:create/potion_filling/minecraft/water_breathing/from/minecraft/potion not present in recipe manager. Consider prefixing its path with '/' if it is synthetic.
[13:58:52] [Thread-13/ERROR] (EMI) [EMI] Recipe emi:create/potion_draining/minecraft/water_breathing/from/minecraft/potion not present in recipe manager. Consider prefixing its path with '/' if it is synthetic.
[13:58:52] [Thread-13/ERROR] (EMI) [EMI] Recipe emi:create/potion_filling/minecraft/long_water_breathing/from/minecraft/potion not present in recipe manager. Consider prefixing its path with '/' if it is synthetic.
[13:58:52] [Thread-13/ERROR] (EMI) [EMI] Recipe emi:create/potion_draining/minecraft/long_water_breathing/from/minecraft/potion not present in recipe manager. Consider prefixing its path with '/' if it is synthetic.
[13:58:52] [Thread-13/ERROR] (EMI) [EMI] Recipe emi:create/potion_filling/minecraft/healing/from/minecraft/potion not present in recipe manager. Consider prefixing its path with '/' if it is synthetic.
[13:58:52] [Thread-13/ERROR] (EMI) [EMI] Recipe emi:create/potion_draining/minecraft/healing/from/minecraft/potion not present in recipe manager. Consider prefixing its path with '/' if it is synthetic.
[13:58:52] [Thread-13/ERROR] (EMI) [EMI] Recipe emi:create/potion_filling/minecraft/strong_healing/from/minecraft/potion not present in recipe manager. Consider prefixing its path with '/' if it is synthetic.
[13:58:52] [Thread-13/ERROR] (EMI) [EMI] Recipe emi:create/potion_draining/minecraft/strong_healing/from/minecraft/potion not present in recipe manager. Consider prefixing its path with '/' if it is synthetic.
[13:58:52] [Thread-13/ERROR] (EMI) [EMI] Recipe emi:create/potion_filling/minecraft/harming/from/minecraft/potion not present in recipe manager. Consider prefixing its path with '/' if it is synthetic.
[13:58:52] [Thread-13/ERROR] (EMI) [EMI] Recipe emi:create/potion_draining/minecraft/harming/from/minecraft/potion not present in recipe manager. Consider prefixing its path with '/' if it is synthetic.
[13:58:52] [Thread-13/ERROR] (EMI) [EMI] Recipe emi:create/potion_filling/minecraft/strong_harming/from/minecraft/potion not present in recipe manager. Consider prefixing its path with '/' if it is synthetic.
[13:58:52] [Thread-13/ERROR] (EMI) [EMI] Recipe emi:create/potion_draining/minecraft/strong_harming/from/minecraft/potion not present in recipe manager. Consider prefixing its path with '/' if it is synthetic.
[13:58:52] [Thread-13/ERROR] (EMI) [EMI] Recipe emi:create/potion_filling/minecraft/poison/from/minecraft/potion not present in recipe manager. Consider prefixing its path with '/' if it is synthetic.
[13:58:52] [Thread-13/ERROR] (EMI) [EMI] Recipe emi:create/potion_draining/minecraft/poison/from/minecraft/potion not present in recipe manager. Consider prefixing its path with '/' if it is synthetic.
[13:58:52] [Thread-13/ERROR] (EMI) [EMI] Recipe emi:create/potion_filling/minecraft/long_poison/from/minecraft/potion not present in recipe manager. Consider prefixing its path with '/' if it is synthetic.
[13:58:52] [Thread-13/ERROR] (EMI) [EMI] Recipe emi:create/potion_draining/minecraft/long_poison/from/minecraft/potion not present in recipe manager. Consider prefixing its path with '/' if it is synthetic.
[13:58:52] [Thread-13/ERROR] (EMI) [EMI] Recipe emi:create/potion_filling/minecraft/strong_poison/from/minecraft/potion not present in recipe manager. Consider prefixing its path with '/' if it is synthetic.
[13:58:52] [Thread-13/ERROR] (EMI) [EMI] Recipe emi:create/potion_draining/minecraft/strong_poison/from/minecraft/potion not present in recipe manager. Consider prefixing its path with '/' if it is synthetic.
[13:58:52] [Thread-13/ERROR] (EMI) [EMI] Recipe emi:create/potion_filling/minecraft/regeneration/from/minecraft/potion not present in recipe manager. Consider prefixing its path with '/' if it is synthetic.
[13:58:52] [Thread-13/ERROR] (EMI) [EMI] Recipe emi:create/potion_draining/minecraft/regeneration/from/minecraft/potion not present in recipe manager. Consider prefixing its path with '/' if it is synthetic.
[13:58:52] [Thread-13/ERROR] (EMI) [EMI] Recipe emi:create/potion_filling/minecraft/long_regeneration/from/minecraft/potion not present in recipe manager. Consider prefixing its path with '/' if it is synthetic.
[13:58:52] [Thread-13/ERROR] (EMI) [EMI] Recipe emi:create/potion_draining/minecraft/long_regeneration/from/minecraft/potion not present in recipe manager. Consider prefixing its path with '/' if it is synthetic.
[13:58:52] [Thread-13/ERROR] (EMI) [EMI] Recipe emi:create/potion_filling/minecraft/strong_regeneration/from/minecraft/potion not present in recipe manager. Consider prefixing its path with '/' if it is synthetic.
[13:58:52] [Thread-13/ERROR] (EMI) [EMI] Recipe emi:create/potion_draining/minecraft/strong_regeneration/from/minecraft/potion not present in recipe manager. Consider prefixing its path with '/' if it is synthetic.
[13:58:52] [Thread-13/ERROR] (EMI) [EMI] Recipe emi:create/potion_filling/minecraft/strength/from/minecraft/potion not present in recipe manager. Consider prefixing its path with '/' if it is synthetic.
[13:58:52] [Thread-13/ERROR] (EMI) [EMI] Recipe emi:create/potion_draining/minecraft/strength/from/minecraft/potion not present in recipe manager. Consider prefixing its path with '/' if it is synthetic.
[13:58:52] [Thread-13/ERROR] (EMI) [EMI] Recipe emi:create/potion_filling/minecraft/long_strength/from/minecraft/potion not present in recipe manager. Consider prefixing its path with '/' if it is synthetic.
[13:58:52] [Thread-13/ERROR] (EMI) [EMI] Recipe emi:create/potion_draining/minecraft/long_strength/from/minecraft/potion not present in recipe manager. Consider prefixing its path with '/' if it is synthetic.
[13:58:52] [Thread-13/ERROR] (EMI) [EMI] Recipe emi:create/potion_filling/minecraft/strong_strength/from/minecraft/potion not present in recipe manager. Consider prefixing its path with '/' if it is synthetic.
[13:58:52] [Thread-13/ERROR] (EMI) [EMI] Recipe emi:create/potion_draining/minecraft/strong_strength/from/minecraft/potion not present in recipe manager. Consider prefixing its path with '/' if it is synthetic.
[13:58:52] [Thread-13/ERROR] (EMI) [EMI] Recipe emi:create/potion_filling/minecraft/weakness/from/minecraft/potion not present in recipe manager. Consider prefixing its path with '/' if it is synthetic.
[13:58:52] [Thread-13/ERROR] (EMI) [EMI] Recipe emi:create/potion_draining/minecraft/weakness/from/minecraft/potion not present in recipe manager. Consider prefixing its path with '/' if it is synthetic.
[13:58:52] [Thread-13/ERROR] (EMI) [EMI] Recipe emi:create/potion_filling/minecraft/long_weakness/from/minecraft/potion not present in recipe manager. Consider prefixing its path with '/' if it is synthetic.
[13:58:52] [Thread-13/ERROR] (EMI) [EMI] Recipe emi:create/potion_draining/minecraft/long_weakness/from/minecraft/potion not present in recipe manager. Consider prefixing its path with '/' if it is synthetic.
[13:58:52] [Thread-13/ERROR] (EMI) [EMI] Recipe emi:create/potion_filling/minecraft/luck/from/minecraft/potion not present in recipe manager. Consider prefixing its path with '/' if it is synthetic.
[13:58:52] [Thread-13/ERROR] (EMI) [EMI] Recipe emi:create/potion_draining/minecraft/luck/from/minecraft/potion not present in recipe manager. Consider prefixing its path with '/' if it is synthetic.
[13:58:52] [Thread-13/ERROR] (EMI) [EMI] Recipe emi:create/potion_filling/minecraft/slow_falling/from/minecraft/potion not present in recipe manager. Consider prefixing its path with '/' if it is synthetic.
[13:58:52] [Thread-13/ERROR] (EMI) [EMI] Recipe emi:create/potion_draining/minecraft/slow_falling/from/minecraft/potion not present in recipe manager. Consider prefixing its path with '/' if it is synthetic.
[13:58:52] [Thread-13/ERROR] (EMI) [EMI] Recipe emi:create/potion_filling/minecraft/long_slow_falling/from/minecraft/potion not present in recipe manager. Consider prefixing its path with '/' if it is synthetic.
[13:58:52] [Thread-13/ERROR] (EMI) [EMI] Recipe emi:create/potion_draining/minecraft/long_slow_falling/from/minecraft/potion not present in recipe manager. Consider prefixing its path with '/' if it is synthetic.
[13:58:52] [Thread-13/ERROR] (EMI) [EMI] Recipe emi:create/potion_filling/minecraft/water/from/minecraft/splash_potion not present in recipe manager. Consider prefixing its path with '/' if it is synthetic.
[13:58:52] [Thread-13/ERROR] (EMI) [EMI] Recipe emi:create/potion_draining/minecraft/water/from/minecraft/splash_potion not present in recipe manager. Consider prefixing its path with '/' if it is synthetic.
[13:58:52] [Thread-13/ERROR] (EMI) [EMI] Recipe emi:create/potion_filling/minecraft/mundane/from/minecraft/splash_potion not present in recipe manager. Consider prefixing its path with '/' if it is synthetic.
[13:58:52] [Thread-13/ERROR] (EMI) [EMI] Recipe emi:create/potion_draining/minecraft/mundane/from/minecraft/splash_potion not present in recipe manager. Consider prefixing its path with '/' if it is synthetic.
[13:58:52] [Thread-13/ERROR] (EMI) [EMI] Recipe emi:create/potion_filling/minecraft/thick/from/minecraft/splash_potion not present in recipe manager. Consider prefixing its path with '/' if it is synthetic.
[13:58:52] [Thread-13/ERROR] (EMI) [EMI] Recipe emi:create/potion_draining/minecraft/thick/from/minecraft/splash_potion not present in recipe manager. Consider prefixing its path with '/' if it is synthetic.
[13:58:52] [Thread-13/ERROR] (EMI) [EMI] Recipe emi:create/potion_filling/minecraft/awkward/from/minecraft/splash_potion not present in recipe manager. Consider prefixing its path with '/' if it is synthetic.
[13:58:52] [Thread-13/ERROR] (EMI) [EMI] Recipe emi:create/potion_draining/minecraft/awkward/from/minecraft/splash_potion not present in recipe manager. Consider prefixing its path with '/' if it is synthetic.
[13:58:52] [Thread-13/ERROR] (EMI) [EMI] Recipe emi:create/potion_filling/minecraft/night_vision/from/minecraft/splash_potion not present in recipe manager. Consider prefixing its path with '/' if it is synthetic.
[13:58:52] [Thread-13/ERROR] (EMI) [EMI] Recipe emi:create/potion_draining/minecraft/night_vision/from/minecraft/splash_potion not present in recipe manager. Consider prefixing its path with '/' if it is synthetic.
[13:58:52] [Thread-13/ERROR] (EMI) [EMI] Recipe emi:create/potion_filling/minecraft/long_night_vision/from/minecraft/splash_potion not present in recipe manager. Consider prefixing its path with '/' if it is synthetic.
[13:58:52] [Thread-13/ERROR] (EMI) [EMI] Recipe emi:create/potion_draining/minecraft/long_night_vision/from/minecraft/splash_potion not present in recipe manager. Consider prefixing its path with '/' if it is synthetic.
[13:58:52] [Thread-13/ERROR] (EMI) [EMI] Recipe emi:create/potion_filling/minecraft/invisibility/from/minecraft/splash_potion not present in recipe manager. Consider prefixing its path with '/' if it is synthetic.
[13:58:52] [Thread-13/ERROR] (EMI) [EMI] Recipe emi:create/potion_draining/minecraft/invisibility/from/minecraft/splash_potion not present in recipe manager. Consider prefixing its path with '/' if it is synthetic.
[13:58:52] [Thread-13/ERROR] (EMI) [EMI] Recipe emi:create/potion_filling/minecraft/long_invisibility/from/minecraft/splash_potion not present in recipe manager. Consider prefixing its path with '/' if it is synthetic.
[13:58:52] [Thread-13/ERROR] (EMI) [EMI] Recipe emi:create/potion_draining/minecraft/long_invisibility/from/minecraft/splash_potion not present in recipe manager. Consider prefixing its path with '/' if it is synthetic.
[13:58:52] [Thread-13/ERROR] (EMI) [EMI] Recipe emi:create/potion_filling/minecraft/leaping/from/minecraft/splash_potion not present in recipe manager. Consider prefixing its path with '/' if it is synthetic.
[13:58:52] [Thread-13/ERROR] (EMI) [EMI] Recipe emi:create/potion_draining/minecraft/leaping/from/minecraft/splash_potion not present in recipe manager. Consider prefixing its path with '/' if it is synthetic.
[13:58:52] [Thread-13/ERROR] (EMI) [EMI] Recipe emi:create/potion_filling/minecraft/long_leaping/from/minecraft/splash_potion not present in recipe manager. Consider prefixing its path with '/' if it is synthetic.
[13:58:52] [Thread-13/ERROR] (EMI) [EMI] Recipe emi:create/potion_draining/minecraft/long_leaping/from/minecraft/splash_potion not present in recipe manager. Consider prefixing its path with '/' if it is synthetic.
[13:58:52] [Thread-13/ERROR] (EMI) [EMI] Recipe emi:create/potion_filling/minecraft/strong_leaping/from/minecraft/splash_potion not present in recipe manager. Consider prefixing its path with '/' if it is synthetic.
[13:58:52] [Thread-13/ERROR] (EMI) [EMI] Recipe emi:create/potion_draining/minecraft/strong_leaping/from/minecraft/splash_potion not present in recipe manager. Consider prefixing its path with '/' if it is synthetic.
[13:58:52] [Thread-13/ERROR] (EMI) [EMI] Recipe emi:create/potion_filling/minecraft/fire_resistance/from/minecraft/splash_potion not present in recipe manager. Consider prefixing its path with '/' if it is synthetic.
[13:58:52] [Thread-13/ERROR] (EMI) [EMI] Recipe emi:create/potion_draining/minecraft/fire_resistance/from/minecraft/splash_potion not present in recipe manager. Consider prefixing its path with '/' if it is synthetic.
[13:58:52] [Thread-13/ERROR] (EMI) [EMI] Recipe emi:create/potion_filling/minecraft/long_fire_resistance/from/minecraft/splash_potion not present in recipe manager. Consider prefixing its path with '/' if it is synthetic.
[13:58:52] [Thread-13/ERROR] (EMI) [EMI] Recipe emi:create/potion_draining/minecraft/long_fire_resistance/from/minecraft/splash_potion not present in recipe manager. Consider prefixing its path with '/' if it is synthetic.
[13:58:52] [Thread-13/ERROR] (EMI) [EMI] Recipe emi:create/potion_filling/minecraft/swiftness/from/minecraft/splash_potion not present in recipe manager. Consider prefixing its path with '/' if it is synthetic.
[13:58:52] [Thread-13/ERROR] (EMI) [EMI] Recipe emi:create/potion_draining/minecraft/swiftness/from/minecraft/splash_potion not present in recipe manager. Consider prefixing its path with '/' if it is synthetic.
[13:58:52] [Thread-13/ERROR] (EMI) [EMI] Recipe emi:create/potion_filling/minecraft/long_swiftness/from/minecraft/splash_potion not present in recipe manager. Consider prefixing its path with '/' if it is synthetic.
[13:58:52] [Thread-13/ERROR] (EMI) [EMI] Recipe emi:create/potion_draining/minecraft/long_swiftness/from/minecraft/splash_potion not present in recipe manager. Consider prefixing its path with '/' if it is synthetic.
[13:58:52] [Thread-13/ERROR] (EMI) [EMI] Recipe emi:create/potion_filling/minecraft/strong_swiftness/from/minecraft/splash_potion not present in recipe manager. Consider prefixing its path with '/' if it is synthetic.
[13:58:52] [Thread-13/ERROR] (EMI) [EMI] Recipe emi:create/potion_draining/minecraft/strong_swiftness/from/minecraft/splash_potion not present in recipe manager. Consider prefixing its path with '/' if it is synthetic.
[13:58:52] [Thread-13/ERROR] (EMI) [EMI] Recipe emi:create/potion_filling/minecraft/slowness/from/minecraft/splash_potion not present in recipe manager. Consider prefixing its path with '/' if it is synthetic.
[13:58:52] [Thread-13/ERROR] (EMI) [EMI] Recipe emi:create/potion_draining/minecraft/slowness/from/minecraft/splash_potion not present in recipe manager. Consider prefixing its path with '/' if it is synthetic.
[13:58:52] [Thread-13/ERROR] (EMI) [EMI] Recipe emi:create/potion_filling/minecraft/long_slowness/from/minecraft/splash_potion not present in recipe manager. Consider prefixing its path with '/' if it is synthetic.
[13:58:52] [Thread-13/ERROR] (EMI) [EMI] Recipe emi:create/potion_draining/minecraft/long_slowness/from/minecraft/splash_potion not present in recipe manager. Consider prefixing its path with '/' if it is synthetic.
[13:58:52] [Thread-13/ERROR] (EMI) [EMI] Recipe emi:create/potion_filling/minecraft/strong_slowness/from/minecraft/splash_potion not present in recipe manager. Consider prefixing its path with '/' if it is synthetic.
[13:58:52] [Thread-13/ERROR] (EMI) [EMI] Recipe emi:create/potion_draining/minecraft/strong_slowness/from/minecraft/splash_potion not present in recipe manager. Consider prefixing its path with '/' if it is synthetic.
[13:58:52] [Thread-13/ERROR] (EMI) [EMI] Recipe emi:create/potion_filling/minecraft/turtle_master/from/minecraft/splash_potion not present in recipe manager. Consider prefixing its path with '/' if it is synthetic.
[13:58:52] [Thread-13/ERROR] (EMI) [EMI] Recipe emi:create/potion_draining/minecraft/turtle_master/from/minecraft/splash_potion not present in recipe manager. Consider prefixing its path with '/' if it is synthetic.
[13:58:52] [Thread-13/ERROR] (EMI) [EMI] Recipe emi:create/potion_filling/minecraft/long_turtle_master/from/minecraft/splash_potion not present in recipe manager. Consider prefixing its path with '/' if it is synthetic.
[13:58:52] [Thread-13/ERROR] (EMI) [EMI] Recipe emi:create/potion_draining/minecraft/long_turtle_master/from/minecraft/splash_potion not present in recipe manager. Consider prefixing its path with '/' if it is synthetic.
[13:58:52] [Thread-13/ERROR] (EMI) [EMI] Recipe emi:create/potion_filling/minecraft/strong_turtle_master/from/minecraft/splash_potion not present in recipe manager. Consider prefixing its path with '/' if it is synthetic.
[13:58:52] [Thread-13/ERROR] (EMI) [EMI] Recipe emi:create/potion_draining/minecraft/strong_turtle_master/from/minecraft/splash_potion not present in recipe manager. Consider prefixing its path with '/' if it is synthetic.
[13:58:52] [Thread-13/ERROR] (EMI) [EMI] Recipe emi:create/potion_filling/minecraft/water_breathing/from/minecraft/splash_potion not present in recipe manager. Consider prefixing its path with '/' if it is synthetic.
[13:58:52] [Thread-13/ERROR] (EMI) [EMI] Recipe emi:create/potion_draining/minecraft/water_breathing/from/minecraft/splash_potion not present in recipe manager. Consider prefixing its path with '/' if it is synthetic.
[13:58:52] [Thread-13/ERROR] (EMI) [EMI] Recipe emi:create/potion_filling/minecraft/long_water_breathing/from/minecraft/splash_potion not present in recipe manager. Consider prefixing its path with '/' if it is synthetic.
[13:58:52] [Thread-13/ERROR] (EMI) [EMI] Recipe emi:create/potion_draining/minecraft/long_water_breathing/from/minecraft/splash_potion not present in recipe manager. Consider prefixing its path with '/' if it is synthetic.
[13:58:52] [Thread-13/ERROR] (EMI) [EMI] Recipe emi:create/potion_filling/minecraft/healing/from/minecraft/splash_potion not present in recipe manager. Consider prefixing its path with '/' if it is synthetic.
[13:58:52] [Thread-13/ERROR] (EMI) [EMI] Recipe emi:create/potion_draining/minecraft/healing/from/minecraft/splash_potion not present in recipe manager. Consider prefixing its path with '/' if it is synthetic.
[13:58:52] [Thread-13/ERROR] (EMI) [EMI] Recipe emi:create/potion_filling/minecraft/strong_healing/from/minecraft/splash_potion not present in recipe manager. Consider prefixing its path with '/' if it is synthetic.
[13:58:52] [Thread-13/ERROR] (EMI) [EMI] Recipe emi:create/potion_draining/minecraft/strong_healing/from/minecraft/splash_potion not present in recipe manager. Consider prefixing its path with '/' if it is synthetic.
[13:58:52] [Thread-13/ERROR] (EMI) [EMI] Recipe emi:create/potion_filling/minecraft/harming/from/minecraft/splash_potion not present in recipe manager. Consider prefixing its path with '/' if it is synthetic.
[13:58:52] [Thread-13/ERROR] (EMI) [EMI] Recipe emi:create/potion_draining/minecraft/harming/from/minecraft/splash_potion not present in recipe manager. Consider prefixing its path with '/' if it is synthetic.
[13:58:52] [Thread-13/ERROR] (EMI) [EMI] Recipe emi:create/potion_filling/minecraft/strong_harming/from/minecraft/splash_potion not present in recipe manager. Consider prefixing its path with '/' if it is synthetic.
[13:58:52] [Thread-13/ERROR] (EMI) [EMI] Recipe emi:create/potion_draining/minecraft/strong_harming/from/minecraft/splash_potion not present in recipe manager. Consider prefixing its path with '/' if it is synthetic.
[13:58:52] [Thread-13/ERROR] (EMI) [EMI] Recipe emi:create/potion_filling/minecraft/poison/from/minecraft/splash_potion not present in recipe manager. Consider prefixing its path with '/' if it is synthetic.
[13:58:52] [Thread-13/ERROR] (EMI) [EMI] Recipe emi:create/potion_draining/minecraft/poison/from/minecraft/splash_potion not present in recipe manager. Consider prefixing its path with '/' if it is synthetic.
[13:58:52] [Thread-13/ERROR] (EMI) [EMI] Recipe emi:create/potion_filling/minecraft/long_poison/from/minecraft/splash_potion not present in recipe manager. Consider prefixing its path with '/' if it is synthetic.
[13:58:52] [Thread-13/ERROR] (EMI) [EMI] Recipe emi:create/potion_draining/minecraft/long_poison/from/minecraft/splash_potion not present in recipe manager. Consider prefixing its path with '/' if it is synthetic.
[13:58:52] [Thread-13/ERROR] (EMI) [EMI] Recipe emi:create/potion_filling/minecraft/strong_poison/from/minecraft/splash_potion not present in recipe manager. Consider prefixing its path with '/' if it is synthetic.
[13:58:52] [Thread-13/ERROR] (EMI) [EMI] Recipe emi:create/potion_draining/minecraft/strong_poison/from/minecraft/splash_potion not present in recipe manager. Consider prefixing its path with '/' if it is synthetic.
[13:58:52] [Thread-13/ERROR] (EMI) [EMI] Recipe emi:create/potion_filling/minecraft/regeneration/from/minecraft/splash_potion not present in recipe manager. Consider prefixing its path with '/' if it is synthetic.
[13:58:52] [Thread-13/ERROR] (EMI) [EMI] Recipe emi:create/potion_draining/minecraft/regeneration/from/minecraft/splash_potion not present in recipe manager. Consider prefixing its path with '/' if it is synthetic.
[13:58:52] [Thread-13/ERROR] (EMI) [EMI] Recipe emi:create/potion_filling/minecraft/long_regeneration/from/minecraft/splash_potion not present in recipe manager. Consider prefixing its path with '/' if it is synthetic.
[13:58:52] [Thread-13/ERROR] (EMI) [EMI] Recipe emi:create/potion_draining/minecraft/long_regeneration/from/minecraft/splash_potion not present in recipe manager. Consider prefixing its path with '/' if it is synthetic.
[13:58:52] [Thread-13/ERROR] (EMI) [EMI] Recipe emi:create/potion_filling/minecraft/strong_regeneration/from/minecraft/splash_potion not present in recipe manager. Consider prefixing its path with '/' if it is synthetic.
[13:58:52] [Thread-13/ERROR] (EMI) [EMI] Recipe emi:create/potion_draining/minecraft/strong_regeneration/from/minecraft/splash_potion not present in recipe manager. Consider prefixing its path with '/' if it is synthetic.
[13:58:52] [Thread-13/ERROR] (EMI) [EMI] Recipe emi:create/potion_filling/minecraft/strength/from/minecraft/splash_potion not present in recipe manager. Consider prefixing its path with '/' if it is synthetic.
[13:58:52] [Thread-13/ERROR] (EMI) [EMI] Recipe emi:create/potion_draining/minecraft/strength/from/minecraft/splash_potion not present in recipe manager. Consider prefixing its path with '/' if it is synthetic.
[13:58:52] [Thread-13/ERROR] (EMI) [EMI] Recipe emi:create/potion_filling/minecraft/long_strength/from/minecraft/splash_potion not present in recipe manager. Consider prefixing its path with '/' if it is synthetic.
[13:58:52] [Thread-13/ERROR] (EMI) [EMI] Recipe emi:create/potion_draining/minecraft/long_strength/from/minecraft/splash_potion not present in recipe manager. Consider prefixing its path with '/' if it is synthetic.
[13:58:52] [Thread-13/ERROR] (EMI) [EMI] Recipe emi:create/potion_filling/minecraft/strong_strength/from/minecraft/splash_potion not present in recipe manager. Consider prefixing its path with '/' if it is synthetic.
[13:58:52] [Thread-13/ERROR] (EMI) [EMI] Recipe emi:create/potion_draining/minecraft/strong_strength/from/minecraft/splash_potion not present in recipe manager. Consider prefixing its path with '/' if it is synthetic.
[13:58:52] [Thread-13/ERROR] (EMI) [EMI] Recipe emi:create/potion_filling/minecraft/weakness/from/minecraft/splash_potion not present in recipe manager. Consider prefixing its path with '/' if it is synthetic.
[13:58:52] [Thread-13/ERROR] (EMI) [EMI] Recipe emi:create/potion_draining/minecraft/weakness/from/minecraft/splash_potion not present in recipe manager. Consider prefixing its path with '/' if it is synthetic.
[13:58:52] [Thread-13/ERROR] (EMI) [EMI] Recipe emi:create/potion_filling/minecraft/long_weakness/from/minecraft/splash_potion not present in recipe manager. Consider prefixing its path with '/' if it is synthetic.
[13:58:52] [Thread-13/ERROR] (EMI) [EMI] Recipe emi:create/potion_draining/minecraft/long_weakness/from/minecraft/splash_potion not present in recipe manager. Consider prefixing its path with '/' if it is synthetic.
[13:58:52] [Thread-13/ERROR] (EMI) [EMI] Recipe emi:create/potion_filling/minecraft/luck/from/minecraft/splash_potion not present in recipe manager. Consider prefixing its path with '/' if it is synthetic.
[13:58:52] [Thread-13/ERROR] (EMI) [EMI] Recipe emi:create/potion_draining/minecraft/luck/from/minecraft/splash_potion not present in recipe manager. Consider prefixing its path with '/' if it is synthetic.
[13:58:52] [Thread-13/ERROR] (EMI) [EMI] Recipe emi:create/potion_filling/minecraft/slow_falling/from/minecraft/splash_potion not present in recipe manager. Consider prefixing its path with '/' if it is synthetic.
[13:58:52] [Thread-13/ERROR] (EMI) [EMI] Recipe emi:create/potion_draining/minecraft/slow_falling/from/minecraft/splash_potion not present in recipe manager. Consider prefixing its path with '/' if it is synthetic.
[13:58:52] [Thread-13/ERROR] (EMI) [EMI] Recipe emi:create/potion_filling/minecraft/long_slow_falling/from/minecraft/splash_potion not present in recipe manager. Consider prefixing its path with '/' if it is synthetic.
[13:58:52] [Thread-13/ERROR] (EMI) [EMI] Recipe emi:create/potion_draining/minecraft/long_slow_falling/from/minecraft/splash_potion not present in recipe manager. Consider prefixing its path with '/' if it is synthetic.
[13:58:52] [Thread-13/ERROR] (EMI) [EMI] Recipe emi:create/potion_filling/minecraft/water/from/minecraft/lingering_potion not present in recipe manager. Consider prefixing its path with '/' if it is synthetic.
[13:58:52] [Thread-13/ERROR] (EMI) [EMI] Recipe emi:create/potion_draining/minecraft/water/from/minecraft/lingering_potion not present in recipe manager. Consider prefixing its path with '/' if it is synthetic.
[13:58:52] [Thread-13/ERROR] (EMI) [EMI] Recipe emi:create/potion_filling/minecraft/mundane/from/minecraft/lingering_potion not present in recipe manager. Consider prefixing its path with '/' if it is synthetic.
[13:58:52] [Thread-13/ERROR] (EMI) [EMI] Recipe emi:create/potion_draining/minecraft/mundane/from/minecraft/lingering_potion not present in recipe manager. Consider prefixing its path with '/' if it is synthetic.
[13:58:52] [Thread-13/ERROR] (EMI) [EMI] Recipe emi:create/potion_filling/minecraft/thick/from/minecraft/lingering_potion not present in recipe manager. Consider prefixing its path with '/' if it is synthetic.
[13:58:52] [Thread-13/ERROR] (EMI) [EMI] Recipe emi:create/potion_draining/minecraft/thick/from/minecraft/lingering_potion not present in recipe manager. Consider prefixing its path with '/' if it is synthetic.
[13:58:52] [Thread-13/ERROR] (EMI) [EMI] Recipe emi:create/potion_filling/minecraft/awkward/from/minecraft/lingering_potion not present in recipe manager. Consider prefixing its path with '/' if it is synthetic.
[13:58:52] [Thread-13/ERROR] (EMI) [EMI] Recipe emi:create/potion_draining/minecraft/awkward/from/minecraft/lingering_potion not present in recipe manager. Consider prefixing its path with '/' if it is synthetic.
[13:58:52] [Thread-13/ERROR] (EMI) [EMI] Recipe emi:create/potion_filling/minecraft/night_vision/from/minecraft/lingering_potion not present in recipe manager. Consider prefixing its path with '/' if it is synthetic.
[13:58:52] [Thread-13/ERROR] (EMI) [EMI] Recipe emi:create/potion_draining/minecraft/night_vision/from/minecraft/lingering_potion not present in recipe manager. Consider prefixing its path with '/' if it is synthetic.
[13:58:52] [Thread-13/ERROR] (EMI) [EMI] Recipe emi:create/potion_filling/minecraft/long_night_vision/from/minecraft/lingering_potion not present in recipe manager. Consider prefixing its path with '/' if it is synthetic.
[13:58:52] [Thread-13/ERROR] (EMI) [EMI] Recipe emi:create/potion_draining/minecraft/long_night_vision/from/minecraft/lingering_potion not present in recipe manager. Consider prefixing its path with '/' if it is synthetic.
[13:58:52] [Thread-13/ERROR] (EMI) [EMI] Recipe emi:create/potion_filling/minecraft/invisibility/from/minecraft/lingering_potion not present in recipe manager. Consider prefixing its path with '/' if it is synthetic.
[13:58:52] [Thread-13/ERROR] (EMI) [EMI] Recipe emi:create/potion_draining/minecraft/invisibility/from/minecraft/lingering_potion not present in recipe manager. Consider prefixing its path with '/' if it is synthetic.
[13:58:52] [Thread-13/ERROR] (EMI) [EMI] Recipe emi:create/potion_filling/minecraft/long_invisibility/from/minecraft/lingering_potion not present in recipe manager. Consider prefixing its path with '/' if it is synthetic.
[13:58:52] [Thread-13/ERROR] (EMI) [EMI] Recipe emi:create/potion_draining/minecraft/long_invisibility/from/minecraft/lingering_potion not present in recipe manager. Consider prefixing its path with '/' if it is synthetic.
[13:58:52] [Thread-13/ERROR] (EMI) [EMI] Recipe emi:create/potion_filling/minecraft/leaping/from/minecraft/lingering_potion not present in recipe manager. Consider prefixing its path with '/' if it is synthetic.
[13:58:52] [Thread-13/ERROR] (EMI) [EMI] Recipe emi:create/potion_draining/minecraft/leaping/from/minecraft/lingering_potion not present in recipe manager. Consider prefixing its path with '/' if it is synthetic.
[13:58:52] [Thread-13/ERROR] (EMI) [EMI] Recipe emi:create/potion_filling/minecraft/long_leaping/from/minecraft/lingering_potion not present in recipe manager. Consider prefixing its path with '/' if it is synthetic.
[13:58:52] [Thread-13/ERROR] (EMI) [EMI] Recipe emi:create/potion_draining/minecraft/long_leaping/from/minecraft/lingering_potion not present in recipe manager. Consider prefixing its path with '/' if it is synthetic.
[13:58:52] [Thread-13/ERROR] (EMI) [EMI] Recipe emi:create/potion_filling/minecraft/strong_leaping/from/minecraft/lingering_potion not present in recipe manager. Consider prefixing its path with '/' if it is synthetic.
[13:58:52] [Thread-13/ERROR] (EMI) [EMI] Recipe emi:create/potion_draining/minecraft/strong_leaping/from/minecraft/lingering_potion not present in recipe manager. Consider prefixing its path with '/' if it is synthetic.
[13:58:52] [Thread-13/ERROR] (EMI) [EMI] Recipe emi:create/potion_filling/minecraft/fire_resistance/from/minecraft/lingering_potion not present in recipe manager. Consider prefixing its path with '/' if it is synthetic.
[13:58:52] [Thread-13/ERROR] (EMI) [EMI] Recipe emi:create/potion_draining/minecraft/fire_resistance/from/minecraft/lingering_potion not present in recipe manager. Consider prefixing its path with '/' if it is synthetic.
[13:58:52] [Thread-13/ERROR] (EMI) [EMI] Recipe emi:create/potion_filling/minecraft/long_fire_resistance/from/minecraft/lingering_potion not present in recipe manager. Consider prefixing its path with '/' if it is synthetic.
[13:58:52] [Thread-13/ERROR] (EMI) [EMI] Recipe emi:create/potion_draining/minecraft/long_fire_resistance/from/minecraft/lingering_potion not present in recipe manager. Consider prefixing its path with '/' if it is synthetic.
[13:58:52] [Thread-13/ERROR] (EMI) [EMI] Recipe emi:create/potion_filling/minecraft/swiftness/from/minecraft/lingering_potion not present in recipe manager. Consider prefixing its path with '/' if it is synthetic.
[13:58:52] [Thread-13/ERROR] (EMI) [EMI] Recipe emi:create/potion_draining/minecraft/swiftness/from/minecraft/lingering_potion not present in recipe manager. Consider prefixing its path with '/' if it is synthetic.
[13:58:52] [Thread-13/ERROR] (EMI) [EMI] Recipe emi:create/potion_filling/minecraft/long_swiftness/from/minecraft/lingering_potion not present in recipe manager. Consider prefixing its path with '/' if it is synthetic.
[13:58:52] [Thread-13/ERROR] (EMI) [EMI] Recipe emi:create/potion_draining/minecraft/long_swiftness/from/minecraft/lingering_potion not present in recipe manager. Consider prefixing its path with '/' if it is synthetic.
[13:58:52] [Thread-13/ERROR] (EMI) [EMI] Recipe emi:create/potion_filling/minecraft/strong_swiftness/from/minecraft/lingering_potion not present in recipe manager. Consider prefixing its path with '/' if it is synthetic.
[13:58:52] [Thread-13/ERROR] (EMI) [EMI] Recipe emi:create/potion_draining/minecraft/strong_swiftness/from/minecraft/lingering_potion not present in recipe manager. Consider prefixing its path with '/' if it is synthetic.
[13:58:52] [Thread-13/ERROR] (EMI) [EMI] Recipe emi:create/potion_filling/minecraft/slowness/from/minecraft/lingering_potion not present in recipe manager. Consider prefixing its path with '/' if it is synthetic.
[13:58:52] [Thread-13/ERROR] (EMI) [EMI] Recipe emi:create/potion_draining/minecraft/slowness/from/minecraft/lingering_potion not present in recipe manager. Consider prefixing its path with '/' if it is synthetic.
[13:58:52] [Thread-13/ERROR] (EMI) [EMI] Recipe emi:create/potion_filling/minecraft/long_slowness/from/minecraft/lingering_potion not present in recipe manager. Consider prefixing its path with '/' if it is synthetic.
[13:58:52] [Thread-13/ERROR] (EMI) [EMI] Recipe emi:create/potion_draining/minecraft/long_slowness/from/minecraft/lingering_potion not present in recipe manager. Consider prefixing its path with '/' if it is synthetic.
[13:58:52] [Thread-13/ERROR] (EMI) [EMI] Recipe emi:create/potion_filling/minecraft/strong_slowness/from/minecraft/lingering_potion not present in recipe manager. Consider prefixing its path with '/' if it is synthetic.
[13:58:52] [Thread-13/ERROR] (EMI) [EMI] Recipe emi:create/potion_draining/minecraft/strong_slowness/from/minecraft/lingering_potion not present in recipe manager. Consider prefixing its path with '/' if it is synthetic.
[13:58:52] [Thread-13/ERROR] (EMI) [EMI] Recipe emi:create/potion_filling/minecraft/turtle_master/from/minecraft/lingering_potion not present in recipe manager. Consider prefixing its path with '/' if it is synthetic.
[13:58:52] [Thread-13/ERROR] (EMI) [EMI] Recipe emi:create/potion_draining/minecraft/turtle_master/from/minecraft/lingering_potion not present in recipe manager. Consider prefixing its path with '/' if it is synthetic.
[13:58:52] [Thread-13/ERROR] (EMI) [EMI] Recipe emi:create/potion_filling/minecraft/long_turtle_master/from/minecraft/lingering_potion not present in recipe manager. Consider prefixing its path with '/' if it is synthetic.
[13:58:52] [Thread-13/ERROR] (EMI) [EMI] Recipe emi:create/potion_draining/minecraft/long_turtle_master/from/minecraft/lingering_potion not present in recipe manager. Consider prefixing its path with '/' if it is synthetic.
[13:58:52] [Thread-13/ERROR] (EMI) [EMI] Recipe emi:create/potion_filling/minecraft/strong_turtle_master/from/minecraft/lingering_potion not present in recipe manager. Consider prefixing its path with '/' if it is synthetic.
[13:58:52] [Thread-13/ERROR] (EMI) [EMI] Recipe emi:create/potion_draining/minecraft/strong_turtle_master/from/minecraft/lingering_potion not present in recipe manager. Consider prefixing its path with '/' if it is synthetic.
[13:58:52] [Thread-13/ERROR] (EMI) [EMI] Recipe emi:create/potion_filling/minecraft/water_breathing/from/minecraft/lingering_potion not present in recipe manager. Consider prefixing its path with '/' if it is synthetic.
[13:58:52] [Thread-13/ERROR] (EMI) [EMI] Recipe emi:create/potion_draining/minecraft/water_breathing/from/minecraft/lingering_potion not present in recipe manager. Consider prefixing its path with '/' if it is synthetic.
[13:58:52] [Thread-13/ERROR] (EMI) [EMI] Recipe emi:create/potion_filling/minecraft/long_water_breathing/from/minecraft/lingering_potion not present in recipe manager. Consider prefixing its path with '/' if it is synthetic.
[13:58:52] [Thread-13/ERROR] (EMI) [EMI] Recipe emi:create/potion_draining/minecraft/long_water_breathing/from/minecraft/lingering_potion not present in recipe manager. Consider prefixing its path with '/' if it is synthetic.
[13:58:52] [Thread-13/ERROR] (EMI) [EMI] Recipe emi:create/potion_filling/minecraft/healing/from/minecraft/lingering_potion not present in recipe manager. Consider prefixing its path with '/' if it is synthetic.
[13:58:52] [Thread-13/ERROR] (EMI) [EMI] Recipe emi:create/potion_draining/minecraft/healing/from/minecraft/lingering_potion not present in recipe manager. Consider prefixing its path with '/' if it is synthetic.
[13:58:52] [Thread-13/ERROR] (EMI) [EMI] Recipe emi:create/potion_filling/minecraft/strong_healing/from/minecraft/lingering_potion not present in recipe manager. Consider prefixing its path with '/' if it is synthetic.
[13:58:52] [Thread-13/ERROR] (EMI) [EMI] Recipe emi:create/potion_draining/minecraft/strong_healing/from/minecraft/lingering_potion not present in recipe manager. Consider prefixing its path with '/' if it is synthetic.
[13:58:52] [Thread-13/ERROR] (EMI) [EMI] Recipe emi:create/potion_filling/minecraft/harming/from/minecraft/lingering_potion not present in recipe manager. Consider prefixing its path with '/' if it is synthetic.
[13:58:52] [Thread-13/ERROR] (EMI) [EMI] Recipe emi:create/potion_draining/minecraft/harming/from/minecraft/lingering_potion not present in recipe manager. Consider prefixing its path with '/' if it is synthetic.
[13:58:52] [Thread-13/ERROR] (EMI) [EMI] Recipe emi:create/potion_filling/minecraft/strong_harming/from/minecraft/lingering_potion not present in recipe manager. Consider prefixing its path with '/' if it is synthetic.
[13:58:52] [Thread-13/ERROR] (EMI) [EMI] Recipe emi:create/potion_draining/minecraft/strong_harming/from/minecraft/lingering_potion not present in recipe manager. Consider prefixing its path with '/' if it is synthetic.
[13:58:52] [Thread-13/ERROR] (EMI) [EMI] Recipe emi:create/potion_filling/minecraft/poison/from/minecraft/lingering_potion not present in recipe manager. Consider prefixing its path with '/' if it is synthetic.
[13:58:52] [Thread-13/ERROR] (EMI) [EMI] Recipe emi:create/potion_draining/minecraft/poison/from/minecraft/lingering_potion not present in recipe manager. Consider prefixing its path with '/' if it is synthetic.
[13:58:52] [Thread-13/ERROR] (EMI) [EMI] Recipe emi:create/potion_filling/minecraft/long_poison/from/minecraft/lingering_potion not present in recipe manager. Consider prefixing its path with '/' if it is synthetic.
[13:58:52] [Thread-13/ERROR] (EMI) [EMI] Recipe emi:create/potion_draining/minecraft/long_poison/from/minecraft/lingering_potion not present in recipe manager. Consider prefixing its path with '/' if it is synthetic.
[13:58:52] [Thread-13/ERROR] (EMI) [EMI] Recipe emi:create/potion_filling/minecraft/strong_poison/from/minecraft/lingering_potion not present in recipe manager. Consider prefixing its path with '/' if it is synthetic.
[13:58:52] [Thread-13/ERROR] (EMI) [EMI] Recipe emi:create/potion_draining/minecraft/strong_poison/from/minecraft/lingering_potion not present in recipe manager. Consider prefixing its path with '/' if it is synthetic.
[13:58:52] [Thread-13/ERROR] (EMI) [EMI] Recipe emi:create/potion_filling/minecraft/regeneration/from/minecraft/lingering_potion not present in recipe manager. Consider prefixing its path with '/' if it is synthetic.
[13:58:52] [Thread-13/ERROR] (EMI) [EMI] Recipe emi:create/potion_draining/minecraft/regeneration/from/minecraft/lingering_potion not present in recipe manager. Consider prefixing its path with '/' if it is synthetic.
[13:58:52] [Thread-13/ERROR] (EMI) [EMI] Recipe emi:create/potion_filling/minecraft/long_regeneration/from/minecraft/lingering_potion not present in recipe manager. Consider prefixing its path with '/' if it is synthetic.
[13:58:52] [Thread-13/ERROR] (EMI) [EMI] Recipe emi:create/potion_draining/minecraft/long_regeneration/from/minecraft/lingering_potion not present in recipe manager. Consider prefixing its path with '/' if it is synthetic.
[13:58:52] [Thread-13/ERROR] (EMI) [EMI] Recipe emi:create/potion_filling/minecraft/strong_regeneration/from/minecraft/lingering_potion not present in recipe manager. Consider prefixing its path with '/' if it is synthetic.
[13:58:52] [Thread-13/ERROR] (EMI) [EMI] Recipe emi:create/potion_draining/minecraft/strong_regeneration/from/minecraft/lingering_potion not present in recipe manager. Consider prefixing its path with '/' if it is synthetic.
[13:58:52] [Thread-13/ERROR] (EMI) [EMI] Recipe emi:create/potion_filling/minecraft/strength/from/minecraft/lingering_potion not present in recipe manager. Consider prefixing its path with '/' if it is synthetic.
[13:58:52] [Thread-13/ERROR] (EMI) [EMI] Recipe emi:create/potion_draining/minecraft/strength/from/minecraft/lingering_potion not present in recipe manager. Consider prefixing its path with '/' if it is synthetic.
[13:58:52] [Thread-13/ERROR] (EMI) [EMI] Recipe emi:create/potion_filling/minecraft/long_strength/from/minecraft/lingering_potion not present in recipe manager. Consider prefixing its path with '/' if it is synthetic.
[13:58:52] [Thread-13/ERROR] (EMI) [EMI] Recipe emi:create/potion_draining/minecraft/long_strength/from/minecraft/lingering_potion not present in recipe manager. Consider prefixing its path with '/' if it is synthetic.
[13:58:52] [Thread-13/ERROR] (EMI) [EMI] Recipe emi:create/potion_filling/minecraft/strong_strength/from/minecraft/lingering_potion not present in recipe manager. Consider prefixing its path with '/' if it is synthetic.
[13:58:52] [Thread-13/ERROR] (EMI) [EMI] Recipe emi:create/potion_draining/minecraft/strong_strength/from/minecraft/lingering_potion not present in recipe manager. Consider prefixing its path with '/' if it is synthetic.
[13:58:52] [Thread-13/ERROR] (EMI) [EMI] Recipe emi:create/potion_filling/minecraft/weakness/from/minecraft/lingering_potion not present in recipe manager. Consider prefixing its path with '/' if it is synthetic.
[13:58:52] [Thread-13/ERROR] (EMI) [EMI] Recipe emi:create/potion_draining/minecraft/weakness/from/minecraft/lingering_potion not present in recipe manager. Consider prefixing its path with '/' if it is synthetic.
[13:58:52] [Thread-13/ERROR] (EMI) [EMI] Recipe emi:create/potion_filling/minecraft/long_weakness/from/minecraft/lingering_potion not present in recipe manager. Consider prefixing its path with '/' if it is synthetic.
[13:58:52] [Thread-13/ERROR] (EMI) [EMI] Recipe emi:create/potion_draining/minecraft/long_weakness/from/minecraft/lingering_potion not present in recipe manager. Consider prefixing its path with '/' if it is synthetic.
[13:58:52] [Thread-13/ERROR] (EMI) [EMI] Recipe emi:create/potion_filling/minecraft/luck/from/minecraft/lingering_potion not present in recipe manager. Consider prefixing its path with '/' if it is synthetic.
[13:58:52] [Thread-13/ERROR] (EMI) [EMI] Recipe emi:create/potion_draining/minecraft/luck/from/minecraft/lingering_potion not present in recipe manager. Consider prefixing its path with '/' if it is synthetic.
[13:58:52] [Thread-13/ERROR] (EMI) [EMI] Recipe emi:create/potion_filling/minecraft/slow_falling/from/minecraft/lingering_potion not present in recipe manager. Consider prefixing its path with '/' if it is synthetic.
[13:58:52] [Thread-13/ERROR] (EMI) [EMI] Recipe emi:create/potion_draining/minecraft/slow_falling/from/minecraft/lingering_potion not present in recipe manager. Consider prefixing its path with '/' if it is synthetic.
[13:58:52] [Thread-13/ERROR] (EMI) [EMI] Recipe emi:create/potion_filling/minecraft/long_slow_falling/from/minecraft/lingering_potion not present in recipe manager. Consider prefixing its path with '/' if it is synthetic.
[13:58:52] [Thread-13/ERROR] (EMI) [EMI] Recipe emi:create/potion_draining/minecraft/long_slow_falling/from/minecraft/lingering_potion not present in recipe manager. Consider prefixing its path with '/' if it is synthetic.
[13:58:52] [Thread-13/ERROR] (EMI) [EMI] Recipe emi:create/filling/minecraft/glass_bottle/with/create/honey not present in recipe manager. Consider prefixing its path with '/' if it is synthetic.
[13:58:52] [Thread-13/ERROR] (EMI) [EMI] Recipe emi:create/draining/create/builders_tea/from/create/tea not present in recipe manager. Consider prefixing its path with '/' if it is synthetic.
[13:58:52] [Thread-13/ERROR] (EMI) [EMI] Recipe emi:create/draining/create/honey_bucket/from/create/honey not present in recipe manager. Consider prefixing its path with '/' if it is synthetic.
[13:58:52] [Thread-13/ERROR] (EMI) [EMI] Recipe emi:create/draining/create/chocolate_bucket/from/create/chocolate not present in recipe manager. Consider prefixing its path with '/' if it is synthetic.
[13:58:52] [Thread-13/ERROR] (EMI) [EMI] Recipe emi:create/draining/smorestuff/marshmallow_bucket/from/smorestuff/marshmallow_still not present in recipe manager. Consider prefixing its path with '/' if it is synthetic.
[13:58:52] [Thread-11/INFO] (EMI) [EMI] Finishing up
[13:58:52] [Thread-11/INFO] (EMI) [EMI] Reloaded EMI in 1082ms
[13:58:52] [Thread-13/INFO] (EMI) [EMI] Baked recipes after reload in 238ms
[13:59:07] [Server thread/INFO] (Minecraft) Saving and pausing game...
[13:59:07] [Server thread/INFO] (Minecraft) Saving chunks for level 'ServerLevel[Test World]'/minecraft:overworld
[13:59:07] [Server thread/INFO] (Minecraft) Saving chunks for level 'ServerLevel[Test World]'/minecraft:the_end
[13:59:07] [Server thread/INFO] (Minecraft) Saving chunks for level 'ServerLevel[Test World]'/minecraft:the_nether
[13:59:08] [Render thread/INFO] (EMI) [EMI] Disconnecting from server, EMI data cleared
[13:59:08] [Thread-18/INFO] (EMI) [EMI] Clearing data
[13:59:08] [Server thread/INFO] (Minecraft) Player906 lost connection: Disconnected
[13:59:08] [Server thread/INFO] (Minecraft) Player906 left the game
[13:59:08] [Server thread/INFO] (Minecraft) Stopping singleplayer server as player logged out
[13:59:08] [Server thread/INFO] (Minecraft) Stopping server
[13:59:08] [Server thread/INFO] (Minecraft) Saving players
[13:59:08] [Server thread/INFO] (Minecraft) Saving worlds
[13:59:08] [Server thread/INFO] (Minecraft) Saving chunks for level 'ServerLevel[Test World]'/minecraft:overworld
[13:59:08] [Server thread/INFO] (Minecraft) Saving chunks for level 'ServerLevel[Test World]'/minecraft:the_end
[13:59:08] [Server thread/INFO] (Minecraft) Saving chunks for level 'ServerLevel[Test World]'/minecraft:the_nether
[13:59:08] [Server thread/INFO] (Minecraft) ThreadedAnvilChunkStorage (Test World): All chunks are saved
[13:59:08] [Server thread/INFO] (Minecraft) ThreadedAnvilChunkStorage (DIM1): All chunks are saved
[13:59:08] [Server thread/INFO] (Minecraft) ThreadedAnvilChunkStorage (DIM-1): All chunks are saved
[13:59:08] [Server thread/INFO] (Minecraft) ThreadedAnvilChunkStorage: All dimensions are saved
[13:59:09] [Render thread/INFO] (Minecraft) Stopping!
[13:59:09] [Render thread/INFO] (EMI) [EMI] Disconnecting from server, EMI data cleared
[13:59:09] [Thread-20/INFO] (EMI) [EMI] Clearing data
